12:00:28.929 AM PushEmail START
12:00:28.960 AM IsOnline
12:00:28.960 AM {
  "Host": "email.vnpt.vn",
  "Port": 587,
  "UserCredential": "portal-noreply.kha@vnpt.vn",
  "UserCredentialName": "VNPT_CRM",
  "UPass": "G3g@Ht%H",
  "EnableSsl": false
}
12:00:30.570 AM PushEmail END
12:01:00.788 AM PushEmail START
12:01:00.804 AM IsOnline
12:01:00.820 AM {
  "Host": "email.vnpt.vn",
  "Port": 587,
  "UserCredential": "portal-noreply.kha@vnpt.vn",
  "UserCredentialName": "VNPT_CRM",
  "UPass": "G3g@Ht%H",
  "EnableSsl": false
}
12:01:02.195 AM PushEmail END
12:01:33.726 AM PushEmail START
12:01:33.742 AM IsOnline
12:01:33.757 AM {
  "Host": "email.vnpt.vn",
  "Port": 587,
  "UserCredential": "portal-noreply.kha@vnpt.vn",
  "UserCredentialName": "VNPT_CRM",
  "UPass": "G3g@Ht%H",
  "EnableSsl": false
}
12:01:34.788 AM PushEmail END
12:01:52.929 AM System.Web.Mvc The controller for path '/favicon.ico' was not found or does not implement IController.
12:01:52.929 AM Stack: at System.Web.Mvc.DefaultControllerFactory.GetControllerInstance(RequestContext requestContext, Type controllerType)
   at System.Web.Mvc.MvcHandler.ProcessRequestInit(HttpContextBase httpContext, IController& controller, IControllerFactory& factory)
   at System.Web.Mvc.MvcHandler.BeginProcessRequest(HttpContextBase httpContext, AsyncCallback callback, Object state)
   at System.Web.HttpApplication.CallHandlerExecutionStep.System.Web.HttpApplication.IExecutionStep.Execute()
   at System.Web.HttpApplication.ExecuteStepImpl(IExecutionStep step)
   at System.Web.HttpApplication.ExecuteStep(IExecutionStep step, Boolean& completedSynchronously)
12:01:57.914 AM System.Web.Mvc The controller for path '/favicon.ico' was not found or does not implement IController.
12:01:57.914 AM Stack: at System.Web.Mvc.DefaultControllerFactory.GetControllerInstance(RequestContext requestContext, Type controllerType)
   at System.Web.Mvc.MvcHandler.ProcessRequestInit(HttpContextBase httpContext, IController& controller, IControllerFactory& factory)
   at System.Web.Mvc.MvcHandler.BeginProcessRequest(HttpContextBase httpContext, AsyncCallback callback, Object state)
   at System.Web.HttpApplication.CallHandlerExecutionStep.System.Web.HttpApplication.IExecutionStep.Execute()
   at System.Web.HttpApplication.ExecuteStepImpl(IExecutionStep step)
   at System.Web.HttpApplication.ExecuteStep(IExecutionStep step, Boolean& completedSynchronously)
12:03:29.523 AM PushEmail START
12:03:29.554 AM IsOnline
12:03:29.554 AM {
  "Host": "email.vnpt.vn",
  "Port": 587,
  "UserCredential": "portal-noreply.kha@vnpt.vn",
  "UserCredentialName": "VNPT_CRM",
  "UPass": "G3g@Ht%H",
  "EnableSsl": false
}
12:03:30.507 AM PushEmail END
12:03:32.070 AM PushEmail START
12:03:32.101 AM IsOnline
12:03:32.101 AM {
  "Host": "email.vnpt.vn",
  "Port": 587,
  "UserCredential": "portal-noreply.kha@vnpt.vn",
  "UserCredentialName": "VNPT_CRM",
  "UPass": "G3g@Ht%H",
  "EnableSsl": false
}
12:03:33.039 AM PushEmail END
12:03:54.148 AM PushEmail START
12:03:54.179 AM IsOnline
12:03:54.179 AM {
  "Host": "email.vnpt.vn",
  "Port": 587,
  "UserCredential": "portal-noreply.kha@vnpt.vn",
  "UserCredentialName": "VNPT_CRM",
  "UPass": "G3g@Ht%H",
  "EnableSsl": false
}
12:03:55.211 AM PushEmail END
12:04:35.508 AM PushEmail START
12:04:35.539 AM IsOnline
12:04:35.539 AM {
  "Host": "email.vnpt.vn",
  "Port": 587,
  "UserCredential": "portal-noreply.kha@vnpt.vn",
  "UserCredentialName": "VNPT_CRM",
  "UPass": "G3g@Ht%H",
  "EnableSsl": false
}
12:04:36.554 AM PushEmail END
12:04:37.992 AM PushEmail START
12:04:38.023 AM IsOnline
12:04:38.054 AM {
  "Host": "email.vnpt.vn",
  "Port": 587,
  "UserCredential": "portal-noreply.kha@vnpt.vn",
  "UserCredentialName": "VNPT_CRM",
  "UPass": "G3g@Ht%H",
  "EnableSsl": false
}
12:04:38.976 AM PushEmail END
12:05:46.726 AM PushEmail START
12:05:46.758 AM IsOnline
12:05:46.930 AM {
  "Host": "email.vnpt.vn",
  "Port": 587,
  "UserCredential": "portal-noreply.kha@vnpt.vn",
  "UserCredentialName": "VNPT_CRM",
  "UPass": "G3g@Ht%H",
  "EnableSsl": false
}
12:05:47.930 AM PushEmail END
12:06:37.727 AM PushEmail START
12:06:37.758 AM IsOnline
12:06:37.758 AM {
  "Host": "email.vnpt.vn",
  "Port": 587,
  "UserCredential": "portal-noreply.kha@vnpt.vn",
  "UserCredentialName": "VNPT_CRM",
  "UPass": "G3g@Ht%H",
  "EnableSsl": false
}
12:06:38.727 AM PushEmail END
12:06:40.211 AM PushEmail START
12:06:40.242 AM IsOnline
12:06:40.242 AM {
  "Host": "email.vnpt.vn",
  "Port": 587,
  "UserCredential": "portal-noreply.kha@vnpt.vn",
  "UserCredentialName": "VNPT_CRM",
  "UPass": "G3g@Ht%H",
  "EnableSsl": false
}
12:06:41.352 AM PushEmail END
12:07:13.445 AM PushEmail START
12:07:13.477 AM IsOnline
12:07:13.477 AM {
  "Host": "email.vnpt.vn",
  "Port": 587,
  "UserCredential": "portal-noreply.kha@vnpt.vn",
  "UserCredentialName": "VNPT_CRM",
  "UPass": "G3g@Ht%H",
  "EnableSsl": false
}
12:07:14.492 AM PushEmail END
12:07:15.805 AM PushEmail START
12:07:15.836 AM IsOnline
12:07:15.836 AM {
  "Host": "email.vnpt.vn",
  "Port": 587,
  "UserCredential": "portal-noreply.kha@vnpt.vn",
  "UserCredentialName": "VNPT_CRM",
  "UPass": "G3g@Ht%H",
  "EnableSsl": false
}
12:07:16.727 AM PushEmail END
12:07:18.398 AM PushEmail START
12:07:18.430 AM IsOnline
12:07:18.445 AM {
  "Host": "email.vnpt.vn",
  "Port": 587,
  "UserCredential": "portal-noreply.kha@vnpt.vn",
  "UserCredentialName": "VNPT_CRM",
  "UPass": "G3g@Ht%H",
  "EnableSsl": false
}
12:07:19.383 AM PushEmail END
12:08:04.242 AM PushEmail START
12:08:04.258 AM IsOnline
12:08:04.258 AM {
  "Host": "email.vnpt.vn",
  "Port": 587,
  "UserCredential": "portal-noreply.kha@vnpt.vn",
  "UserCredentialName": "VNPT_CRM",
  "UPass": "G3g@Ht%H",
  "EnableSsl": false
}
12:08:05.180 AM PushEmail END
07:49:42.278 AM System.Web.Mvc The controller for path '/robots.txt' was not found or does not implement IController.
07:49:42.278 AM Stack: at System.Web.Mvc.DefaultControllerFactory.GetControllerInstance(RequestContext requestContext, Type controllerType)
   at System.Web.Mvc.MvcHandler.ProcessRequestInit(HttpContextBase httpContext, IController& controller, IControllerFactory& factory)
   at System.Web.Mvc.MvcHandler.BeginProcessRequest(HttpContextBase httpContext, AsyncCallback callback, Object state)
   at System.Web.HttpApplication.CallHandlerExecutionStep.System.Web.HttpApplication.IExecutionStep.Execute()
   at System.Web.HttpApplication.ExecuteStepImpl(IExecutionStep step)
   at System.Web.HttpApplication.ExecuteStep(IExecutionStep step, Boolean& completedSynchronously)
08:08:56.280 AM System.Web.Mvc The controller for path '/favicon.ico' was not found or does not implement IController.
08:08:56.280 AM Stack: at System.Web.Mvc.DefaultControllerFactory.GetControllerInstance(RequestContext requestContext, Type controllerType)
   at System.Web.Mvc.MvcHandler.ProcessRequestInit(HttpContextBase httpContext, IController& controller, IControllerFactory& factory)
   at System.Web.Mvc.MvcHandler.BeginProcessRequest(HttpContextBase httpContext, AsyncCallback callback, Object state)
   at System.Web.HttpApplication.CallHandlerExecutionStep.System.Web.HttpApplication.IExecutionStep.Execute()
   at System.Web.HttpApplication.ExecuteStepImpl(IExecutionStep step)
   at System.Web.HttpApplication.ExecuteStep(IExecutionStep step, Boolean& completedSynchronously)
08:17:59.687 AM PushEmail START
08:17:59.703 AM IsOnline
08:17:59.719 AM {
  "Host": "email.vnpt.vn",
  "Port": 587,
  "UserCredential": "portal-noreply.kha@vnpt.vn",
  "UserCredentialName": "VNPT_CRM",
  "UPass": "G3g@Ht%H",
  "EnableSsl": false
}
08:18:05.625 AM PushEmail END
09:25:14.429 AM System.Web A potentially dangerous Request.Path value was detected from the client (?).
09:25:14.445 AM Stack: at System.Web.HttpRequest.ValidateInputIfRequiredByConfig()
   at System.Web.HttpApplication.PipelineStepManager.ValidateHelper(HttpContext context)
09:25:19.257 AM System.Web.Mvc The controller for path '/favicon.ico' was not found or does not implement IController.
09:25:19.257 AM Stack: at System.Web.Mvc.DefaultControllerFactory.GetControllerInstance(RequestContext requestContext, Type controllerType)
   at System.Web.Mvc.MvcHandler.ProcessRequestInit(HttpContextBase httpContext, IController& controller, IControllerFactory& factory)
   at System.Web.Mvc.MvcHandler.BeginProcessRequest(HttpContextBase httpContext, AsyncCallback callback, Object state)
   at System.Web.HttpApplication.CallHandlerExecutionStep.System.Web.HttpApplication.IExecutionStep.Execute()
   at System.Web.HttpApplication.ExecuteStepImpl(IExecutionStep step)
   at System.Web.HttpApplication.ExecuteStep(IExecutionStep step, Boolean& completedSynchronously)
09:40:43.321 AM PushEmail START
09:40:43.353 AM IsOnline
09:40:43.353 AM {
  "Host": "email.vnpt.vn",
  "Port": 587,
  "UserCredential": "portal-noreply.kha@vnpt.vn",
  "UserCredentialName": "VNPT_CRM",
  "UPass": "G3g@Ht%H",
  "EnableSsl": false
}
09:41:09.478 AM PushEmail END
09:41:10.947 AM PushEmail START
09:41:10.962 AM IsOnline
09:41:10.978 AM {
  "Host": "email.vnpt.vn",
  "Port": 587,
  "UserCredential": "portal-noreply.kha@vnpt.vn",
  "UserCredentialName": "VNPT_CRM",
  "UPass": "G3g@Ht%H",
  "EnableSsl": false
}
09:41:34.243 AM PushEmail END
09:41:35.775 AM PushEmail START
09:41:35.790 AM IsOnline
09:41:35.790 AM {
  "Host": "email.vnpt.vn",
  "Port": 587,
  "UserCredential": "portal-noreply.kha@vnpt.vn",
  "UserCredentialName": "VNPT_CRM",
  "UPass": "G3g@Ht%H",
  "EnableSsl": false
}
09:41:59.259 AM PushEmail END
09:42:00.884 AM PushEmail START
09:42:00.915 AM IsOnline
09:42:00.915 AM {
  "Host": "email.vnpt.vn",
  "Port": 587,
  "UserCredential": "portal-noreply.kha@vnpt.vn",
  "UserCredentialName": "VNPT_CRM",
  "UPass": "G3g@Ht%H",
  "EnableSsl": false
}
09:42:11.087 AM System Transaction failed. The server response was: 5.7.1 <unknown[10.159.35.133]>: Client host rejected: Access denied
09:42:11.087 AM Stack: at System.Net.Mail.RecipientCommand.CheckResponse(SmtpStatusCode statusCode, String response)
   at System.Net.Mail.SmtpTransport.SendMail(MailAddress sender, MailAddressCollection recipients, String deliveryNotify, Boolean allowUnicode, SmtpFailedRecipientException& exception)
   at System.Net.Mail.SmtpClient.Send(MailMessage message)
   at TSFramework.Libs.Providers.MailProvider.SendMail(MailModel mail)
   at TSFramework.Libs.Providers.MailProvider.PushEmail(List`1 lstMails)
09:42:11.087 AM PushEmail END
09:44:28.213 AM System.Web Server cannot set status after HTTP headers have been sent.
09:44:28.228 AM Stack: at System.Web.HttpResponse.set_StatusCode(Int32 value)
   at System.Web.Mvc.HandleErrorAttribute.OnException(ExceptionContext filterContext)
   at System.Web.Mvc.ControllerActionInvoker.InvokeExceptionFilters(ControllerContext controllerContext, IList`1 filters, Exception exception)
   at System.Web.Mvc.Async.AsyncControllerActionInvoker.<>c__DisplayClass3_1.<BeginInvokeAction>b__1(IAsyncResult asyncResult)
   at System.Web.Mvc.Async.AsyncControllerActionInvoker.EndInvokeAction(IAsyncResult asyncResult)
   at System.Web.Mvc.Controller.<>c.<BeginExecuteCore>b__152_1(IAsyncResult asyncResult, ExecuteCoreState innerState)
   at System.Web.Mvc.Async.AsyncResultWrapper.WrappedAsyncVoid`1.CallEndDelegate(IAsyncResult asyncResult)
   at System.Web.Mvc.Controller.EndExecuteCore(IAsyncResult asyncResult)
   at System.Web.Mvc.Async.AsyncResultWrapper.WrappedAsyncVoid`1.CallEndDelegate(IAsyncResult asyncResult)
   at System.Web.Mvc.Controller.EndExecute(IAsyncResult asyncResult)
   at System.Web.Mvc.MvcHandler.<>c.<BeginProcessRequest>b__20_1(IAsyncResult asyncResult, ProcessRequestState innerState)
   at System.Web.Mvc.Async.AsyncResultWrapper.WrappedAsyncVoid`1.CallEndDelegate(IAsyncResult asyncResult)
   at System.Web.Mvc.MvcHandler.EndProcessRequest(IAsyncResult asyncResult)
   at System.Web.HttpApplication.CallHandlerExecutionStep.System.Web.HttpApplication.IExecutionStep.Execute()
   at System.Web.HttpApplication.ExecuteStepImpl(IExecutionStep step)
   at System.Web.HttpApplication.ExecuteStep(IExecutionStep step, Boolean& completedSynchronously)
09:44:28.322 AM System.Web Server cannot append header after HTTP headers have been sent.
09:44:28.322 AM Stack: at System.Web.HttpHeaderCollection.SetHeader(String name, String value, Boolean replace)
   at Microsoft.Owin.Host.SystemWeb.CallHeaders.AspNetResponseHeaders.Set(String key, String[] values)
   at Microsoft.Owin.Security.OAuth.OAuthBearerAuthenticationProvider.<>c.<.ctor>b__0_2(OAuthChallengeContext context) in /_/src/Microsoft.Owin.Security.OAuth/Provider/OAuthBearerAuthenticationProvider.cs:line 24
   at Microsoft.Owin.Security.OAuth.OAuthBearerAuthenticationHandler.ApplyResponseChallengeAsync() in /_/src/Microsoft.Owin.Security.OAuth/OAuthBearerAuthenticationHandler.cs:line 119
   at Microsoft.Owin.Security.Infrastructure.AuthenticationHandler.<ApplyResponseCoreAsync>d__40.MoveNext() in /_/src/Microsoft.Owin.Security/Infrastructure/AuthenticationHandler.cs:line 179
--- End of stack trace from previous location where exception was thrown ---
   at System.Runtime.ExceptionServices.ExceptionDispatchInfo.Throw()
   at System.Runtime.CompilerServices.TaskAwaiter.HandleNonSuccessAndDebuggerNotification(Task task)
   at Microsoft.Owin.Security.Infrastructure.AuthenticationHandler.<ApplyResponseAsync>d__39.MoveNext() in /_/src/Microsoft.Owin.Security/Infrastructure/AuthenticationHandler.cs:line 167
--- End of stack trace from previous location where exception was thrown ---
   at System.Runtime.ExceptionServices.ExceptionDispatchInfo.Throw()
   at System.Runtime.CompilerServices.TaskAwaiter.HandleNonSuccessAndDebuggerNotification(Task task)
   at Microsoft.Owin.Security.Infrastructure.AuthenticationHandler.<TeardownAsync>d__34.MoveNext() in /_/src/Microsoft.Owin.Security/Infrastructure/AuthenticationHandler.cs:line 96
--- End of stack trace from previous location where exception was thrown ---
   at System.Runtime.ExceptionServices.ExceptionDispatchInfo.Throw()
   at System.Runtime.CompilerServices.TaskAwaiter.HandleNonSuccessAndDebuggerNotification(Task task)
   at Microsoft.Owin.Security.Infrastructure.AuthenticationMiddleware`1.<Invoke>d__5.MoveNext() in /_/src/Microsoft.Owin.Security/Infrastructure/AuthenticationMiddleware.cs:line 32
--- End of stack trace from previous location where exception was thrown ---
   at System.Runtime.ExceptionServices.ExceptionDispatchInfo.Throw()
   at System.Runtime.CompilerServices.TaskAwaiter.HandleNonSuccessAndDebuggerNotification(Task task)
   at Microsoft.Owin.Security.Infrastructure.AuthenticationMiddleware`1.<Invoke>d__5.MoveNext() in /_/src/Microsoft.Owin.Security/Infrastructure/AuthenticationMiddleware.cs:line 30
--- End of stack trace from previous location where exception was thrown ---
   at System.Runtime.ExceptionServices.ExceptionDispatchInfo.Throw()
   at System.Runtime.CompilerServices.TaskAwaiter.HandleNonSuccessAndDebuggerNotification(Task task)
   at Microsoft.Owin.Security.Infrastructure.AuthenticationMiddleware`1.<Invoke>d__5.MoveNext() in /_/src/Microsoft.Owin.Security/Infrastructure/AuthenticationMiddleware.cs:line 30
--- End of stack trace from previous location where exception was thrown ---
   at System.Runtime.ExceptionServices.ExceptionDispatchInfo.Throw()
   at System.Runtime.CompilerServices.TaskAwaiter.HandleNonSuccessAndDebuggerNotification(Task task)
   at Microsoft.Owin.Security.Infrastructure.AuthenticationMiddleware`1.<Invoke>d__5.MoveNext() in /_/src/Microsoft.Owin.Security/Infrastructure/AuthenticationMiddleware.cs:line 30
--- End of stack trace from previous location where exception was thrown ---
   at System.Runtime.ExceptionServices.ExceptionDispatchInfo.Throw()
   at System.Runtime.CompilerServices.TaskAwaiter.HandleNonSuccessAndDebuggerNotification(Task task)
   at Microsoft.Owin.Mapping.MapMiddleware.<Invoke>d__3.MoveNext() in /_/src/Microsoft.Owin/Mapping/MapMiddleware.cs:line 72
--- End of stack trace from previous location where exception was thrown ---
   at System.Runtime.ExceptionServices.ExceptionDispatchInfo.Throw()
   at Microsoft.Owin.Host.SystemWeb.IntegratedPipeline.StageAsyncResult.End(IAsyncResult ar)
   at System.Web.HttpApplication.AsyncEventExecutionStep.System.Web.HttpApplication.IExecutionStep.Execute()
   at System.Web.HttpApplication.ExecuteStepImpl(IExecutionStep step)
   at System.Web.HttpApplication.ExecuteStep(IExecutionStep step, Boolean& completedSynchronously)
09:52:40.073 AM PushEmail START
09:52:40.104 AM IsOnline
09:52:40.120 AM System The specified string is not in the form required for an e-mail address.
09:52:40.120 AM Stack: at System.Net.Mail.MailAddressParser.ReadCfwsAndThrowIfIncomplete(String data, Int32 index)
   at System.Net.Mail.MailAddressParser.ParseDomain(String data, Int32& index)
   at System.Net.Mail.MailAddressParser.ParseAddress(String data, Boolean expectMultipleAddresses, Int32& index)
   at System.Net.Mail.MailAddressParser.ParseAddress(String data)
   at System.Net.Mail.MailAddress..ctor(String address, String displayName, Encoding displayNameEncoding)
   at TSFramework.Libs.Providers.MailProvider.<>c__DisplayClass7_0.<SendMail>b__2(String m)
   at System.Collections.Generic.List`1.ForEach(Action`1 action)
   at TSFramework.Libs.Providers.MailProvider.SendMail(MailModel mail)
   at TSFramework.Libs.Providers.MailProvider.PushEmail(List`1 lstMails)
09:52:40.120 AM PushEmail END
09:52:41.557 AM PushEmail START
09:52:41.588 AM IsOnline
09:52:41.588 AM System The specified string is not in the form required for an e-mail address.
09:52:41.588 AM Stack: at System.Net.Mail.MailAddressParser.ReadCfwsAndThrowIfIncomplete(String data, Int32 index)
   at System.Net.Mail.MailAddressParser.ParseDomain(String data, Int32& index)
   at System.Net.Mail.MailAddressParser.ParseAddress(String data, Boolean expectMultipleAddresses, Int32& index)
   at System.Net.Mail.MailAddressParser.ParseAddress(String data)
   at System.Net.Mail.MailAddress..ctor(String address, String displayName, Encoding displayNameEncoding)
   at TSFramework.Libs.Providers.MailProvider.<>c__DisplayClass7_0.<SendMail>b__2(String m)
   at System.Collections.Generic.List`1.ForEach(Action`1 action)
   at TSFramework.Libs.Providers.MailProvider.SendMail(MailModel mail)
   at TSFramework.Libs.Providers.MailProvider.PushEmail(List`1 lstMails)
09:52:41.588 AM PushEmail END
09:52:43.276 AM PushEmail START
09:52:43.307 AM IsOnline
09:52:43.307 AM System The specified string is not in the form required for an e-mail address.
09:52:43.307 AM Stack: at System.Net.Mail.MailAddressParser.ReadCfwsAndThrowIfIncomplete(String data, Int32 index)
   at System.Net.Mail.MailAddressParser.ParseDomain(String data, Int32& index)
   at System.Net.Mail.MailAddressParser.ParseAddress(String data, Boolean expectMultipleAddresses, Int32& index)
   at System.Net.Mail.MailAddressParser.ParseAddress(String data)
   at System.Net.Mail.MailAddress..ctor(String address, String displayName, Encoding displayNameEncoding)
   at TSFramework.Libs.Providers.MailProvider.<>c__DisplayClass7_0.<SendMail>b__2(String m)
   at System.Collections.Generic.List`1.ForEach(Action`1 action)
   at TSFramework.Libs.Providers.MailProvider.SendMail(MailModel mail)
   at TSFramework.Libs.Providers.MailProvider.PushEmail(List`1 lstMails)
09:52:43.307 AM PushEmail END
09:52:45.010 AM PushEmail START
09:52:45.042 AM IsOnline
09:52:45.042 AM System The specified string is not in the form required for an e-mail address.
09:52:45.042 AM Stack: at System.Net.Mail.MailAddressParser.ReadCfwsAndThrowIfIncomplete(String data, Int32 index)
   at System.Net.Mail.MailAddressParser.ParseDomain(String data, Int32& index)
   at System.Net.Mail.MailAddressParser.ParseAddress(String data, Boolean expectMultipleAddresses, Int32& index)
   at System.Net.Mail.MailAddressParser.ParseAddress(String data)
   at System.Net.Mail.MailAddress..ctor(String address, String displayName, Encoding displayNameEncoding)
   at TSFramework.Libs.Providers.MailProvider.<>c__DisplayClass7_0.<SendMail>b__2(String m)
   at System.Collections.Generic.List`1.ForEach(Action`1 action)
   at TSFramework.Libs.Providers.MailProvider.SendMail(MailModel mail)
   at TSFramework.Libs.Providers.MailProvider.PushEmail(List`1 lstMails)
09:52:45.042 AM PushEmail END
09:52:46.682 AM PushEmail START
09:52:46.698 AM IsOnline
09:52:46.698 AM System The specified string is not in the form required for an e-mail address.
09:52:46.698 AM Stack: at System.Net.Mail.MailAddressParser.ReadCfwsAndThrowIfIncomplete(String data, Int32 index)
   at System.Net.Mail.MailAddressParser.ParseDomain(String data, Int32& index)
   at System.Net.Mail.MailAddressParser.ParseAddress(String data, Boolean expectMultipleAddresses, Int32& index)
   at System.Net.Mail.MailAddressParser.ParseAddress(String data)
   at System.Net.Mail.MailAddress..ctor(String address, String displayName, Encoding displayNameEncoding)
   at TSFramework.Libs.Providers.MailProvider.<>c__DisplayClass7_0.<SendMail>b__2(String m)
   at System.Collections.Generic.List`1.ForEach(Action`1 action)
   at TSFramework.Libs.Providers.MailProvider.SendMail(MailModel mail)
   at TSFramework.Libs.Providers.MailProvider.PushEmail(List`1 lstMails)
09:52:46.698 AM PushEmail END
09:54:00.495 AM PushEmail START
09:54:00.510 AM IsOnline
09:54:00.510 AM System The specified string is not in the form required for an e-mail address.
09:54:00.510 AM Stack: at System.Net.Mail.MailAddressParser.ReadCfwsAndThrowIfIncomplete(String data, Int32 index)
   at System.Net.Mail.MailAddressParser.ParseDomain(String data, Int32& index)
   at System.Net.Mail.MailAddressParser.ParseAddress(String data, Boolean expectMultipleAddresses, Int32& index)
   at System.Net.Mail.MailAddressParser.ParseAddress(String data)
   at System.Net.Mail.MailAddress..ctor(String address, String displayName, Encoding displayNameEncoding)
   at TSFramework.Libs.Providers.MailProvider.<>c__DisplayClass7_0.<SendMail>b__2(String m)
   at System.Collections.Generic.List`1.ForEach(Action`1 action)
   at TSFramework.Libs.Providers.MailProvider.SendMail(MailModel mail)
   at TSFramework.Libs.Providers.MailProvider.PushEmail(List`1 lstMails)
09:54:00.510 AM PushEmail END
09:54:02.198 AM PushEmail START
09:54:02.229 AM IsOnline
09:54:02.229 AM System The specified string is not in the form required for an e-mail address.
09:54:02.229 AM Stack: at System.Net.Mail.MailAddressParser.ReadCfwsAndThrowIfIncomplete(String data, Int32 index)
   at System.Net.Mail.MailAddressParser.ParseDomain(String data, Int32& index)
   at System.Net.Mail.MailAddressParser.ParseAddress(String data, Boolean expectMultipleAddresses, Int32& index)
   at System.Net.Mail.MailAddressParser.ParseAddress(String data)
   at System.Net.Mail.MailAddress..ctor(String address, String displayName, Encoding displayNameEncoding)
   at TSFramework.Libs.Providers.MailProvider.<>c__DisplayClass7_0.<SendMail>b__2(String m)
   at System.Collections.Generic.List`1.ForEach(Action`1 action)
   at TSFramework.Libs.Providers.MailProvider.SendMail(MailModel mail)
   at TSFramework.Libs.Providers.MailProvider.PushEmail(List`1 lstMails)
09:54:02.229 AM PushEmail END
09:54:03.948 AM PushEmail START
09:54:03.964 AM IsOnline
09:54:03.979 AM System The specified string is not in the form required for an e-mail address.
09:54:03.979 AM Stack: at System.Net.Mail.MailAddressParser.ReadCfwsAndThrowIfIncomplete(String data, Int32 index)
   at System.Net.Mail.MailAddressParser.ParseDomain(String data, Int32& index)
   at System.Net.Mail.MailAddressParser.ParseAddress(String data, Boolean expectMultipleAddresses, Int32& index)
   at System.Net.Mail.MailAddressParser.ParseAddress(String data)
   at System.Net.Mail.MailAddress..ctor(String address, String displayName, Encoding displayNameEncoding)
   at TSFramework.Libs.Providers.MailProvider.<>c__DisplayClass7_0.<SendMail>b__2(String m)
   at System.Collections.Generic.List`1.ForEach(Action`1 action)
   at TSFramework.Libs.Providers.MailProvider.SendMail(MailModel mail)
   at TSFramework.Libs.Providers.MailProvider.PushEmail(List`1 lstMails)
09:54:03.979 AM PushEmail END
09:54:05.714 AM PushEmail START
09:54:05.729 AM IsOnline
09:54:05.729 AM System The specified string is not in the form required for an e-mail address.
09:54:05.729 AM Stack: at System.Net.Mail.MailAddressParser.ReadCfwsAndThrowIfIncomplete(String data, Int32 index)
   at System.Net.Mail.MailAddressParser.ParseDomain(String data, Int32& index)
   at System.Net.Mail.MailAddressParser.ParseAddress(String data, Boolean expectMultipleAddresses, Int32& index)
   at System.Net.Mail.MailAddressParser.ParseAddress(String data)
   at System.Net.Mail.MailAddress..ctor(String address, String displayName, Encoding displayNameEncoding)
   at TSFramework.Libs.Providers.MailProvider.<>c__DisplayClass7_0.<SendMail>b__2(String m)
   at System.Collections.Generic.List`1.ForEach(Action`1 action)
   at TSFramework.Libs.Providers.MailProvider.SendMail(MailModel mail)
   at TSFramework.Libs.Providers.MailProvider.PushEmail(List`1 lstMails)
09:54:05.729 AM PushEmail END
09:54:07.464 AM PushEmail START
09:54:07.479 AM IsOnline
09:54:07.479 AM System The specified string is not in the form required for an e-mail address.
09:54:07.479 AM Stack: at System.Net.Mail.MailAddressParser.ReadCfwsAndThrowIfIncomplete(String data, Int32 index)
   at System.Net.Mail.MailAddressParser.ParseDomain(String data, Int32& index)
   at System.Net.Mail.MailAddressParser.ParseAddress(String data, Boolean expectMultipleAddresses, Int32& index)
   at System.Net.Mail.MailAddressParser.ParseAddress(String data)
   at System.Net.Mail.MailAddress..ctor(String address, String displayName, Encoding displayNameEncoding)
   at TSFramework.Libs.Providers.MailProvider.<>c__DisplayClass7_0.<SendMail>b__2(String m)
   at System.Collections.Generic.List`1.ForEach(Action`1 action)
   at TSFramework.Libs.Providers.MailProvider.SendMail(MailModel mail)
   at TSFramework.Libs.Providers.MailProvider.PushEmail(List`1 lstMails)
09:54:07.479 AM PushEmail END
10:16:16.137 AM PushEmail START
10:16:16.160 AM IsOnline
10:16:16.164 AM {
  "Host": "email.vnpt.vn",
  "Port": 587,
  "UserCredential": "portal-noreply.kha@vnpt.vn",
  "UserCredentialName": "VNPT_CRM",
  "UPass": "G3g@Ht%H",
  "EnableSsl": false
}
10:16:17.114 AM PushEmail END
10:17:17.664 AM PushEmail START
10:17:17.695 AM IsOnline
10:17:17.695 AM System The specified string is not in the form required for an e-mail address.
10:17:17.695 AM Stack: at System.Net.Mail.MailAddressParser.ReadCfwsAndThrowIfIncomplete(String data, Int32 index)
   at System.Net.Mail.MailAddressParser.ParseDomain(String data, Int32& index)
   at System.Net.Mail.MailAddressParser.ParseAddress(String data, Boolean expectMultipleAddresses, Int32& index)
   at System.Net.Mail.MailAddressParser.ParseAddress(String data)
   at System.Net.Mail.MailAddress..ctor(String address, String displayName, Encoding displayNameEncoding)
   at TSFramework.Libs.Providers.MailProvider.<>c__DisplayClass7_0.<SendMail>b__2(String m)
   at System.Collections.Generic.List`1.ForEach(Action`1 action)
   at TSFramework.Libs.Providers.MailProvider.SendMail(MailModel mail)
   at TSFramework.Libs.Providers.MailProvider.PushEmail(List`1 lstMails)
10:17:17.695 AM PushEmail END
10:17:19.398 AM PushEmail START
10:17:19.414 AM IsOnline
10:17:19.430 AM System The specified string is not in the form required for an e-mail address.
10:17:19.430 AM Stack: at System.Net.Mail.MailAddressParser.ReadCfwsAndThrowIfIncomplete(String data, Int32 index)
   at System.Net.Mail.MailAddressParser.ParseDomain(String data, Int32& index)
   at System.Net.Mail.MailAddressParser.ParseAddress(String data, Boolean expectMultipleAddresses, Int32& index)
   at System.Net.Mail.MailAddressParser.ParseAddress(String data)
   at System.Net.Mail.MailAddress..ctor(String address, String displayName, Encoding displayNameEncoding)
   at TSFramework.Libs.Providers.MailProvider.<>c__DisplayClass7_0.<SendMail>b__2(String m)
   at System.Collections.Generic.List`1.ForEach(Action`1 action)
   at TSFramework.Libs.Providers.MailProvider.SendMail(MailModel mail)
   at TSFramework.Libs.Providers.MailProvider.PushEmail(List`1 lstMails)
10:17:19.430 AM PushEmail END
10:17:50.649 AM PushEmail START
10:17:50.664 AM IsOnline
10:17:50.664 AM System The specified string is not in the form required for an e-mail address.
10:17:50.664 AM Stack: at System.Net.Mail.MailAddressParser.ReadCfwsAndThrowIfIncomplete(String data, Int32 index)
   at System.Net.Mail.MailAddressParser.ParseDomain(String data, Int32& index)
   at System.Net.Mail.MailAddressParser.ParseAddress(String data, Boolean expectMultipleAddresses, Int32& index)
   at System.Net.Mail.MailAddressParser.ParseAddress(String data)
   at System.Net.Mail.MailAddress..ctor(String address, String displayName, Encoding displayNameEncoding)
   at TSFramework.Libs.Providers.MailProvider.<>c__DisplayClass7_0.<SendMail>b__2(String m)
   at System.Collections.Generic.List`1.ForEach(Action`1 action)
   at TSFramework.Libs.Providers.MailProvider.SendMail(MailModel mail)
   at TSFramework.Libs.Providers.MailProvider.PushEmail(List`1 lstMails)
10:17:50.664 AM PushEmail END
10:18:36.633 AM PushEmail START
10:18:36.649 AM IsOnline
10:18:36.649 AM {
  "Host": "email.vnpt.vn",
  "Port": 587,
  "UserCredential": "portal-noreply.kha@vnpt.vn",
  "UserCredentialName": "VNPT_CRM",
  "UPass": "G3g@Ht%H",
  "EnableSsl": false
}
10:18:37.680 AM PushEmail END
10:20:41.633 AM PushEmail START
10:20:41.664 AM IsOnline
10:20:41.664 AM {
  "Host": "email.vnpt.vn",
  "Port": 587,
  "UserCredential": "portal-noreply.kha@vnpt.vn",
  "UserCredentialName": "VNPT_CRM",
  "UPass": "G3g@Ht%H",
  "EnableSsl": false
}
10:20:52.618 AM PushEmail END
10:55:49.090 AM PushEmail START
10:55:49.122 AM IsOnline
10:55:49.122 AM {
  "Host": "email.vnpt.vn",
  "Port": 587,
  "UserCredential": "portal-noreply.kha@vnpt.vn",
  "UserCredentialName": "VNPT_CRM",
  "UPass": "G3g@Ht%H",
  "EnableSsl": false
}
10:55:50.512 AM PushEmail END
10:56:59.637 AM PushEmail START
10:56:59.669 AM IsOnline
10:56:59.669 AM {
  "Host": "email.vnpt.vn",
  "Port": 587,
  "UserCredential": "portal-noreply.kha@vnpt.vn",
  "UserCredentialName": "VNPT_CRM",
  "UPass": "G3g@Ht%H",
  "EnableSsl": false
}
10:57:00.528 AM PushEmail END
11:20:31.296 AM System.Web Server cannot set status after HTTP headers have been sent.
11:20:31.296 AM Stack: at System.Web.HttpResponse.set_StatusCode(Int32 value)
   at System.Web.Mvc.HandleErrorAttribute.OnException(ExceptionContext filterContext)
   at System.Web.Mvc.ControllerActionInvoker.InvokeExceptionFilters(ControllerContext controllerContext, IList`1 filters, Exception exception)
   at System.Web.Mvc.Async.AsyncControllerActionInvoker.<>c__DisplayClass3_1.<BeginInvokeAction>b__1(IAsyncResult asyncResult)
   at System.Web.Mvc.Async.AsyncControllerActionInvoker.EndInvokeAction(IAsyncResult asyncResult)
   at System.Web.Mvc.Controller.<>c.<BeginExecuteCore>b__152_1(IAsyncResult asyncResult, ExecuteCoreState innerState)
   at System.Web.Mvc.Async.AsyncResultWrapper.WrappedAsyncVoid`1.CallEndDelegate(IAsyncResult asyncResult)
   at System.Web.Mvc.Controller.EndExecuteCore(IAsyncResult asyncResult)
   at System.Web.Mvc.Async.AsyncResultWrapper.WrappedAsyncVoid`1.CallEndDelegate(IAsyncResult asyncResult)
   at System.Web.Mvc.Controller.EndExecute(IAsyncResult asyncResult)
   at System.Web.Mvc.MvcHandler.<>c.<BeginProcessRequest>b__20_1(IAsyncResult asyncResult, ProcessRequestState innerState)
   at System.Web.Mvc.Async.AsyncResultWrapper.WrappedAsyncVoid`1.CallEndDelegate(IAsyncResult asyncResult)
   at System.Web.Mvc.MvcHandler.EndProcessRequest(IAsyncResult asyncResult)
   at System.Web.HttpApplication.CallHandlerExecutionStep.System.Web.HttpApplication.IExecutionStep.Execute()
   at System.Web.HttpApplication.ExecuteStepImpl(IExecutionStep step)
   at System.Web.HttpApplication.ExecuteStep(IExecutionStep step, Boolean& completedSynchronously)
01:22:06.676 PM System.Web.Mvc The controller for path '/.git/config' was not found or does not implement IController.
01:22:06.676 PM Stack: at System.Web.Mvc.DefaultControllerFactory.GetControllerInstance(RequestContext requestContext, Type controllerType)
   at System.Web.Mvc.MvcHandler.ProcessRequestInit(HttpContextBase httpContext, IController& controller, IControllerFactory& factory)
   at System.Web.Mvc.MvcHandler.BeginProcessRequest(HttpContextBase httpContext, AsyncCallback callback, Object state)
   at System.Web.HttpApplication.CallHandlerExecutionStep.System.Web.HttpApplication.IExecutionStep.Execute()
   at System.Web.HttpApplication.ExecuteStepImpl(IExecutionStep step)
   at System.Web.HttpApplication.ExecuteStep(IExecutionStep step, Boolean& completedSynchronously)
02:04:03.806 PM PushEmail START
02:04:03.821 PM IsOnline
02:04:03.821 PM {
  "Host": "email.vnpt.vn",
  "Port": 587,
  "UserCredential": "portal-noreply.kha@vnpt.vn",
  "UserCredentialName": "VNPT_CRM",
  "UPass": "G3g@Ht%H",
  "EnableSsl": false
}
02:04:16.228 PM PushEmail END
02:06:15.447 PM PushEmail START
02:06:15.462 PM IsOnline
02:06:15.462 PM {
  "Host": "email.vnpt.vn",
  "Port": 587,
  "UserCredential": "portal-noreply.kha@vnpt.vn",
  "UserCredentialName": "VNPT_CRM",
  "UPass": "G3g@Ht%H",
  "EnableSsl": false
}
02:06:25.712 PM PushEmail END
02:06:27.322 PM PushEmail START
02:06:27.353 PM IsOnline
02:06:27.353 PM {
  "Host": "email.vnpt.vn",
  "Port": 587,
  "UserCredential": "portal-noreply.kha@vnpt.vn",
  "UserCredentialName": "VNPT_CRM",
  "UPass": "G3g@Ht%H",
  "EnableSsl": false
}
02:06:39.509 PM PushEmail END
02:11:02.916 PM System.Web Server cannot set status after HTTP headers have been sent.
02:11:02.916 PM Stack: at System.Web.HttpResponse.set_StatusCode(Int32 value)
   at System.Web.Mvc.HandleErrorAttribute.OnException(ExceptionContext filterContext)
   at System.Web.Mvc.ControllerActionInvoker.InvokeExceptionFilters(ControllerContext controllerContext, IList`1 filters, Exception exception)
   at System.Web.Mvc.Async.AsyncControllerActionInvoker.<>c__DisplayClass3_1.<BeginInvokeAction>b__1(IAsyncResult asyncResult)
   at System.Web.Mvc.Async.AsyncControllerActionInvoker.EndInvokeAction(IAsyncResult asyncResult)
   at System.Web.Mvc.Controller.<>c.<BeginExecuteCore>b__152_1(IAsyncResult asyncResult, ExecuteCoreState innerState)
   at System.Web.Mvc.Async.AsyncResultWrapper.WrappedAsyncVoid`1.CallEndDelegate(IAsyncResult asyncResult)
   at System.Web.Mvc.Controller.EndExecuteCore(IAsyncResult asyncResult)
   at System.Web.Mvc.Async.AsyncResultWrapper.WrappedAsyncVoid`1.CallEndDelegate(IAsyncResult asyncResult)
   at System.Web.Mvc.Controller.EndExecute(IAsyncResult asyncResult)
   at System.Web.Mvc.MvcHandler.<>c.<BeginProcessRequest>b__20_1(IAsyncResult asyncResult, ProcessRequestState innerState)
   at System.Web.Mvc.Async.AsyncResultWrapper.WrappedAsyncVoid`1.CallEndDelegate(IAsyncResult asyncResult)
   at System.Web.Mvc.MvcHandler.EndProcessRequest(IAsyncResult asyncResult)
   at System.Web.HttpApplication.CallHandlerExecutionStep.System.Web.HttpApplication.IExecutionStep.Execute()
   at System.Web.HttpApplication.ExecuteStepImpl(IExecutionStep step)
   at System.Web.HttpApplication.ExecuteStep(IExecutionStep step, Boolean& completedSynchronously)
02:11:02.916 PM System.Web Server cannot set status after HTTP headers have been sent.
02:11:02.916 PM Stack: at System.Web.HttpResponse.set_StatusCode(Int32 value)
   at System.Web.Mvc.HandleErrorAttribute.OnException(ExceptionContext filterContext)
   at System.Web.Mvc.ControllerActionInvoker.InvokeExceptionFilters(ControllerContext controllerContext, IList`1 filters, Exception exception)
   at System.Web.Mvc.Async.AsyncControllerActionInvoker.<>c__DisplayClass3_1.<BeginInvokeAction>b__1(IAsyncResult asyncResult)
   at System.Web.Mvc.Async.AsyncControllerActionInvoker.EndInvokeAction(IAsyncResult asyncResult)
   at System.Web.Mvc.Controller.<>c.<BeginExecuteCore>b__152_1(IAsyncResult asyncResult, ExecuteCoreState innerState)
   at System.Web.Mvc.Async.AsyncResultWrapper.WrappedAsyncVoid`1.CallEndDelegate(IAsyncResult asyncResult)
   at System.Web.Mvc.Controller.EndExecuteCore(IAsyncResult asyncResult)
   at System.Web.Mvc.Async.AsyncResultWrapper.WrappedAsyncVoid`1.CallEndDelegate(IAsyncResult asyncResult)
   at System.Web.Mvc.Controller.EndExecute(IAsyncResult asyncResult)
   at System.Web.Mvc.MvcHandler.<>c.<BeginProcessRequest>b__20_1(IAsyncResult asyncResult, ProcessRequestState innerState)
   at System.Web.Mvc.Async.AsyncResultWrapper.WrappedAsyncVoid`1.CallEndDelegate(IAsyncResult asyncResult)
   at System.Web.Mvc.MvcHandler.EndProcessRequest(IAsyncResult asyncResult)
   at System.Web.HttpApplication.CallHandlerExecutionStep.System.Web.HttpApplication.IExecutionStep.Execute()
   at System.Web.HttpApplication.ExecuteStepImpl(IExecutionStep step)
   at System.Web.HttpApplication.ExecuteStep(IExecutionStep step, Boolean& completedSynchronously)
02:11:02.931 PM System.Web Server cannot set status after HTTP headers have been sent.
02:11:02.931 PM Stack: at System.Web.HttpResponse.set_StatusCode(Int32 value)
   at System.Web.Mvc.HandleErrorAttribute.OnException(ExceptionContext filterContext)
   at System.Web.Mvc.ControllerActionInvoker.InvokeExceptionFilters(ControllerContext controllerContext, IList`1 filters, Exception exception)
   at System.Web.Mvc.Async.AsyncControllerActionInvoker.<>c__DisplayClass3_1.<BeginInvokeAction>b__1(IAsyncResult asyncResult)
   at System.Web.Mvc.Async.AsyncControllerActionInvoker.EndInvokeAction(IAsyncResult asyncResult)
   at System.Web.Mvc.Controller.<>c.<BeginExecuteCore>b__152_1(IAsyncResult asyncResult, ExecuteCoreState innerState)
   at System.Web.Mvc.Async.AsyncResultWrapper.WrappedAsyncVoid`1.CallEndDelegate(IAsyncResult asyncResult)
   at System.Web.Mvc.Controller.EndExecuteCore(IAsyncResult asyncResult)
   at System.Web.Mvc.Async.AsyncResultWrapper.WrappedAsyncVoid`1.CallEndDelegate(IAsyncResult asyncResult)
   at System.Web.Mvc.Controller.EndExecute(IAsyncResult asyncResult)
   at System.Web.Mvc.MvcHandler.<>c.<BeginProcessRequest>b__20_1(IAsyncResult asyncResult, ProcessRequestState innerState)
   at System.Web.Mvc.Async.AsyncResultWrapper.WrappedAsyncVoid`1.CallEndDelegate(IAsyncResult asyncResult)
   at System.Web.Mvc.MvcHandler.EndProcessRequest(IAsyncResult asyncResult)
   at System.Web.HttpApplication.CallHandlerExecutionStep.System.Web.HttpApplication.IExecutionStep.Execute()
   at System.Web.HttpApplication.ExecuteStepImpl(IExecutionStep step)
   at System.Web.HttpApplication.ExecuteStep(IExecutionStep step, Boolean& completedSynchronously)
02:11:02.947 PM System.Web Server cannot set status after HTTP headers have been sent.
02:11:02.947 PM Stack: at System.Web.HttpResponse.set_StatusCode(Int32 value)
   at System.Web.Mvc.HandleErrorAttribute.OnException(ExceptionContext filterContext)
   at System.Web.Mvc.ControllerActionInvoker.InvokeExceptionFilters(ControllerContext controllerContext, IList`1 filters, Exception exception)
   at System.Web.Mvc.Async.AsyncControllerActionInvoker.<>c__DisplayClass3_1.<BeginInvokeAction>b__1(IAsyncResult asyncResult)
   at System.Web.Mvc.Async.AsyncControllerActionInvoker.EndInvokeAction(IAsyncResult asyncResult)
   at System.Web.Mvc.Controller.<>c.<BeginExecuteCore>b__152_1(IAsyncResult asyncResult, ExecuteCoreState innerState)
   at System.Web.Mvc.Async.AsyncResultWrapper.WrappedAsyncVoid`1.CallEndDelegate(IAsyncResult asyncResult)
   at System.Web.Mvc.Controller.EndExecuteCore(IAsyncResult asyncResult)
   at System.Web.Mvc.Async.AsyncResultWrapper.WrappedAsyncVoid`1.CallEndDelegate(IAsyncResult asyncResult)
   at System.Web.Mvc.Controller.EndExecute(IAsyncResult asyncResult)
   at System.Web.Mvc.MvcHandler.<>c.<BeginProcessRequest>b__20_1(IAsyncResult asyncResult, ProcessRequestState innerState)
   at System.Web.Mvc.Async.AsyncResultWrapper.WrappedAsyncVoid`1.CallEndDelegate(IAsyncResult asyncResult)
   at System.Web.Mvc.MvcHandler.EndProcessRequest(IAsyncResult asyncResult)
   at System.Web.HttpApplication.CallHandlerExecutionStep.System.Web.HttpApplication.IExecutionStep.Execute()
   at System.Web.HttpApplication.ExecuteStepImpl(IExecutionStep step)
   at System.Web.HttpApplication.ExecuteStep(IExecutionStep step, Boolean& completedSynchronously)
02:11:03.041 PM System.Web Server cannot set status after HTTP headers have been sent.
02:11:03.041 PM Stack: at System.Web.HttpResponse.set_StatusCode(Int32 value)
   at System.Web.Mvc.HandleErrorAttribute.OnException(ExceptionContext filterContext)
   at System.Web.Mvc.ControllerActionInvoker.InvokeExceptionFilters(ControllerContext controllerContext, IList`1 filters, Exception exception)
   at System.Web.Mvc.Async.AsyncControllerActionInvoker.<>c__DisplayClass3_1.<BeginInvokeAction>b__1(IAsyncResult asyncResult)
   at System.Web.Mvc.Async.AsyncControllerActionInvoker.EndInvokeAction(IAsyncResult asyncResult)
   at System.Web.Mvc.Controller.<>c.<BeginExecuteCore>b__152_1(IAsyncResult asyncResult, ExecuteCoreState innerState)
   at System.Web.Mvc.Async.AsyncResultWrapper.WrappedAsyncVoid`1.CallEndDelegate(IAsyncResult asyncResult)
   at System.Web.Mvc.Controller.EndExecuteCore(IAsyncResult asyncResult)
   at System.Web.Mvc.Async.AsyncResultWrapper.WrappedAsyncVoid`1.CallEndDelegate(IAsyncResult asyncResult)
   at System.Web.Mvc.Controller.EndExecute(IAsyncResult asyncResult)
   at System.Web.Mvc.MvcHandler.<>c.<BeginProcessRequest>b__20_1(IAsyncResult asyncResult, ProcessRequestState innerState)
   at System.Web.Mvc.Async.AsyncResultWrapper.WrappedAsyncVoid`1.CallEndDelegate(IAsyncResult asyncResult)
   at System.Web.Mvc.MvcHandler.EndProcessRequest(IAsyncResult asyncResult)
   at System.Web.HttpApplication.CallHandlerExecutionStep.System.Web.HttpApplication.IExecutionStep.Execute()
   at System.Web.HttpApplication.ExecuteStepImpl(IExecutionStep step)
   at System.Web.HttpApplication.ExecuteStep(IExecutionStep step, Boolean& completedSynchronously)
02:11:03.431 PM System.Web Server cannot set status after HTTP headers have been sent.
02:11:03.431 PM Stack: at System.Web.HttpResponse.set_StatusCode(Int32 value)
   at System.Web.Mvc.HandleErrorAttribute.OnException(ExceptionContext filterContext)
   at System.Web.Mvc.ControllerActionInvoker.InvokeExceptionFilters(ControllerContext controllerContext, IList`1 filters, Exception exception)
   at System.Web.Mvc.Async.AsyncControllerActionInvoker.<>c__DisplayClass3_1.<BeginInvokeAction>b__1(IAsyncResult asyncResult)
   at System.Web.Mvc.Async.AsyncControllerActionInvoker.EndInvokeAction(IAsyncResult asyncResult)
   at System.Web.Mvc.Controller.<>c.<BeginExecuteCore>b__152_1(IAsyncResult asyncResult, ExecuteCoreState innerState)
   at System.Web.Mvc.Async.AsyncResultWrapper.WrappedAsyncVoid`1.CallEndDelegate(IAsyncResult asyncResult)
   at System.Web.Mvc.Controller.EndExecuteCore(IAsyncResult asyncResult)
   at System.Web.Mvc.Async.AsyncResultWrapper.WrappedAsyncVoid`1.CallEndDelegate(IAsyncResult asyncResult)
   at System.Web.Mvc.Controller.EndExecute(IAsyncResult asyncResult)
   at System.Web.Mvc.MvcHandler.<>c.<BeginProcessRequest>b__20_1(IAsyncResult asyncResult, ProcessRequestState innerState)
   at System.Web.Mvc.Async.AsyncResultWrapper.WrappedAsyncVoid`1.CallEndDelegate(IAsyncResult asyncResult)
   at System.Web.Mvc.MvcHandler.EndProcessRequest(IAsyncResult asyncResult)
   at System.Web.HttpApplication.CallHandlerExecutionStep.System.Web.HttpApplication.IExecutionStep.Execute()
   at System.Web.HttpApplication.ExecuteStepImpl(IExecutionStep step)
   at System.Web.HttpApplication.ExecuteStep(IExecutionStep step, Boolean& completedSynchronously)
02:11:03.947 PM System.Web Server cannot set status after HTTP headers have been sent.
02:11:03.947 PM Stack: at System.Web.HttpResponse.set_StatusCode(Int32 value)
   at System.Web.Mvc.HandleErrorAttribute.OnException(ExceptionContext filterContext)
   at System.Web.Mvc.ControllerActionInvoker.InvokeExceptionFilters(ControllerContext controllerContext, IList`1 filters, Exception exception)
   at System.Web.Mvc.Async.AsyncControllerActionInvoker.<>c__DisplayClass3_1.<BeginInvokeAction>b__1(IAsyncResult asyncResult)
   at System.Web.Mvc.Async.AsyncControllerActionInvoker.EndInvokeAction(IAsyncResult asyncResult)
   at System.Web.Mvc.Controller.<>c.<BeginExecuteCore>b__152_1(IAsyncResult asyncResult, ExecuteCoreState innerState)
   at System.Web.Mvc.Async.AsyncResultWrapper.WrappedAsyncVoid`1.CallEndDelegate(IAsyncResult asyncResult)
   at System.Web.Mvc.Controller.EndExecuteCore(IAsyncResult asyncResult)
   at System.Web.Mvc.Async.AsyncResultWrapper.WrappedAsyncVoid`1.CallEndDelegate(IAsyncResult asyncResult)
   at System.Web.Mvc.Controller.EndExecute(IAsyncResult asyncResult)
   at System.Web.Mvc.MvcHandler.<>c.<BeginProcessRequest>b__20_1(IAsyncResult asyncResult, ProcessRequestState innerState)
   at System.Web.Mvc.Async.AsyncResultWrapper.WrappedAsyncVoid`1.CallEndDelegate(IAsyncResult asyncResult)
   at System.Web.Mvc.MvcHandler.EndProcessRequest(IAsyncResult asyncResult)
   at System.Web.HttpApplication.CallHandlerExecutionStep.System.Web.HttpApplication.IExecutionStep.Execute()
   at System.Web.HttpApplication.ExecuteStepImpl(IExecutionStep step)
   at System.Web.HttpApplication.ExecuteStep(IExecutionStep step, Boolean& completedSynchronously)
02:16:55.245 PM PushEmail START
02:16:55.260 PM IsOnline
02:16:55.276 PM {
  "Host": "email.vnpt.vn",
  "Port": 587,
  "UserCredential": "portal-noreply.kha@vnpt.vn",
  "UserCredentialName": "VNPT_CRM",
  "UPass": "G3g@Ht%H",
  "EnableSsl": false
}
02:16:56.104 PM PushEmail END
02:17:23.151 PM PushEmail START
02:17:23.182 PM IsOnline
02:17:23.182 PM {
  "Host": "email.vnpt.vn",
  "Port": 587,
  "UserCredential": "portal-noreply.kha@vnpt.vn",
  "UserCredentialName": "VNPT_CRM",
  "UPass": "G3g@Ht%H",
  "EnableSsl": false
}
02:17:24.073 PM PushEmail END
02:24:40.902 PM System.Web Server cannot set status after HTTP headers have been sent.
02:24:40.902 PM Stack: at System.Web.HttpResponse.set_StatusCode(Int32 value)
   at System.Web.Mvc.HandleErrorAttribute.OnException(ExceptionContext filterContext)
   at System.Web.Mvc.ControllerActionInvoker.InvokeExceptionFilters(ControllerContext controllerContext, IList`1 filters, Exception exception)
   at System.Web.Mvc.Async.AsyncControllerActionInvoker.<>c__DisplayClass3_1.<BeginInvokeAction>b__1(IAsyncResult asyncResult)
   at System.Web.Mvc.Async.AsyncControllerActionInvoker.EndInvokeAction(IAsyncResult asyncResult)
   at System.Web.Mvc.Controller.<>c.<BeginExecuteCore>b__152_1(IAsyncResult asyncResult, ExecuteCoreState innerState)
   at System.Web.Mvc.Async.AsyncResultWrapper.WrappedAsyncVoid`1.CallEndDelegate(IAsyncResult asyncResult)
   at System.Web.Mvc.Controller.EndExecuteCore(IAsyncResult asyncResult)
   at System.Web.Mvc.Async.AsyncResultWrapper.WrappedAsyncVoid`1.CallEndDelegate(IAsyncResult asyncResult)
   at System.Web.Mvc.Controller.EndExecute(IAsyncResult asyncResult)
   at System.Web.Mvc.MvcHandler.<>c.<BeginProcessRequest>b__20_1(IAsyncResult asyncResult, ProcessRequestState innerState)
   at System.Web.Mvc.Async.AsyncResultWrapper.WrappedAsyncVoid`1.CallEndDelegate(IAsyncResult asyncResult)
   at System.Web.Mvc.MvcHandler.EndProcessRequest(IAsyncResult asyncResult)
   at System.Web.HttpApplication.CallHandlerExecutionStep.System.Web.HttpApplication.IExecutionStep.Execute()
   at System.Web.HttpApplication.ExecuteStepImpl(IExecutionStep step)
   at System.Web.HttpApplication.ExecuteStep(IExecutionStep step, Boolean& completedSynchronously)
02:24:41.402 PM System.Web Server cannot set status after HTTP headers have been sent.
02:24:41.402 PM Stack: at System.Web.HttpResponse.set_StatusCode(Int32 value)
   at System.Web.Mvc.HandleErrorAttribute.OnException(ExceptionContext filterContext)
   at System.Web.Mvc.ControllerActionInvoker.InvokeExceptionFilters(ControllerContext controllerContext, IList`1 filters, Exception exception)
   at System.Web.Mvc.Async.AsyncControllerActionInvoker.<>c__DisplayClass3_1.<BeginInvokeAction>b__1(IAsyncResult asyncResult)
   at System.Web.Mvc.Async.AsyncControllerActionInvoker.EndInvokeAction(IAsyncResult asyncResult)
   at System.Web.Mvc.Controller.<>c.<BeginExecuteCore>b__152_1(IAsyncResult asyncResult, ExecuteCoreState innerState)
   at System.Web.Mvc.Async.AsyncResultWrapper.WrappedAsyncVoid`1.CallEndDelegate(IAsyncResult asyncResult)
   at System.Web.Mvc.Controller.EndExecuteCore(IAsyncResult asyncResult)
   at System.Web.Mvc.Async.AsyncResultWrapper.WrappedAsyncVoid`1.CallEndDelegate(IAsyncResult asyncResult)
   at System.Web.Mvc.Controller.EndExecute(IAsyncResult asyncResult)
   at System.Web.Mvc.MvcHandler.<>c.<BeginProcessRequest>b__20_1(IAsyncResult asyncResult, ProcessRequestState innerState)
   at System.Web.Mvc.Async.AsyncResultWrapper.WrappedAsyncVoid`1.CallEndDelegate(IAsyncResult asyncResult)
   at System.Web.Mvc.MvcHandler.EndProcessRequest(IAsyncResult asyncResult)
   at System.Web.HttpApplication.CallHandlerExecutionStep.System.Web.HttpApplication.IExecutionStep.Execute()
   at System.Web.HttpApplication.ExecuteStepImpl(IExecutionStep step)
   at System.Web.HttpApplication.ExecuteStep(IExecutionStep step, Boolean& completedSynchronously)
02:34:06.965 PM PushEmail START
02:34:06.981 PM IsOnline
02:34:06.981 PM {
  "Host": "email.vnpt.vn",
  "Port": 587,
  "UserCredential": "portal-noreply.kha@vnpt.vn",
  "UserCredentialName": "VNPT_CRM",
  "UPass": "G3g@Ht%H",
  "EnableSsl": false
}
02:34:07.840 PM PushEmail END
02:34:40.340 PM System.Web.Mvc The controller for path '/favicon.ico' was not found or does not implement IController.
02:34:40.340 PM Stack: at System.Web.Mvc.DefaultControllerFactory.GetControllerInstance(RequestContext requestContext, Type controllerType)
   at System.Web.Mvc.MvcHandler.ProcessRequestInit(HttpContextBase httpContext, IController& controller, IControllerFactory& factory)
   at System.Web.Mvc.MvcHandler.BeginProcessRequest(HttpContextBase httpContext, AsyncCallback callback, Object state)
   at System.Web.HttpApplication.CallHandlerExecutionStep.System.Web.HttpApplication.IExecutionStep.Execute()
   at System.Web.HttpApplication.ExecuteStepImpl(IExecutionStep step)
   at System.Web.HttpApplication.ExecuteStep(IExecutionStep step, Boolean& completedSynchronously)
04:16:56.492 PM PushEmail START
04:16:56.524 PM IsOnline
04:16:56.524 PM System The specified string is not in the form required for an e-mail address.
04:16:56.524 PM Stack: at System.Net.Mail.MailAddressParser.ReadCfwsAndThrowIfIncomplete(String data, Int32 index)
   at System.Net.Mail.MailAddressParser.ParseDomain(String data, Int32& index)
   at System.Net.Mail.MailAddressParser.ParseAddress(String data, Boolean expectMultipleAddresses, Int32& index)
   at System.Net.Mail.MailAddressParser.ParseAddress(String data)
   at System.Net.Mail.MailAddress..ctor(String address, String displayName, Encoding displayNameEncoding)
   at TSFramework.Libs.Providers.MailProvider.<>c__DisplayClass7_0.<SendMail>b__2(String m)
   at System.Collections.Generic.List`1.ForEach(Action`1 action)
   at TSFramework.Libs.Providers.MailProvider.SendMail(MailModel mail)
   at TSFramework.Libs.Providers.MailProvider.PushEmail(List`1 lstMails)
04:16:56.524 PM PushEmail END
04:17:20.852 PM PushEmail START
04:17:20.883 PM IsOnline
04:17:20.883 PM System The specified string is not in the form required for an e-mail address.
04:17:20.883 PM Stack: at System.Net.Mail.MailAddressParser.ReadCfwsAndThrowIfIncomplete(String data, Int32 index)
   at System.Net.Mail.MailAddressParser.ParseDomain(String data, Int32& index)
   at System.Net.Mail.MailAddressParser.ParseAddress(String data, Boolean expectMultipleAddresses, Int32& index)
   at System.Net.Mail.MailAddressParser.ParseAddress(String data)
   at System.Net.Mail.MailAddress..ctor(String address, String displayName, Encoding displayNameEncoding)
   at TSFramework.Libs.Providers.MailProvider.<>c__DisplayClass7_0.<SendMail>b__2(String m)
   at System.Collections.Generic.List`1.ForEach(Action`1 action)
   at TSFramework.Libs.Providers.MailProvider.SendMail(MailModel mail)
   at TSFramework.Libs.Providers.MailProvider.PushEmail(List`1 lstMails)
04:17:20.883 PM PushEmail END
04:17:46.367 PM PushEmail START
04:17:46.399 PM IsOnline
04:17:46.399 PM System The specified string is not in the form required for an e-mail address.
04:17:46.399 PM Stack: at System.Net.Mail.MailAddressParser.ReadCfwsAndThrowIfIncomplete(String data, Int32 index)
   at System.Net.Mail.MailAddressParser.ParseDomain(String data, Int32& index)
   at System.Net.Mail.MailAddressParser.ParseAddress(String data, Boolean expectMultipleAddresses, Int32& index)
   at System.Net.Mail.MailAddressParser.ParseAddress(String data)
   at System.Net.Mail.MailAddress..ctor(String address, String displayName, Encoding displayNameEncoding)
   at TSFramework.Libs.Providers.MailProvider.<>c__DisplayClass7_0.<SendMail>b__2(String m)
   at System.Collections.Generic.List`1.ForEach(Action`1 action)
   at TSFramework.Libs.Providers.MailProvider.SendMail(MailModel mail)
   at TSFramework.Libs.Providers.MailProvider.PushEmail(List`1 lstMails)
04:17:46.399 PM PushEmail END
04:31:57.994 PM PushEmail START
04:31:58.010 PM IsOnline
04:31:58.010 PM {
  "Host": "email.vnpt.vn",
  "Port": 587,
  "UserCredential": "portal-noreply.kha@vnpt.vn",
  "UserCredentialName": "VNPT_CRM",
  "UPass": "G3g@Ht%H",
  "EnableSsl": false
}
04:31:58.885 PM PushEmail END
04:38:30.042 PM PushEmail START
04:38:30.057 PM IsOnline
04:38:30.057 PM {
  "Host": "email.vnpt.vn",
  "Port": 587,
  "UserCredential": "portal-noreply.kha@vnpt.vn",
  "UserCredentialName": "VNPT_CRM",
  "UPass": "G3g@Ht%H",
  "EnableSsl": false
}
04:38:31.463 PM PushEmail END
05:28:06.547 PM System.Web.Mvc The controller for path '/apple-touch-icon-precomposed.png' was not found or does not implement IController.
05:28:06.547 PM Stack: at System.Web.Mvc.DefaultControllerFactory.GetControllerInstance(RequestContext requestContext, Type controllerType)
   at System.Web.Mvc.MvcHandler.ProcessRequestInit(HttpContextBase httpContext, IController& controller, IControllerFactory& factory)
   at System.Web.Mvc.MvcHandler.BeginProcessRequest(HttpContextBase httpContext, AsyncCallback callback, Object state)
   at System.Web.HttpApplication.CallHandlerExecutionStep.System.Web.HttpApplication.IExecutionStep.Execute()
   at System.Web.HttpApplication.ExecuteStepImpl(IExecutionStep step)
   at System.Web.HttpApplication.ExecuteStep(IExecutionStep step, Boolean& completedSynchronously)
05:28:06.750 PM System.Web.Mvc The controller for path '/apple-touch-icon.png' was not found or does not implement IController.
05:28:06.750 PM Stack: at System.Web.Mvc.DefaultControllerFactory.GetControllerInstance(RequestContext requestContext, Type controllerType)
   at System.Web.Mvc.MvcHandler.ProcessRequestInit(HttpContextBase httpContext, IController& controller, IControllerFactory& factory)
   at System.Web.Mvc.MvcHandler.BeginProcessRequest(HttpContextBase httpContext, AsyncCallback callback, Object state)
   at System.Web.HttpApplication.CallHandlerExecutionStep.System.Web.HttpApplication.IExecutionStep.Execute()
   at System.Web.HttpApplication.ExecuteStepImpl(IExecutionStep step)
   at System.Web.HttpApplication.ExecuteStep(IExecutionStep step, Boolean& completedSynchronously)
05:28:06.891 PM System.Web.Mvc The controller for path '/favicon.ico' was not found or does not implement IController.
05:28:06.891 PM Stack: at System.Web.Mvc.DefaultControllerFactory.GetControllerInstance(RequestContext requestContext, Type controllerType)
   at System.Web.Mvc.MvcHandler.ProcessRequestInit(HttpContextBase httpContext, IController& controller, IControllerFactory& factory)
   at System.Web.Mvc.MvcHandler.BeginProcessRequest(HttpContextBase httpContext, AsyncCallback callback, Object state)
   at System.Web.HttpApplication.CallHandlerExecutionStep.System.Web.HttpApplication.IExecutionStep.Execute()
   at System.Web.HttpApplication.ExecuteStepImpl(IExecutionStep step)
   at System.Web.HttpApplication.ExecuteStep(IExecutionStep step, Boolean& completedSynchronously)
05:52:55.550 PM System.Web Server cannot append header after HTTP headers have been sent.
05:52:55.550 PM Stack: at System.Web.HttpHeaderCollection.SetHeader(String name, String value, Boolean replace)
   at Microsoft.Owin.Host.SystemWeb.CallHeaders.AspNetResponseHeaders.Set(String key, String[] values)
   at Microsoft.Owin.Security.OAuth.OAuthBearerAuthenticationProvider.<>c.<.ctor>b__0_2(OAuthChallengeContext context) in /_/src/Microsoft.Owin.Security.OAuth/Provider/OAuthBearerAuthenticationProvider.cs:line 24
   at Microsoft.Owin.Security.OAuth.OAuthBearerAuthenticationHandler.ApplyResponseChallengeAsync() in /_/src/Microsoft.Owin.Security.OAuth/OAuthBearerAuthenticationHandler.cs:line 119
   at Microsoft.Owin.Security.Infrastructure.AuthenticationHandler.<ApplyResponseCoreAsync>d__40.MoveNext() in /_/src/Microsoft.Owin.Security/Infrastructure/AuthenticationHandler.cs:line 179
--- End of stack trace from previous location where exception was thrown ---
   at System.Runtime.ExceptionServices.ExceptionDispatchInfo.Throw()
   at System.Runtime.CompilerServices.TaskAwaiter.HandleNonSuccessAndDebuggerNotification(Task task)
   at Microsoft.Owin.Security.Infrastructure.AuthenticationHandler.<ApplyResponseAsync>d__39.MoveNext() in /_/src/Microsoft.Owin.Security/Infrastructure/AuthenticationHandler.cs:line 167
--- End of stack trace from previous location where exception was thrown ---
   at System.Runtime.ExceptionServices.ExceptionDispatchInfo.Throw()
   at System.Runtime.CompilerServices.TaskAwaiter.HandleNonSuccessAndDebuggerNotification(Task task)
   at Microsoft.Owin.Security.Infrastructure.AuthenticationHandler.<TeardownAsync>d__34.MoveNext() in /_/src/Microsoft.Owin.Security/Infrastructure/AuthenticationHandler.cs:line 96
--- End of stack trace from previous location where exception was thrown ---
   at System.Runtime.ExceptionServices.ExceptionDispatchInfo.Throw()
   at System.Runtime.CompilerServices.TaskAwaiter.HandleNonSuccessAndDebuggerNotification(Task task)
   at Microsoft.Owin.Security.Infrastructure.AuthenticationMiddleware`1.<Invoke>d__5.MoveNext() in /_/src/Microsoft.Owin.Security/Infrastructure/AuthenticationMiddleware.cs:line 32
--- End of stack trace from previous location where exception was thrown ---
   at System.Runtime.ExceptionServices.ExceptionDispatchInfo.Throw()
   at System.Runtime.CompilerServices.TaskAwaiter.HandleNonSuccessAndDebuggerNotification(Task task)
   at Microsoft.Owin.Security.Infrastructure.AuthenticationMiddleware`1.<Invoke>d__5.MoveNext() in /_/src/Microsoft.Owin.Security/Infrastructure/AuthenticationMiddleware.cs:line 30
--- End of stack trace from previous location where exception was thrown ---
   at System.Runtime.ExceptionServices.ExceptionDispatchInfo.Throw()
   at System.Runtime.CompilerServices.TaskAwaiter.HandleNonSuccessAndDebuggerNotification(Task task)
   at Microsoft.Owin.Security.Infrastructure.AuthenticationMiddleware`1.<Invoke>d__5.MoveNext() in /_/src/Microsoft.Owin.Security/Infrastructure/AuthenticationMiddleware.cs:line 30
--- End of stack trace from previous location where exception was thrown ---
   at System.Runtime.ExceptionServices.ExceptionDispatchInfo.Throw()
   at System.Runtime.CompilerServices.TaskAwaiter.HandleNonSuccessAndDebuggerNotification(Task task)
   at Microsoft.Owin.Security.Infrastructure.AuthenticationMiddleware`1.<Invoke>d__5.MoveNext() in /_/src/Microsoft.Owin.Security/Infrastructure/AuthenticationMiddleware.cs:line 30
--- End of stack trace from previous location where exception was thrown ---
   at System.Runtime.ExceptionServices.ExceptionDispatchInfo.Throw()
   at System.Runtime.CompilerServices.TaskAwaiter.HandleNonSuccessAndDebuggerNotification(Task task)
   at Microsoft.Owin.Mapping.MapMiddleware.<Invoke>d__3.MoveNext() in /_/src/Microsoft.Owin/Mapping/MapMiddleware.cs:line 72
--- End of stack trace from previous location where exception was thrown ---
   at System.Runtime.ExceptionServices.ExceptionDispatchInfo.Throw()
   at Microsoft.Owin.Host.SystemWeb.IntegratedPipeline.StageAsyncResult.End(IAsyncResult ar)
   at System.Web.HttpApplication.AsyncEventExecutionStep.System.Web.HttpApplication.IExecutionStep.Execute()
   at System.Web.HttpApplication.ExecuteStepImpl(IExecutionStep step)
   at System.Web.HttpApplication.ExecuteStep(IExecutionStep step, Boolean& completedSynchronously)
05:52:55.565 PM System.Web Server cannot set status after HTTP headers have been sent.
05:52:55.565 PM Stack: at System.Web.HttpResponse.set_StatusCode(Int32 value)
   at System.Web.Mvc.HandleErrorAttribute.OnException(ExceptionContext filterContext)
   at System.Web.Mvc.ControllerActionInvoker.InvokeExceptionFilters(ControllerContext controllerContext, IList`1 filters, Exception exception)
   at System.Web.Mvc.Async.AsyncControllerActionInvoker.<>c__DisplayClass3_1.<BeginInvokeAction>b__1(IAsyncResult asyncResult)
   at System.Web.Mvc.Async.AsyncControllerActionInvoker.EndInvokeAction(IAsyncResult asyncResult)
   at System.Web.Mvc.Controller.<>c.<BeginExecuteCore>b__152_1(IAsyncResult asyncResult, ExecuteCoreState innerState)
   at System.Web.Mvc.Async.AsyncResultWrapper.WrappedAsyncVoid`1.CallEndDelegate(IAsyncResult asyncResult)
   at System.Web.Mvc.Controller.EndExecuteCore(IAsyncResult asyncResult)
   at System.Web.Mvc.Async.AsyncResultWrapper.WrappedAsyncVoid`1.CallEndDelegate(IAsyncResult asyncResult)
   at System.Web.Mvc.Controller.EndExecute(IAsyncResult asyncResult)
   at System.Web.Mvc.MvcHandler.<>c.<BeginProcessRequest>b__20_1(IAsyncResult asyncResult, ProcessRequestState innerState)
   at System.Web.Mvc.Async.AsyncResultWrapper.WrappedAsyncVoid`1.CallEndDelegate(IAsyncResult asyncResult)
   at System.Web.Mvc.MvcHandler.EndProcessRequest(IAsyncResult asyncResult)
   at System.Web.HttpApplication.CallHandlerExecutionStep.System.Web.HttpApplication.IExecutionStep.Execute()
   at System.Web.HttpApplication.ExecuteStepImpl(IExecutionStep step)
   at System.Web.HttpApplication.ExecuteStep(IExecutionStep step, Boolean& completedSynchronously)
06:14:42.583 PM  [Chatbot Session] Create viewer session failed. System.Net.Http.HttpRequestException: An error occurred while sending the request. ---> System.Net.WebException: Unable to connect to the remote server ---> System.Net.Sockets.SocketException: A connection attempt failed because the connected party did not properly respond after a period of time, or established connection failed because connected host has failed to respond 10.57.30.11:443
   at System.Net.Sockets.Socket.InternalEndConnect(IAsyncResult asyncResult)
   at System.Net.Sockets.Socket.EndConnect(IAsyncResult asyncResult)
   at System.Net.ServicePoint.ConnectSocketInternal(Boolean connectFailure, Socket s4, Socket s6, Socket& socket, IPAddress& address, ConnectSocketState state, IAsyncResult asyncResult, Exception& exception)
   --- End of inner exception stack trace ---
   at System.Net.HttpWebRequest.EndGetRequestStream(IAsyncResult asyncResult, TransportContext& context)
   at System.Net.Http.HttpClientHandler.GetRequestStreamCallback(IAsyncResult ar)
   --- End of inner exception stack trace ---
   at System.Runtime.ExceptionServices.ExceptionDispatchInfo.Throw()
   at System.Runtime.CompilerServices.TaskAwaiter.HandleNonSuccessAndDebuggerNotification(Task task)
   at Modules.Cate.Areas.Cate.Controllers.ChatbotController.<Session>d__6.MoveNext()
06:14:42.583 PM Stack: 
06:14:42.599 PM System.Web.Mvc The view 'Error' or its master was not found or no view engine supports the searched locations. The following locations were searched:
~/Views/Chatbot/Error.aspx
~/Views/Chatbot/Error.ascx
~/Views/Shared/Error.aspx
~/Views/Shared/Error.ascx
~/Views/Chatbot/Error.cshtml
~/Views/Chatbot/Error.vbhtml
~/Views/Shared/Error.cshtml
~/Views/Shared/Error.vbhtml
06:14:42.599 PM Stack: at System.Web.Mvc.ViewResult.FindView(ControllerContext context)
   at System.Web.Mvc.ViewResultBase.ExecuteResult(ControllerContext context)
   at System.Web.Mvc.Async.AsyncControllerActionInvoker.<>c__DisplayClass3_1.<BeginInvokeAction>b__1(IAsyncResult asyncResult)
   at System.Web.Mvc.Async.AsyncControllerActionInvoker.EndInvokeAction(IAsyncResult asyncResult)
   at System.Web.Mvc.Controller.<>c.<BeginExecuteCore>b__152_1(IAsyncResult asyncResult, ExecuteCoreState innerState)
   at System.Web.Mvc.Async.AsyncResultWrapper.WrappedAsyncVoid`1.CallEndDelegate(IAsyncResult asyncResult)
   at System.Web.Mvc.Controller.EndExecuteCore(IAsyncResult asyncResult)
   at System.Web.Mvc.Async.AsyncResultWrapper.WrappedAsyncVoid`1.CallEndDelegate(IAsyncResult asyncResult)
   at System.Web.Mvc.Controller.EndExecute(IAsyncResult asyncResult)
   at System.Web.Mvc.MvcHandler.<>c.<BeginProcessRequest>b__20_1(IAsyncResult asyncResult, ProcessRequestState innerState)
   at System.Web.Mvc.Async.AsyncResultWrapper.WrappedAsyncVoid`1.CallEndDelegate(IAsyncResult asyncResult)
   at System.Web.Mvc.MvcHandler.EndProcessRequest(IAsyncResult asyncResult)
   at System.Web.HttpApplication.CallHandlerExecutionStep.InvokeEndHandler(IAsyncResult ar)
   at System.Web.HttpApplication.CallHandlerExecutionStep.OnAsyncHandlerCompletion(IAsyncResult ar)
06:15:07.130 PM  [Chatbot Session] Create viewer session failed. System.Net.Http.HttpRequestException: An error occurred while sending the request. ---> System.Net.WebException: Unable to connect to the remote server ---> System.Net.Sockets.SocketException: A connection attempt failed because the connected party did not properly respond after a period of time, or established connection failed because connected host has failed to respond 10.57.30.11:443
   at System.Net.Sockets.Socket.InternalEndConnect(IAsyncResult asyncResult)
   at System.Net.Sockets.Socket.EndConnect(IAsyncResult asyncResult)
   at System.Net.ServicePoint.ConnectSocketInternal(Boolean connectFailure, Socket s4, Socket s6, Socket& socket, IPAddress& address, ConnectSocketState state, IAsyncResult asyncResult, Exception& exception)
   --- End of inner exception stack trace ---
   at System.Net.HttpWebRequest.EndGetRequestStream(IAsyncResult asyncResult, TransportContext& context)
   at System.Net.Http.HttpClientHandler.GetRequestStreamCallback(IAsyncResult ar)
   --- End of inner exception stack trace ---
   at System.Runtime.ExceptionServices.ExceptionDispatchInfo.Throw()
   at System.Runtime.CompilerServices.TaskAwaiter.HandleNonSuccessAndDebuggerNotification(Task task)
   at Modules.Cate.Areas.Cate.Controllers.ChatbotController.<Session>d__6.MoveNext()
06:15:07.130 PM Stack: 
06:15:07.130 PM System.Web.Mvc The view 'Error' or its master was not found or no view engine supports the searched locations. The following locations were searched:
~/Views/Chatbot/Error.aspx
~/Views/Chatbot/Error.ascx
~/Views/Shared/Error.aspx
~/Views/Shared/Error.ascx
~/Views/Chatbot/Error.cshtml
~/Views/Chatbot/Error.vbhtml
~/Views/Shared/Error.cshtml
~/Views/Shared/Error.vbhtml
06:15:07.130 PM Stack: at System.Web.Mvc.ViewResult.FindView(ControllerContext context)
   at System.Web.Mvc.ViewResultBase.ExecuteResult(ControllerContext context)
   at System.Web.Mvc.Async.AsyncControllerActionInvoker.<>c__DisplayClass3_1.<BeginInvokeAction>b__1(IAsyncResult asyncResult)
   at System.Web.Mvc.Async.AsyncControllerActionInvoker.EndInvokeAction(IAsyncResult asyncResult)
   at System.Web.Mvc.Controller.<>c.<BeginExecuteCore>b__152_1(IAsyncResult asyncResult, ExecuteCoreState innerState)
   at System.Web.Mvc.Async.AsyncResultWrapper.WrappedAsyncVoid`1.CallEndDelegate(IAsyncResult asyncResult)
   at System.Web.Mvc.Controller.EndExecuteCore(IAsyncResult asyncResult)
   at System.Web.Mvc.Async.AsyncResultWrapper.WrappedAsyncVoid`1.CallEndDelegate(IAsyncResult asyncResult)
   at System.Web.Mvc.Controller.EndExecute(IAsyncResult asyncResult)
   at System.Web.Mvc.MvcHandler.<>c.<BeginProcessRequest>b__20_1(IAsyncResult asyncResult, ProcessRequestState innerState)
   at System.Web.Mvc.Async.AsyncResultWrapper.WrappedAsyncVoid`1.CallEndDelegate(IAsyncResult asyncResult)
   at System.Web.Mvc.MvcHandler.EndProcessRequest(IAsyncResult asyncResult)
   at System.Web.HttpApplication.CallHandlerExecutionStep.InvokeEndHandler(IAsyncResult ar)
   at System.Web.HttpApplication.CallHandlerExecutionStep.OnAsyncHandlerCompletion(IAsyncResult ar)
06:15:38.037 PM  [Chatbot Session] Create viewer session failed. System.Net.Http.HttpRequestException: An error occurred while sending the request. ---> System.Net.WebException: Unable to connect to the remote server ---> System.Net.Sockets.SocketException: A connection attempt failed because the connected party did not properly respond after a period of time, or established connection failed because connected host has failed to respond 10.57.30.11:443
   at System.Net.Sockets.Socket.InternalEndConnect(IAsyncResult asyncResult)
   at System.Net.Sockets.Socket.EndConnect(IAsyncResult asyncResult)
   at System.Net.ServicePoint.ConnectSocketInternal(Boolean connectFailure, Socket s4, Socket s6, Socket& socket, IPAddress& address, ConnectSocketState state, IAsyncResult asyncResult, Exception& exception)
   --- End of inner exception stack trace ---
   at System.Net.HttpWebRequest.EndGetRequestStream(IAsyncResult asyncResult, TransportContext& context)
   at System.Net.Http.HttpClientHandler.GetRequestStreamCallback(IAsyncResult ar)
   --- End of inner exception stack trace ---
   at System.Runtime.ExceptionServices.ExceptionDispatchInfo.Throw()
   at System.Runtime.CompilerServices.TaskAwaiter.HandleNonSuccessAndDebuggerNotification(Task task)
   at Modules.Cate.Areas.Cate.Controllers.ChatbotController.<Session>d__6.MoveNext()
06:15:38.037 PM Stack: 
06:15:38.037 PM System.Web.Mvc The view 'Error' or its master was not found or no view engine supports the searched locations. The following locations were searched:
~/Views/Chatbot/Error.aspx
~/Views/Chatbot/Error.ascx
~/Views/Shared/Error.aspx
~/Views/Shared/Error.ascx
~/Views/Chatbot/Error.cshtml
~/Views/Chatbot/Error.vbhtml
~/Views/Shared/Error.cshtml
~/Views/Shared/Error.vbhtml
06:15:38.037 PM Stack: at System.Web.Mvc.ViewResult.FindView(ControllerContext context)
   at System.Web.Mvc.ViewResultBase.ExecuteResult(ControllerContext context)
   at System.Web.Mvc.Async.AsyncControllerActionInvoker.<>c__DisplayClass3_1.<BeginInvokeAction>b__1(IAsyncResult asyncResult)
   at System.Web.Mvc.Async.AsyncControllerActionInvoker.EndInvokeAction(IAsyncResult asyncResult)
   at System.Web.Mvc.Controller.<>c.<BeginExecuteCore>b__152_1(IAsyncResult asyncResult, ExecuteCoreState innerState)
   at System.Web.Mvc.Async.AsyncResultWrapper.WrappedAsyncVoid`1.CallEndDelegate(IAsyncResult asyncResult)
   at System.Web.Mvc.Controller.EndExecuteCore(IAsyncResult asyncResult)
   at System.Web.Mvc.Async.AsyncResultWrapper.WrappedAsyncVoid`1.CallEndDelegate(IAsyncResult asyncResult)
   at System.Web.Mvc.Controller.EndExecute(IAsyncResult asyncResult)
   at System.Web.Mvc.MvcHandler.<>c.<BeginProcessRequest>b__20_1(IAsyncResult asyncResult, ProcessRequestState innerState)
   at System.Web.Mvc.Async.AsyncResultWrapper.WrappedAsyncVoid`1.CallEndDelegate(IAsyncResult asyncResult)
   at System.Web.Mvc.MvcHandler.EndProcessRequest(IAsyncResult asyncResult)
   at System.Web.HttpApplication.CallHandlerExecutionStep.InvokeEndHandler(IAsyncResult ar)
   at System.Web.HttpApplication.CallHandlerExecutionStep.OnAsyncHandlerCompletion(IAsyncResult ar)
06:16:30.146 PM System.Web Server cannot set status after HTTP headers have been sent.
06:16:30.146 PM Stack: at System.Web.HttpResponse.set_StatusCode(Int32 value)
   at System.Web.Mvc.HandleErrorAttribute.OnException(ExceptionContext filterContext)
   at System.Web.Mvc.ControllerActionInvoker.InvokeExceptionFilters(ControllerContext controllerContext, IList`1 filters, Exception exception)
   at System.Web.Mvc.Async.AsyncControllerActionInvoker.<>c__DisplayClass3_1.<BeginInvokeAction>b__1(IAsyncResult asyncResult)
   at System.Web.Mvc.Async.AsyncControllerActionInvoker.EndInvokeAction(IAsyncResult asyncResult)
   at System.Web.Mvc.Controller.<>c.<BeginExecuteCore>b__152_1(IAsyncResult asyncResult, ExecuteCoreState innerState)
   at System.Web.Mvc.Async.AsyncResultWrapper.WrappedAsyncVoid`1.CallEndDelegate(IAsyncResult asyncResult)
   at System.Web.Mvc.Controller.EndExecuteCore(IAsyncResult asyncResult)
   at System.Web.Mvc.Async.AsyncResultWrapper.WrappedAsyncVoid`1.CallEndDelegate(IAsyncResult asyncResult)
   at System.Web.Mvc.Controller.EndExecute(IAsyncResult asyncResult)
   at System.Web.Mvc.MvcHandler.<>c.<BeginProcessRequest>b__20_1(IAsyncResult asyncResult, ProcessRequestState innerState)
   at System.Web.Mvc.Async.AsyncResultWrapper.WrappedAsyncVoid`1.CallEndDelegate(IAsyncResult asyncResult)
   at System.Web.Mvc.MvcHandler.EndProcessRequest(IAsyncResult asyncResult)
   at System.Web.HttpApplication.CallHandlerExecutionStep.System.Web.HttpApplication.IExecutionStep.Execute()
   at System.Web.HttpApplication.ExecuteStepImpl(IExecutionStep step)
   at System.Web.HttpApplication.ExecuteStep(IExecutionStep step, Boolean& completedSynchronously)
06:16:30.146 PM System.Web Server cannot append header after HTTP headers have been sent.
06:16:30.146 PM Stack: at System.Web.HttpHeaderCollection.SetHeader(String name, String value, Boolean replace)
   at Microsoft.Owin.Host.SystemWeb.CallHeaders.AspNetResponseHeaders.Set(String key, String[] values)
   at Microsoft.Owin.Security.OAuth.OAuthBearerAuthenticationProvider.<>c.<.ctor>b__0_2(OAuthChallengeContext context) in /_/src/Microsoft.Owin.Security.OAuth/Provider/OAuthBearerAuthenticationProvider.cs:line 24
   at Microsoft.Owin.Security.OAuth.OAuthBearerAuthenticationHandler.ApplyResponseChallengeAsync() in /_/src/Microsoft.Owin.Security.OAuth/OAuthBearerAuthenticationHandler.cs:line 119
   at Microsoft.Owin.Security.Infrastructure.AuthenticationHandler.<ApplyResponseCoreAsync>d__40.MoveNext() in /_/src/Microsoft.Owin.Security/Infrastructure/AuthenticationHandler.cs:line 179
--- End of stack trace from previous location where exception was thrown ---
   at System.Runtime.ExceptionServices.ExceptionDispatchInfo.Throw()
   at System.Runtime.CompilerServices.TaskAwaiter.HandleNonSuccessAndDebuggerNotification(Task task)
   at Microsoft.Owin.Security.Infrastructure.AuthenticationHandler.<ApplyResponseAsync>d__39.MoveNext() in /_/src/Microsoft.Owin.Security/Infrastructure/AuthenticationHandler.cs:line 167
--- End of stack trace from previous location where exception was thrown ---
   at System.Runtime.ExceptionServices.ExceptionDispatchInfo.Throw()
   at System.Runtime.CompilerServices.TaskAwaiter.HandleNonSuccessAndDebuggerNotification(Task task)
   at Microsoft.Owin.Security.Infrastructure.AuthenticationHandler.<TeardownAsync>d__34.MoveNext() in /_/src/Microsoft.Owin.Security/Infrastructure/AuthenticationHandler.cs:line 96
--- End of stack trace from previous location where exception was thrown ---
   at System.Runtime.ExceptionServices.ExceptionDispatchInfo.Throw()
   at System.Runtime.CompilerServices.TaskAwaiter.HandleNonSuccessAndDebuggerNotification(Task task)
   at Microsoft.Owin.Security.Infrastructure.AuthenticationMiddleware`1.<Invoke>d__5.MoveNext() in /_/src/Microsoft.Owin.Security/Infrastructure/AuthenticationMiddleware.cs:line 32
--- End of stack trace from previous location where exception was thrown ---
   at System.Runtime.ExceptionServices.ExceptionDispatchInfo.Throw()
   at System.Runtime.CompilerServices.TaskAwaiter.HandleNonSuccessAndDebuggerNotification(Task task)
   at Microsoft.Owin.Security.Infrastructure.AuthenticationMiddleware`1.<Invoke>d__5.MoveNext() in /_/src/Microsoft.Owin.Security/Infrastructure/AuthenticationMiddleware.cs:line 30
--- End of stack trace from previous location where exception was thrown ---
   at System.Runtime.ExceptionServices.ExceptionDispatchInfo.Throw()
   at System.Runtime.CompilerServices.TaskAwaiter.HandleNonSuccessAndDebuggerNotification(Task task)
   at Microsoft.Owin.Security.Infrastructure.AuthenticationMiddleware`1.<Invoke>d__5.MoveNext() in /_/src/Microsoft.Owin.Security/Infrastructure/AuthenticationMiddleware.cs:line 30
--- End of stack trace from previous location where exception was thrown ---
   at System.Runtime.ExceptionServices.ExceptionDispatchInfo.Throw()
   at System.Runtime.CompilerServices.TaskAwaiter.HandleNonSuccessAndDebuggerNotification(Task task)
   at Microsoft.Owin.Security.Infrastructure.AuthenticationMiddleware`1.<Invoke>d__5.MoveNext() in /_/src/Microsoft.Owin.Security/Infrastructure/AuthenticationMiddleware.cs:line 30
--- End of stack trace from previous location where exception was thrown ---
   at System.Runtime.ExceptionServices.ExceptionDispatchInfo.Throw()
   at System.Runtime.CompilerServices.TaskAwaiter.HandleNonSuccessAndDebuggerNotification(Task task)
   at Microsoft.Owin.Mapping.MapMiddleware.<Invoke>d__3.MoveNext() in /_/src/Microsoft.Owin/Mapping/MapMiddleware.cs:line 72
--- End of stack trace from previous location where exception was thrown ---
   at System.Runtime.ExceptionServices.ExceptionDispatchInfo.Throw()
   at Microsoft.Owin.Host.SystemWeb.IntegratedPipeline.StageAsyncResult.End(IAsyncResult ar)
   at System.Web.HttpApplication.AsyncEventExecutionStep.System.Web.HttpApplication.IExecutionStep.Execute()
   at System.Web.HttpApplication.ExecuteStepImpl(IExecutionStep step)
   at System.Web.HttpApplication.ExecuteStep(IExecutionStep step, Boolean& completedSynchronously)
07:39:45.280 PM System.Web Server cannot set status after HTTP headers have been sent.
07:39:45.280 PM Stack: at System.Web.HttpResponse.set_StatusCode(Int32 value)
   at System.Web.Mvc.HandleErrorAttribute.OnException(ExceptionContext filterContext)
   at System.Web.Mvc.ControllerActionInvoker.InvokeExceptionFilters(ControllerContext controllerContext, IList`1 filters, Exception exception)
   at System.Web.Mvc.Async.AsyncControllerActionInvoker.<>c__DisplayClass3_1.<BeginInvokeAction>b__1(IAsyncResult asyncResult)
   at System.Web.Mvc.Async.AsyncControllerActionInvoker.EndInvokeAction(IAsyncResult asyncResult)
   at System.Web.Mvc.Controller.<>c.<BeginExecuteCore>b__152_1(IAsyncResult asyncResult, ExecuteCoreState innerState)
   at System.Web.Mvc.Async.AsyncResultWrapper.WrappedAsyncVoid`1.CallEndDelegate(IAsyncResult asyncResult)
   at System.Web.Mvc.Controller.EndExecuteCore(IAsyncResult asyncResult)
   at System.Web.Mvc.Async.AsyncResultWrapper.WrappedAsyncVoid`1.CallEndDelegate(IAsyncResult asyncResult)
   at System.Web.Mvc.Controller.EndExecute(IAsyncResult asyncResult)
   at System.Web.Mvc.MvcHandler.<>c.<BeginProcessRequest>b__20_1(IAsyncResult asyncResult, ProcessRequestState innerState)
   at System.Web.Mvc.Async.AsyncResultWrapper.WrappedAsyncVoid`1.CallEndDelegate(IAsyncResult asyncResult)
   at System.Web.Mvc.MvcHandler.EndProcessRequest(IAsyncResult asyncResult)
   at System.Web.HttpApplication.CallHandlerExecutionStep.System.Web.HttpApplication.IExecutionStep.Execute()
   at System.Web.HttpApplication.ExecuteStepImpl(IExecutionStep step)
   at System.Web.HttpApplication.ExecuteStep(IExecutionStep step, Boolean& completedSynchronously)
10:05:23.765 PM PushEmail START
10:05:23.781 PM IsOnline
10:05:23.781 PM System The specified string is not in the form required for an e-mail address.
10:05:23.781 PM Stack: at System.Net.Mail.MailAddressParser.ReadCfwsAndThrowIfIncomplete(String data, Int32 index)
   at System.Net.Mail.MailAddressParser.ParseDomain(String data, Int32& index)
   at System.Net.Mail.MailAddressParser.ParseAddress(String data, Boolean expectMultipleAddresses, Int32& index)
   at System.Net.Mail.MailAddressParser.ParseAddress(String data)
   at System.Net.Mail.MailAddress..ctor(String address, String displayName, Encoding displayNameEncoding)
   at TSFramework.Libs.Providers.MailProvider.<>c__DisplayClass7_0.<SendMail>b__2(String m)
   at System.Collections.Generic.List`1.ForEach(Action`1 action)
   at TSFramework.Libs.Providers.MailProvider.SendMail(MailModel mail)
   at TSFramework.Libs.Providers.MailProvider.PushEmail(List`1 lstMails)
10:05:23.781 PM PushEmail END
10:05:25.625 PM PushEmail START
10:05:25.640 PM IsOnline
10:05:25.640 PM System The specified string is not in the form required for an e-mail address.
10:05:25.640 PM Stack: at System.Net.Mail.MailAddressParser.ReadCfwsAndThrowIfIncomplete(String data, Int32 index)
   at System.Net.Mail.MailAddressParser.ParseDomain(String data, Int32& index)
   at System.Net.Mail.MailAddressParser.ParseAddress(String data, Boolean expectMultipleAddresses, Int32& index)
   at System.Net.Mail.MailAddressParser.ParseAddress(String data)
   at System.Net.Mail.MailAddress..ctor(String address, String displayName, Encoding displayNameEncoding)
   at TSFramework.Libs.Providers.MailProvider.<>c__DisplayClass7_0.<SendMail>b__2(String m)
   at System.Collections.Generic.List`1.ForEach(Action`1 action)
   at TSFramework.Libs.Providers.MailProvider.SendMail(MailModel mail)
   at TSFramework.Libs.Providers.MailProvider.PushEmail(List`1 lstMails)
10:05:25.640 PM PushEmail END
10:09:22.906 PM PushEmail START
10:09:22.922 PM IsOnline
10:09:22.922 PM System The specified string is not in the form required for an e-mail address.
10:09:22.922 PM Stack: at System.Net.Mail.MailAddressParser.ReadCfwsAndThrowIfIncomplete(String data, Int32 index)
   at System.Net.Mail.MailAddressParser.ParseDomain(String data, Int32& index)
   at System.Net.Mail.MailAddressParser.ParseAddress(String data, Boolean expectMultipleAddresses, Int32& index)
   at System.Net.Mail.MailAddressParser.ParseAddress(String data)
   at System.Net.Mail.MailAddress..ctor(String address, String displayName, Encoding displayNameEncoding)
   at TSFramework.Libs.Providers.MailProvider.<>c__DisplayClass7_0.<SendMail>b__2(String m)
   at System.Collections.Generic.List`1.ForEach(Action`1 action)
   at TSFramework.Libs.Providers.MailProvider.SendMail(MailModel mail)
   at TSFramework.Libs.Providers.MailProvider.PushEmail(List`1 lstMails)
10:09:22.922 PM PushEmail END
10:09:34.266 PM PushEmail START
10:09:34.281 PM IsOnline
10:09:34.281 PM System The specified string is not in the form required for an e-mail address.
10:09:34.281 PM Stack: at System.Net.Mail.MailAddressParser.ReadCfwsAndThrowIfIncomplete(String data, Int32 index)
   at System.Net.Mail.MailAddressParser.ParseDomain(String data, Int32& index)
   at System.Net.Mail.MailAddressParser.ParseAddress(String data, Boolean expectMultipleAddresses, Int32& index)
   at System.Net.Mail.MailAddressParser.ParseAddress(String data)
   at System.Net.Mail.MailAddress..ctor(String address, String displayName, Encoding displayNameEncoding)
   at TSFramework.Libs.Providers.MailProvider.<>c__DisplayClass7_0.<SendMail>b__2(String m)
   at System.Collections.Generic.List`1.ForEach(Action`1 action)
   at TSFramework.Libs.Providers.MailProvider.SendMail(MailModel mail)
   at TSFramework.Libs.Providers.MailProvider.PushEmail(List`1 lstMails)
10:09:34.297 PM PushEmail END
10:10:45.797 PM PushEmail START
10:10:45.813 PM IsOnline
10:10:45.813 PM System The specified string is not in the form required for an e-mail address.
10:10:45.813 PM Stack: at System.Net.Mail.MailAddressParser.ReadCfwsAndThrowIfIncomplete(String data, Int32 index)
   at System.Net.Mail.MailAddressParser.ParseDomain(String data, Int32& index)
   at System.Net.Mail.MailAddressParser.ParseAddress(String data, Boolean expectMultipleAddresses, Int32& index)
   at System.Net.Mail.MailAddressParser.ParseAddress(String data)
   at System.Net.Mail.MailAddress..ctor(String address, String displayName, Encoding displayNameEncoding)
   at TSFramework.Libs.Providers.MailProvider.<>c__DisplayClass7_0.<SendMail>b__2(String m)
   at System.Collections.Generic.List`1.ForEach(Action`1 action)
   at TSFramework.Libs.Providers.MailProvider.SendMail(MailModel mail)
   at TSFramework.Libs.Providers.MailProvider.PushEmail(List`1 lstMails)
10:10:45.813 PM PushEmail END
10:20:11.642 PM PushEmail START
10:20:11.673 PM IsOnline
10:20:11.673 PM System The specified string is not in the form required for an e-mail address.
10:20:11.673 PM Stack: at System.Net.Mail.MailAddressParser.ReadCfwsAndThrowIfIncomplete(String data, Int32 index)
   at System.Net.Mail.MailAddressParser.ParseDomain(String data, Int32& index)
   at System.Net.Mail.MailAddressParser.ParseAddress(String data, Boolean expectMultipleAddresses, Int32& index)
   at System.Net.Mail.MailAddressParser.ParseAddress(String data)
   at System.Net.Mail.MailAddress..ctor(String address, String displayName, Encoding displayNameEncoding)
   at TSFramework.Libs.Providers.MailProvider.<>c__DisplayClass7_0.<SendMail>b__2(String m)
   at System.Collections.Generic.List`1.ForEach(Action`1 action)
   at TSFramework.Libs.Providers.MailProvider.SendMail(MailModel mail)
   at TSFramework.Libs.Providers.MailProvider.PushEmail(List`1 lstMails)
10:20:11.673 PM PushEmail END
10:22:01.970 PM PushEmail START
10:22:02.002 PM IsOnline
10:22:02.002 PM System The specified string is not in the form required for an e-mail address.
10:22:02.002 PM Stack: at System.Net.Mail.MailAddressParser.ReadCfwsAndThrowIfIncomplete(String data, Int32 index)
   at System.Net.Mail.MailAddressParser.ParseDomain(String data, Int32& index)
   at System.Net.Mail.MailAddressParser.ParseAddress(String data, Boolean expectMultipleAddresses, Int32& index)
   at System.Net.Mail.MailAddressParser.ParseAddress(String data)
   at System.Net.Mail.MailAddress..ctor(String address, String displayName, Encoding displayNameEncoding)
   at TSFramework.Libs.Providers.MailProvider.<>c__DisplayClass7_0.<SendMail>b__2(String m)
   at System.Collections.Generic.List`1.ForEach(Action`1 action)
   at TSFramework.Libs.Providers.MailProvider.SendMail(MailModel mail)
   at TSFramework.Libs.Providers.MailProvider.PushEmail(List`1 lstMails)
10:22:02.002 PM PushEmail END
10:23:47.580 PM PushEmail START
10:23:47.595 PM IsOnline
10:23:47.611 PM {
  "Host": "email.vnpt.vn",
  "Port": 587,
  "UserCredential": "portal-noreply.kha@vnpt.vn",
  "UserCredentialName": "VNPT_CRM",
  "UPass": "G3g@Ht%H",
  "EnableSsl": false
}
10:24:00.002 PM PushEmail END
10:24:01.596 PM PushEmail START
10:24:01.611 PM IsOnline
10:24:01.611 PM {
  "Host": "email.vnpt.vn",
  "Port": 587,
  "UserCredential": "portal-noreply.kha@vnpt.vn",
  "UserCredentialName": "VNPT_CRM",
  "UPass": "G3g@Ht%H",
  "EnableSsl": false
}
10:24:13.486 PM PushEmail END
10:30:49.612 PM PushEmail START
10:30:49.628 PM IsOnline
10:30:49.628 PM {
  "Host": "email.vnpt.vn",
  "Port": 587,
  "UserCredential": "portal-noreply.kha@vnpt.vn",
  "UserCredentialName": "VNPT_CRM",
  "UPass": "G3g@Ht%H",
  "EnableSsl": false
}
10:31:02.221 PM PushEmail END
10:32:10.659 PM PushEmail START
10:32:10.690 PM IsOnline
10:32:10.690 PM {
  "Host": "email.vnpt.vn",
  "Port": 587,
  "UserCredential": "portal-noreply.kha@vnpt.vn",
  "UserCredentialName": "VNPT_CRM",
  "UPass": "G3g@Ht%H",
  "EnableSsl": false
}
10:32:23.206 PM PushEmail END
10:57:25.662 PM PushEmail START
10:57:25.677 PM IsOnline
10:57:25.693 PM System The specified string is not in the form required for an e-mail address.
10:57:25.693 PM Stack: at System.Net.Mail.MailAddressParser.ReadCfwsAndThrowIfIncomplete(String data, Int32 index)
   at System.Net.Mail.MailAddressParser.ParseDomain(String data, Int32& index)
   at System.Net.Mail.MailAddressParser.ParseAddress(String data, Boolean expectMultipleAddresses, Int32& index)
   at System.Net.Mail.MailAddressParser.ParseAddress(String data)
   at System.Net.Mail.MailAddress..ctor(String address, String displayName, Encoding displayNameEncoding)
   at TSFramework.Libs.Providers.MailProvider.<>c__DisplayClass7_0.<SendMail>b__2(String m)
   at System.Collections.Generic.List`1.ForEach(Action`1 action)
   at TSFramework.Libs.Providers.MailProvider.SendMail(MailModel mail)
   at TSFramework.Libs.Providers.MailProvider.PushEmail(List`1 lstMails)
10:57:25.693 PM PushEmail END
10:57:27.427 PM PushEmail START
10:57:27.443 PM IsOnline
10:57:27.459 PM System The specified string is not in the form required for an e-mail address.
10:57:27.459 PM Stack: at System.Net.Mail.MailAddressParser.ReadCfwsAndThrowIfIncomplete(String data, Int32 index)
   at System.Net.Mail.MailAddressParser.ParseDomain(String data, Int32& index)
   at System.Net.Mail.MailAddressParser.ParseAddress(String data, Boolean expectMultipleAddresses, Int32& index)
   at System.Net.Mail.MailAddressParser.ParseAddress(String data)
   at System.Net.Mail.MailAddress..ctor(String address, String displayName, Encoding displayNameEncoding)
   at TSFramework.Libs.Providers.MailProvider.<>c__DisplayClass7_0.<SendMail>b__2(String m)
   at System.Collections.Generic.List`1.ForEach(Action`1 action)
   at TSFramework.Libs.Providers.MailProvider.SendMail(MailModel mail)
   at TSFramework.Libs.Providers.MailProvider.PushEmail(List`1 lstMails)
10:57:27.459 PM PushEmail END
10:57:29.037 PM PushEmail START
10:57:29.052 PM IsOnline
10:57:29.068 PM System The specified string is not in the form required for an e-mail address.
10:57:29.068 PM Stack: at System.Net.Mail.MailAddressParser.ReadCfwsAndThrowIfIncomplete(String data, Int32 index)
   at System.Net.Mail.MailAddressParser.ParseDomain(String data, Int32& index)
   at System.Net.Mail.MailAddressParser.ParseAddress(String data, Boolean expectMultipleAddresses, Int32& index)
   at System.Net.Mail.MailAddressParser.ParseAddress(String data)
   at System.Net.Mail.MailAddress..ctor(String address, String displayName, Encoding displayNameEncoding)
   at TSFramework.Libs.Providers.MailProvider.<>c__DisplayClass7_0.<SendMail>b__2(String m)
   at System.Collections.Generic.List`1.ForEach(Action`1 action)
   at TSFramework.Libs.Providers.MailProvider.SendMail(MailModel mail)
   at TSFramework.Libs.Providers.MailProvider.PushEmail(List`1 lstMails)
10:57:29.068 PM PushEmail END
10:57:30.771 PM PushEmail START
10:57:30.787 PM IsOnline
10:57:30.787 PM System The specified string is not in the form required for an e-mail address.
10:57:30.787 PM Stack: at System.Net.Mail.MailAddressParser.ReadCfwsAndThrowIfIncomplete(String data, Int32 index)
   at System.Net.Mail.MailAddressParser.ParseDomain(String data, Int32& index)
   at System.Net.Mail.MailAddressParser.ParseAddress(String data, Boolean expectMultipleAddresses, Int32& index)
   at System.Net.Mail.MailAddressParser.ParseAddress(String data)
   at System.Net.Mail.MailAddress..ctor(String address, String displayName, Encoding displayNameEncoding)
   at TSFramework.Libs.Providers.MailProvider.<>c__DisplayClass7_0.<SendMail>b__2(String m)
   at System.Collections.Generic.List`1.ForEach(Action`1 action)
   at TSFramework.Libs.Providers.MailProvider.SendMail(MailModel mail)
   at TSFramework.Libs.Providers.MailProvider.PushEmail(List`1 lstMails)
10:57:30.802 PM PushEmail END
10:58:14.943 PM PushEmail START
10:58:14.959 PM IsOnline
10:58:14.959 PM System The specified string is not in the form required for an e-mail address.
10:58:14.959 PM Stack: at System.Net.Mail.MailAddressParser.ReadCfwsAndThrowIfIncomplete(String data, Int32 index)
   at System.Net.Mail.MailAddressParser.ParseDomain(String data, Int32& index)
   at System.Net.Mail.MailAddressParser.ParseAddress(String data, Boolean expectMultipleAddresses, Int32& index)
   at System.Net.Mail.MailAddressParser.ParseAddress(String data)
   at System.Net.Mail.MailAddress..ctor(String address, String displayName, Encoding displayNameEncoding)
   at TSFramework.Libs.Providers.MailProvider.<>c__DisplayClass7_0.<SendMail>b__2(String m)
   at System.Collections.Generic.List`1.ForEach(Action`1 action)
   at TSFramework.Libs.Providers.MailProvider.SendMail(MailModel mail)
   at TSFramework.Libs.Providers.MailProvider.PushEmail(List`1 lstMails)
10:58:14.959 PM PushEmail END
10:58:59.006 PM PushEmail START
10:58:59.021 PM IsOnline
10:58:59.037 PM System The specified string is not in the form required for an e-mail address.
10:58:59.037 PM Stack: at System.Net.Mail.MailAddressParser.ReadCfwsAndThrowIfIncomplete(String data, Int32 index)
   at System.Net.Mail.MailAddressParser.ParseDomain(String data, Int32& index)
   at System.Net.Mail.MailAddressParser.ParseAddress(String data, Boolean expectMultipleAddresses, Int32& index)
   at System.Net.Mail.MailAddressParser.ParseAddress(String data)
   at System.Net.Mail.MailAddress..ctor(String address, String displayName, Encoding displayNameEncoding)
   at TSFramework.Libs.Providers.MailProvider.<>c__DisplayClass7_0.<SendMail>b__2(String m)
   at System.Collections.Generic.List`1.ForEach(Action`1 action)
   at TSFramework.Libs.Providers.MailProvider.SendMail(MailModel mail)
   at TSFramework.Libs.Providers.MailProvider.PushEmail(List`1 lstMails)
10:58:59.037 PM PushEmail END
11:00:51.896 PM PushEmail START
11:00:51.912 PM IsOnline
11:00:51.912 PM {
  "Host": "email.vnpt.vn",
  "Port": 587,
  "UserCredential": "portal-noreply.kha@vnpt.vn",
  "UserCredentialName": "VNPT_CRM",
  "UPass": "G3g@Ht%H",
  "EnableSsl": false
}
11:01:05.443 PM PushEmail END
11:07:50.897 PM PushEmail START
11:07:50.913 PM IsOnline
11:07:50.913 PM System The specified string is not in the form required for an e-mail address.
11:07:50.913 PM Stack: at System.Net.Mail.MailAddressParser.ReadCfwsAndThrowIfIncomplete(String data, Int32 index)
   at System.Net.Mail.MailAddressParser.ParseDomain(String data, Int32& index)
   at System.Net.Mail.MailAddressParser.ParseAddress(String data, Boolean expectMultipleAddresses, Int32& index)
   at System.Net.Mail.MailAddressParser.ParseAddress(String data)
   at System.Net.Mail.MailAddress..ctor(String address, String displayName, Encoding displayNameEncoding)
   at TSFramework.Libs.Providers.MailProvider.<>c__DisplayClass7_0.<SendMail>b__2(String m)
   at System.Collections.Generic.List`1.ForEach(Action`1 action)
   at TSFramework.Libs.Providers.MailProvider.SendMail(MailModel mail)
   at TSFramework.Libs.Providers.MailProvider.PushEmail(List`1 lstMails)
11:07:50.913 PM PushEmail END
11:08:19.413 PM PushEmail START
11:08:19.444 PM IsOnline
11:08:19.444 PM System The specified string is not in the form required for an e-mail address.
11:08:19.444 PM Stack: at System.Net.Mail.MailAddressParser.ReadCfwsAndThrowIfIncomplete(String data, Int32 index)
   at System.Net.Mail.MailAddressParser.ParseDomain(String data, Int32& index)
   at System.Net.Mail.MailAddressParser.ParseAddress(String data, Boolean expectMultipleAddresses, Int32& index)
   at System.Net.Mail.MailAddressParser.ParseAddress(String data)
   at System.Net.Mail.MailAddress..ctor(String address, String displayName, Encoding displayNameEncoding)
   at TSFramework.Libs.Providers.MailProvider.<>c__DisplayClass7_0.<SendMail>b__2(String m)
   at System.Collections.Generic.List`1.ForEach(Action`1 action)
   at TSFramework.Libs.Providers.MailProvider.SendMail(MailModel mail)
   at TSFramework.Libs.Providers.MailProvider.PushEmail(List`1 lstMails)
11:08:19.444 PM PushEmail END
11:09:19.976 PM PushEmail START
11:09:19.991 PM IsOnline
11:09:20.007 PM System The specified string is not in the form required for an e-mail address.
11:09:20.007 PM Stack: at System.Net.Mail.MailAddressParser.ReadCfwsAndThrowIfIncomplete(String data, Int32 index)
   at System.Net.Mail.MailAddressParser.ParseDomain(String data, Int32& index)
   at System.Net.Mail.MailAddressParser.ParseAddress(String data, Boolean expectMultipleAddresses, Int32& index)
   at System.Net.Mail.MailAddressParser.ParseAddress(String data)
   at System.Net.Mail.MailAddress..ctor(String address, String displayName, Encoding displayNameEncoding)
   at TSFramework.Libs.Providers.MailProvider.<>c__DisplayClass7_0.<SendMail>b__2(String m)
   at System.Collections.Generic.List`1.ForEach(Action`1 action)
   at TSFramework.Libs.Providers.MailProvider.SendMail(MailModel mail)
   at TSFramework.Libs.Providers.MailProvider.PushEmail(List`1 lstMails)
11:09:20.007 PM PushEmail END
11:09:47.601 PM PushEmail START
11:09:47.632 PM IsOnline
11:09:47.632 PM {
  "Host": "email.vnpt.vn",
  "Port": 587,
  "UserCredential": "portal-noreply.kha@vnpt.vn",
  "UserCredentialName": "VNPT_CRM",
  "UPass": "G3g@Ht%H",
  "EnableSsl": false
}
11:10:02.085 PM PushEmail END
11:11:13.710 PM PushEmail START
11:11:13.726 PM IsOnline
11:11:13.726 PM System The specified string is not in the form required for an e-mail address.
11:11:13.726 PM Stack: at System.Net.Mail.MailAddressParser.ReadCfwsAndThrowIfIncomplete(String data, Int32 index)
   at System.Net.Mail.MailAddressParser.ParseDomain(String data, Int32& index)
   at System.Net.Mail.MailAddressParser.ParseAddress(String data, Boolean expectMultipleAddresses, Int32& index)
   at System.Net.Mail.MailAddressParser.ParseAddress(String data)
   at System.Net.Mail.MailAddress..ctor(String address, String displayName, Encoding displayNameEncoding)
   at TSFramework.Libs.Providers.MailProvider.<>c__DisplayClass7_0.<SendMail>b__2(String m)
   at System.Collections.Generic.List`1.ForEach(Action`1 action)
   at TSFramework.Libs.Providers.MailProvider.SendMail(MailModel mail)
   at TSFramework.Libs.Providers.MailProvider.PushEmail(List`1 lstMails)
11:11:13.726 PM PushEmail END
11:12:39.679 PM PushEmail START
11:12:39.695 PM IsOnline
11:12:39.710 PM {
  "Host": "email.vnpt.vn",
  "Port": 587,
  "UserCredential": "portal-noreply.kha@vnpt.vn",
  "UserCredentialName": "VNPT_CRM",
  "UPass": "G3g@Ht%H",
  "EnableSsl": false
}
11:12:51.726 PM PushEmail END
11:13:22.570 PM PushEmail START
11:13:22.585 PM IsOnline
11:13:22.585 PM System The specified string is not in the form required for an e-mail address.
11:13:22.585 PM Stack: at System.Net.Mail.MailAddressParser.ReadCfwsAndThrowIfIncomplete(String data, Int32 index)
   at System.Net.Mail.MailAddressParser.ParseDomain(String data, Int32& index)
   at System.Net.Mail.MailAddressParser.ParseAddress(String data, Boolean expectMultipleAddresses, Int32& index)
   at System.Net.Mail.MailAddressParser.ParseAddress(String data)
   at System.Net.Mail.MailAddress..ctor(String address, String displayName, Encoding displayNameEncoding)
   at TSFramework.Libs.Providers.MailProvider.<>c__DisplayClass7_0.<SendMail>b__2(String m)
   at System.Collections.Generic.List`1.ForEach(Action`1 action)
   at TSFramework.Libs.Providers.MailProvider.SendMail(MailModel mail)
   at TSFramework.Libs.Providers.MailProvider.PushEmail(List`1 lstMails)
11:13:22.585 PM PushEmail END
11:14:44.398 PM PushEmail START
11:14:44.414 PM IsOnline
11:14:44.429 PM {
  "Host": "email.vnpt.vn",
  "Port": 587,
  "UserCredential": "portal-noreply.kha@vnpt.vn",
  "UserCredentialName": "VNPT_CRM",
  "UPass": "G3g@Ht%H",
  "EnableSsl": false
}
11:14:56.242 PM PushEmail END
11:16:10.836 PM PushEmail START
11:16:10.851 PM IsOnline
11:16:10.851 PM System The specified string is not in the form required for an e-mail address.
11:16:10.851 PM Stack: at System.Net.Mail.MailAddressParser.ReadCfwsAndThrowIfIncomplete(String data, Int32 index)
   at System.Net.Mail.MailAddressParser.ParseDomain(String data, Int32& index)
   at System.Net.Mail.MailAddressParser.ParseAddress(String data, Boolean expectMultipleAddresses, Int32& index)
   at System.Net.Mail.MailAddressParser.ParseAddress(String data)
   at System.Net.Mail.MailAddress..ctor(String address, String displayName, Encoding displayNameEncoding)
   at TSFramework.Libs.Providers.MailProvider.<>c__DisplayClass7_0.<SendMail>b__2(String m)
   at System.Collections.Generic.List`1.ForEach(Action`1 action)
   at TSFramework.Libs.Providers.MailProvider.SendMail(MailModel mail)
   at TSFramework.Libs.Providers.MailProvider.PushEmail(List`1 lstMails)
11:16:10.867 PM PushEmail END
11:17:24.555 PM PushEmail START
11:17:24.586 PM IsOnline
11:17:24.586 PM {
  "Host": "email.vnpt.vn",
  "Port": 587,
  "UserCredential": "portal-noreply.kha@vnpt.vn",
  "UserCredentialName": "VNPT_CRM",
  "UPass": "G3g@Ht%H",
  "EnableSsl": false
}
11:17:36.383 PM PushEmail END
11:17:56.492 PM PushEmail START
11:17:56.523 PM IsOnline
11:17:56.523 PM System The specified string is not in the form required for an e-mail address.
11:17:56.523 PM Stack: at System.Net.Mail.MailAddressParser.ReadCfwsAndThrowIfIncomplete(String data, Int32 index)
   at System.Net.Mail.MailAddressParser.ParseDomain(String data, Int32& index)
   at System.Net.Mail.MailAddressParser.ParseAddress(String data, Boolean expectMultipleAddresses, Int32& index)
   at System.Net.Mail.MailAddressParser.ParseAddress(String data)
   at System.Net.Mail.MailAddress..ctor(String address, String displayName, Encoding displayNameEncoding)
   at TSFramework.Libs.Providers.MailProvider.<>c__DisplayClass7_0.<SendMail>b__2(String m)
   at System.Collections.Generic.List`1.ForEach(Action`1 action)
   at TSFramework.Libs.Providers.MailProvider.SendMail(MailModel mail)
   at TSFramework.Libs.Providers.MailProvider.PushEmail(List`1 lstMails)
11:17:56.523 PM PushEmail END
11:19:06.945 PM PushEmail START
11:19:06.977 PM IsOnline
11:19:06.992 PM System The specified string is not in the form required for an e-mail address.
11:19:06.992 PM Stack: at System.Net.Mail.MailAddressParser.ReadCfwsAndThrowIfIncomplete(String data, Int32 index)
   at System.Net.Mail.MailAddressParser.ParseDomain(String data, Int32& index)
   at System.Net.Mail.MailAddressParser.ParseAddress(String data, Boolean expectMultipleAddresses, Int32& index)
   at System.Net.Mail.MailAddressParser.ParseAddress(String data)
   at System.Net.Mail.MailAddress..ctor(String address, String displayName, Encoding displayNameEncoding)
   at TSFramework.Libs.Providers.MailProvider.<>c__DisplayClass7_0.<SendMail>b__2(String m)
   at System.Collections.Generic.List`1.ForEach(Action`1 action)
   at TSFramework.Libs.Providers.MailProvider.SendMail(MailModel mail)
   at TSFramework.Libs.Providers.MailProvider.PushEmail(List`1 lstMails)
11:19:06.992 PM PushEmail END
11:23:41.524 PM PushEmail START
11:23:41.540 PM IsOnline
11:23:41.540 PM System The specified string is not in the form required for an e-mail address.
11:23:41.540 PM Stack: at System.Net.Mail.MailAddressParser.ReadCfwsAndThrowIfIncomplete(String data, Int32 index)
   at System.Net.Mail.MailAddressParser.ParseDomain(String data, Int32& index)
   at System.Net.Mail.MailAddressParser.ParseAddress(String data, Boolean expectMultipleAddresses, Int32& index)
   at System.Net.Mail.MailAddressParser.ParseAddress(String data)
   at System.Net.Mail.MailAddress..ctor(String address, String displayName, Encoding displayNameEncoding)
   at TSFramework.Libs.Providers.MailProvider.<>c__DisplayClass7_0.<SendMail>b__2(String m)
   at System.Collections.Generic.List`1.ForEach(Action`1 action)
   at TSFramework.Libs.Providers.MailProvider.SendMail(MailModel mail)
   at TSFramework.Libs.Providers.MailProvider.PushEmail(List`1 lstMails)
11:23:41.540 PM PushEmail END
11:24:27.430 PM PushEmail START
11:24:27.446 PM IsOnline
11:24:27.462 PM {
  "Host": "email.vnpt.vn",
  "Port": 587,
  "UserCredential": "portal-noreply.kha@vnpt.vn",
  "UserCredentialName": "VNPT_CRM",
  "UPass": "G3g@Ht%H",
  "EnableSsl": false
}
11:24:41.399 PM PushEmail END
