03:23:07.580 AM System.Web.Mvc The controller for path '/robots.txt' was not found or does not implement IController.
03:23:07.580 AM Stack: at System.Web.Mvc.DefaultControllerFactory.GetControllerInstance(RequestContext requestContext, Type controllerType)
   at System.Web.Mvc.MvcHandler.ProcessRequestInit(HttpContextBase httpContext, IController& controller, IControllerFactory& factory)
   at System.Web.Mvc.MvcHandler.BeginProcessRequest(HttpContextBase httpContext, AsyncCallback callback, Object state)
   at System.Web.HttpApplication.CallHandlerExecutionStep.System.Web.HttpApplication.IExecutionStep.Execute()
   at System.Web.HttpApplication.ExecuteStepImpl(IExecutionStep step)
   at System.Web.HttpApplication.ExecuteStep(IExecutionStep step, Boolean& completedSynchronously)
07:23:58.624 AM System.Web.Mvc The controller for path '/wp-includes/wlwmanifest.xml' was not found or does not implement IController.
07:23:58.624 AM Stack: at System.Web.Mvc.DefaultControllerFactory.GetControllerInstance(RequestContext requestContext, Type controllerType)
   at System.Web.Mvc.MvcHandler.ProcessRequestInit(HttpContextBase httpContext, IController& controller, IControllerFactory& factory)
   at System.Web.Mvc.MvcHandler.BeginProcessRequest(HttpContextBase httpContext, AsyncCallback callback, Object state)
   at System.Web.HttpApplication.CallHandlerExecutionStep.System.Web.HttpApplication.IExecutionStep.Execute()
   at System.Web.HttpApplication.ExecuteStepImpl(IExecutionStep step)
   at System.Web.HttpApplication.ExecuteStep(IExecutionStep step, Boolean& completedSynchronously)
07:23:58.905 AM System.Web.Mvc The controller for path '/xmlrpc.php' was not found or does not implement IController.
07:23:58.905 AM Stack: at System.Web.Mvc.DefaultControllerFactory.GetControllerInstance(RequestContext requestContext, Type controllerType)
   at System.Web.Mvc.MvcHandler.ProcessRequestInit(HttpContextBase httpContext, IController& controller, IControllerFactory& factory)
   at System.Web.Mvc.MvcHandler.BeginProcessRequest(HttpContextBase httpContext, AsyncCallback callback, Object state)
   at System.Web.HttpApplication.CallHandlerExecutionStep.System.Web.HttpApplication.IExecutionStep.Execute()
   at System.Web.HttpApplication.ExecuteStepImpl(IExecutionStep step)
   at System.Web.HttpApplication.ExecuteStep(IExecutionStep step, Boolean& completedSynchronously)
07:23:59.499 AM System.Web.Mvc The controller for path '/blog/wp-includes/wlwmanifest.xml' was not found or does not implement IController.
07:23:59.499 AM Stack: at System.Web.Mvc.DefaultControllerFactory.GetControllerInstance(RequestContext requestContext, Type controllerType)
   at System.Web.Mvc.MvcHandler.ProcessRequestInit(HttpContextBase httpContext, IController& controller, IControllerFactory& factory)
   at System.Web.Mvc.MvcHandler.BeginProcessRequest(HttpContextBase httpContext, AsyncCallback callback, Object state)
   at System.Web.HttpApplication.CallHandlerExecutionStep.System.Web.HttpApplication.IExecutionStep.Execute()
   at System.Web.HttpApplication.ExecuteStepImpl(IExecutionStep step)
   at System.Web.HttpApplication.ExecuteStep(IExecutionStep step, Boolean& completedSynchronously)
07:23:59.780 AM System.Web.Mvc The controller for path '/web/wp-includes/wlwmanifest.xml' was not found or does not implement IController.
07:23:59.780 AM Stack: at System.Web.Mvc.DefaultControllerFactory.GetControllerInstance(RequestContext requestContext, Type controllerType)
   at System.Web.Mvc.MvcHandler.ProcessRequestInit(HttpContextBase httpContext, IController& controller, IControllerFactory& factory)
   at System.Web.Mvc.MvcHandler.BeginProcessRequest(HttpContextBase httpContext, AsyncCallback callback, Object state)
   at System.Web.HttpApplication.CallHandlerExecutionStep.System.Web.HttpApplication.IExecutionStep.Execute()
   at System.Web.HttpApplication.ExecuteStepImpl(IExecutionStep step)
   at System.Web.HttpApplication.ExecuteStep(IExecutionStep step, Boolean& completedSynchronously)
07:24:00.061 AM System.Web.Mvc The controller for path '/wordpress/wp-includes/wlwmanifest.xml' was not found or does not implement IController.
07:24:00.061 AM Stack: at System.Web.Mvc.DefaultControllerFactory.GetControllerInstance(RequestContext requestContext, Type controllerType)
   at System.Web.Mvc.MvcHandler.ProcessRequestInit(HttpContextBase httpContext, IController& controller, IControllerFactory& factory)
   at System.Web.Mvc.MvcHandler.BeginProcessRequest(HttpContextBase httpContext, AsyncCallback callback, Object state)
   at System.Web.HttpApplication.CallHandlerExecutionStep.System.Web.HttpApplication.IExecutionStep.Execute()
   at System.Web.HttpApplication.ExecuteStepImpl(IExecutionStep step)
   at System.Web.HttpApplication.ExecuteStep(IExecutionStep step, Boolean& completedSynchronously)
07:24:00.327 AM System.Web.Mvc The controller for path '/website/wp-includes/wlwmanifest.xml' was not found or does not implement IController.
07:24:00.327 AM Stack: at System.Web.Mvc.DefaultControllerFactory.GetControllerInstance(RequestContext requestContext, Type controllerType)
   at System.Web.Mvc.MvcHandler.ProcessRequestInit(HttpContextBase httpContext, IController& controller, IControllerFactory& factory)
   at System.Web.Mvc.MvcHandler.BeginProcessRequest(HttpContextBase httpContext, AsyncCallback callback, Object state)
   at System.Web.HttpApplication.CallHandlerExecutionStep.System.Web.HttpApplication.IExecutionStep.Execute()
   at System.Web.HttpApplication.ExecuteStepImpl(IExecutionStep step)
   at System.Web.HttpApplication.ExecuteStep(IExecutionStep step, Boolean& completedSynchronously)
07:24:00.608 AM System.Web.Mvc The controller for path '/wp/wp-includes/wlwmanifest.xml' was not found or does not implement IController.
07:24:00.608 AM Stack: at System.Web.Mvc.DefaultControllerFactory.GetControllerInstance(RequestContext requestContext, Type controllerType)
   at System.Web.Mvc.MvcHandler.ProcessRequestInit(HttpContextBase httpContext, IController& controller, IControllerFactory& factory)
   at System.Web.Mvc.MvcHandler.BeginProcessRequest(HttpContextBase httpContext, AsyncCallback callback, Object state)
   at System.Web.HttpApplication.CallHandlerExecutionStep.System.Web.HttpApplication.IExecutionStep.Execute()
   at System.Web.HttpApplication.ExecuteStepImpl(IExecutionStep step)
   at System.Web.HttpApplication.ExecuteStep(IExecutionStep step, Boolean& completedSynchronously)
07:24:00.874 AM System.Web.Mvc The controller for path '/news/wp-includes/wlwmanifest.xml' was not found or does not implement IController.
07:24:00.874 AM Stack: at System.Web.Mvc.DefaultControllerFactory.GetControllerInstance(RequestContext requestContext, Type controllerType)
   at System.Web.Mvc.MvcHandler.ProcessRequestInit(HttpContextBase httpContext, IController& controller, IControllerFactory& factory)
   at System.Web.Mvc.MvcHandler.BeginProcessRequest(HttpContextBase httpContext, AsyncCallback callback, Object state)
   at System.Web.HttpApplication.CallHandlerExecutionStep.System.Web.HttpApplication.IExecutionStep.Execute()
   at System.Web.HttpApplication.ExecuteStepImpl(IExecutionStep step)
   at System.Web.HttpApplication.ExecuteStep(IExecutionStep step, Boolean& completedSynchronously)
07:24:01.155 AM System.Web.Mvc The controller for path '/2018/wp-includes/wlwmanifest.xml' was not found or does not implement IController.
07:24:01.155 AM Stack: at System.Web.Mvc.DefaultControllerFactory.GetControllerInstance(RequestContext requestContext, Type controllerType)
   at System.Web.Mvc.MvcHandler.ProcessRequestInit(HttpContextBase httpContext, IController& controller, IControllerFactory& factory)
   at System.Web.Mvc.MvcHandler.BeginProcessRequest(HttpContextBase httpContext, AsyncCallback callback, Object state)
   at System.Web.HttpApplication.CallHandlerExecutionStep.System.Web.HttpApplication.IExecutionStep.Execute()
   at System.Web.HttpApplication.ExecuteStepImpl(IExecutionStep step)
   at System.Web.HttpApplication.ExecuteStep(IExecutionStep step, Boolean& completedSynchronously)
07:24:01.436 AM System.Web.Mvc The controller for path '/2019/wp-includes/wlwmanifest.xml' was not found or does not implement IController.
07:24:01.436 AM Stack: at System.Web.Mvc.DefaultControllerFactory.GetControllerInstance(RequestContext requestContext, Type controllerType)
   at System.Web.Mvc.MvcHandler.ProcessRequestInit(HttpContextBase httpContext, IController& controller, IControllerFactory& factory)
   at System.Web.Mvc.MvcHandler.BeginProcessRequest(HttpContextBase httpContext, AsyncCallback callback, Object state)
   at System.Web.HttpApplication.CallHandlerExecutionStep.System.Web.HttpApplication.IExecutionStep.Execute()
   at System.Web.HttpApplication.ExecuteStepImpl(IExecutionStep step)
   at System.Web.HttpApplication.ExecuteStep(IExecutionStep step, Boolean& completedSynchronously)
07:24:01.702 AM System.Web.Mvc The controller for path '/shop/wp-includes/wlwmanifest.xml' was not found or does not implement IController.
07:24:01.702 AM Stack: at System.Web.Mvc.DefaultControllerFactory.GetControllerInstance(RequestContext requestContext, Type controllerType)
   at System.Web.Mvc.MvcHandler.ProcessRequestInit(HttpContextBase httpContext, IController& controller, IControllerFactory& factory)
   at System.Web.Mvc.MvcHandler.BeginProcessRequest(HttpContextBase httpContext, AsyncCallback callback, Object state)
   at System.Web.HttpApplication.CallHandlerExecutionStep.System.Web.HttpApplication.IExecutionStep.Execute()
   at System.Web.HttpApplication.ExecuteStepImpl(IExecutionStep step)
   at System.Web.HttpApplication.ExecuteStep(IExecutionStep step, Boolean& completedSynchronously)
07:24:01.983 AM System.Web.Mvc The controller for path '/wp1/wp-includes/wlwmanifest.xml' was not found or does not implement IController.
07:24:01.983 AM Stack: at System.Web.Mvc.DefaultControllerFactory.GetControllerInstance(RequestContext requestContext, Type controllerType)
   at System.Web.Mvc.MvcHandler.ProcessRequestInit(HttpContextBase httpContext, IController& controller, IControllerFactory& factory)
   at System.Web.Mvc.MvcHandler.BeginProcessRequest(HttpContextBase httpContext, AsyncCallback callback, Object state)
   at System.Web.HttpApplication.CallHandlerExecutionStep.System.Web.HttpApplication.IExecutionStep.Execute()
   at System.Web.HttpApplication.ExecuteStepImpl(IExecutionStep step)
   at System.Web.HttpApplication.ExecuteStep(IExecutionStep step, Boolean& completedSynchronously)
07:24:02.264 AM System.Web.Mvc The controller for path '/test/wp-includes/wlwmanifest.xml' was not found or does not implement IController.
07:24:02.264 AM Stack: at System.Web.Mvc.DefaultControllerFactory.GetControllerInstance(RequestContext requestContext, Type controllerType)
   at System.Web.Mvc.MvcHandler.ProcessRequestInit(HttpContextBase httpContext, IController& controller, IControllerFactory& factory)
   at System.Web.Mvc.MvcHandler.BeginProcessRequest(HttpContextBase httpContext, AsyncCallback callback, Object state)
   at System.Web.HttpApplication.CallHandlerExecutionStep.System.Web.HttpApplication.IExecutionStep.Execute()
   at System.Web.HttpApplication.ExecuteStepImpl(IExecutionStep step)
   at System.Web.HttpApplication.ExecuteStep(IExecutionStep step, Boolean& completedSynchronously)
07:24:02.530 AM System.Web.Mvc The controller for path '/media/wp-includes/wlwmanifest.xml' was not found or does not implement IController.
07:24:02.530 AM Stack: at System.Web.Mvc.DefaultControllerFactory.GetControllerInstance(RequestContext requestContext, Type controllerType)
   at System.Web.Mvc.MvcHandler.ProcessRequestInit(HttpContextBase httpContext, IController& controller, IControllerFactory& factory)
   at System.Web.Mvc.MvcHandler.BeginProcessRequest(HttpContextBase httpContext, AsyncCallback callback, Object state)
   at System.Web.HttpApplication.CallHandlerExecutionStep.System.Web.HttpApplication.IExecutionStep.Execute()
   at System.Web.HttpApplication.ExecuteStepImpl(IExecutionStep step)
   at System.Web.HttpApplication.ExecuteStep(IExecutionStep step, Boolean& completedSynchronously)
07:24:02.811 AM System.Web.Mvc The controller for path '/wp2/wp-includes/wlwmanifest.xml' was not found or does not implement IController.
07:24:02.811 AM Stack: at System.Web.Mvc.DefaultControllerFactory.GetControllerInstance(RequestContext requestContext, Type controllerType)
   at System.Web.Mvc.MvcHandler.ProcessRequestInit(HttpContextBase httpContext, IController& controller, IControllerFactory& factory)
   at System.Web.Mvc.MvcHandler.BeginProcessRequest(HttpContextBase httpContext, AsyncCallback callback, Object state)
   at System.Web.HttpApplication.CallHandlerExecutionStep.System.Web.HttpApplication.IExecutionStep.Execute()
   at System.Web.HttpApplication.ExecuteStepImpl(IExecutionStep step)
   at System.Web.HttpApplication.ExecuteStep(IExecutionStep step, Boolean& completedSynchronously)
07:24:03.092 AM System.Web.Mvc The controller for path '/site/wp-includes/wlwmanifest.xml' was not found or does not implement IController.
07:24:03.092 AM Stack: at System.Web.Mvc.DefaultControllerFactory.GetControllerInstance(RequestContext requestContext, Type controllerType)
   at System.Web.Mvc.MvcHandler.ProcessRequestInit(HttpContextBase httpContext, IController& controller, IControllerFactory& factory)
   at System.Web.Mvc.MvcHandler.BeginProcessRequest(HttpContextBase httpContext, AsyncCallback callback, Object state)
   at System.Web.HttpApplication.CallHandlerExecutionStep.System.Web.HttpApplication.IExecutionStep.Execute()
   at System.Web.HttpApplication.ExecuteStepImpl(IExecutionStep step)
   at System.Web.HttpApplication.ExecuteStep(IExecutionStep step, Boolean& completedSynchronously)
07:24:03.374 AM System.Web.Mvc The controller for path '/cms/wp-includes/wlwmanifest.xml' was not found or does not implement IController.
07:24:03.374 AM Stack: at System.Web.Mvc.DefaultControllerFactory.GetControllerInstance(RequestContext requestContext, Type controllerType)
   at System.Web.Mvc.MvcHandler.ProcessRequestInit(HttpContextBase httpContext, IController& controller, IControllerFactory& factory)
   at System.Web.Mvc.MvcHandler.BeginProcessRequest(HttpContextBase httpContext, AsyncCallback callback, Object state)
   at System.Web.HttpApplication.CallHandlerExecutionStep.System.Web.HttpApplication.IExecutionStep.Execute()
   at System.Web.HttpApplication.ExecuteStepImpl(IExecutionStep step)
   at System.Web.HttpApplication.ExecuteStep(IExecutionStep step, Boolean& completedSynchronously)
07:24:03.639 AM System.Web.Mvc The controller for path '/sito/wp-includes/wlwmanifest.xml' was not found or does not implement IController.
07:24:03.639 AM Stack: at System.Web.Mvc.DefaultControllerFactory.GetControllerInstance(RequestContext requestContext, Type controllerType)
   at System.Web.Mvc.MvcHandler.ProcessRequestInit(HttpContextBase httpContext, IController& controller, IControllerFactory& factory)
   at System.Web.Mvc.MvcHandler.BeginProcessRequest(HttpContextBase httpContext, AsyncCallback callback, Object state)
   at System.Web.HttpApplication.CallHandlerExecutionStep.System.Web.HttpApplication.IExecutionStep.Execute()
   at System.Web.HttpApplication.ExecuteStepImpl(IExecutionStep step)
   at System.Web.HttpApplication.ExecuteStep(IExecutionStep step, Boolean& completedSynchronously)
08:07:27.675 AM System.Web Server cannot set status after HTTP headers have been sent.
08:07:27.691 AM Stack: at System.Web.HttpResponse.set_StatusCode(Int32 value)
   at System.Web.Mvc.HandleErrorAttribute.OnException(ExceptionContext filterContext)
   at System.Web.Mvc.ControllerActionInvoker.InvokeExceptionFilters(ControllerContext controllerContext, IList`1 filters, Exception exception)
   at System.Web.Mvc.Async.AsyncControllerActionInvoker.<>c__DisplayClass3_1.<BeginInvokeAction>b__1(IAsyncResult asyncResult)
   at System.Web.Mvc.Async.AsyncControllerActionInvoker.EndInvokeAction(IAsyncResult asyncResult)
   at System.Web.Mvc.Controller.<>c.<BeginExecuteCore>b__152_1(IAsyncResult asyncResult, ExecuteCoreState innerState)
   at System.Web.Mvc.Async.AsyncResultWrapper.WrappedAsyncVoid`1.CallEndDelegate(IAsyncResult asyncResult)
   at System.Web.Mvc.Controller.EndExecuteCore(IAsyncResult asyncResult)
   at System.Web.Mvc.Async.AsyncResultWrapper.WrappedAsyncVoid`1.CallEndDelegate(IAsyncResult asyncResult)
   at System.Web.Mvc.Controller.EndExecute(IAsyncResult asyncResult)
   at System.Web.Mvc.MvcHandler.<>c.<BeginProcessRequest>b__20_1(IAsyncResult asyncResult, ProcessRequestState innerState)
   at System.Web.Mvc.Async.AsyncResultWrapper.WrappedAsyncVoid`1.CallEndDelegate(IAsyncResult asyncResult)
   at System.Web.Mvc.MvcHandler.EndProcessRequest(IAsyncResult asyncResult)
   at System.Web.HttpApplication.CallHandlerExecutionStep.System.Web.HttpApplication.IExecutionStep.Execute()
   at System.Web.HttpApplication.ExecuteStepImpl(IExecutionStep step)
   at System.Web.HttpApplication.ExecuteStep(IExecutionStep step, Boolean& completedSynchronously)
08:22:45.380 AM System.Web.Mvc The controller for path '/Cate/IsPermit' was not found or does not implement IController.
08:22:45.380 AM Stack: at System.Web.Mvc.DefaultControllerFactory.GetControllerInstance(RequestContext requestContext, Type controllerType)
   at System.Web.Mvc.MvcHandler.ProcessRequestInit(HttpContextBase httpContext, IController& controller, IControllerFactory& factory)
   at System.Web.Mvc.MvcHandler.BeginProcessRequest(HttpContextBase httpContext, AsyncCallback callback, Object state)
   at System.Web.HttpApplication.CallHandlerExecutionStep.System.Web.HttpApplication.IExecutionStep.Execute()
   at System.Web.HttpApplication.ExecuteStepImpl(IExecutionStep step)
   at System.Web.HttpApplication.ExecuteStep(IExecutionStep step, Boolean& completedSynchronously)
08:22:45.411 AM System.Web.Mvc The controller for path '/Cate/IsPermit' was not found or does not implement IController.
08:22:45.411 AM Stack: at System.Web.Mvc.DefaultControllerFactory.GetControllerInstance(RequestContext requestContext, Type controllerType)
   at System.Web.Mvc.MvcHandler.ProcessRequestInit(HttpContextBase httpContext, IController& controller, IControllerFactory& factory)
   at System.Web.Mvc.MvcHandler.BeginProcessRequest(HttpContextBase httpContext, AsyncCallback callback, Object state)
   at System.Web.HttpApplication.CallHandlerExecutionStep.System.Web.HttpApplication.IExecutionStep.Execute()
   at System.Web.HttpApplication.ExecuteStepImpl(IExecutionStep step)
   at System.Web.HttpApplication.ExecuteStep(IExecutionStep step, Boolean& completedSynchronously)
08:22:45.411 AM System.Web.Mvc The controller for path '/Cate/IsPermit' was not found or does not implement IController.
08:22:45.411 AM Stack: at System.Web.Mvc.DefaultControllerFactory.GetControllerInstance(RequestContext requestContext, Type controllerType)
   at System.Web.Mvc.MvcHandler.ProcessRequestInit(HttpContextBase httpContext, IController& controller, IControllerFactory& factory)
   at System.Web.Mvc.MvcHandler.BeginProcessRequest(HttpContextBase httpContext, AsyncCallback callback, Object state)
   at System.Web.HttpApplication.CallHandlerExecutionStep.System.Web.HttpApplication.IExecutionStep.Execute()
   at System.Web.HttpApplication.ExecuteStepImpl(IExecutionStep step)
   at System.Web.HttpApplication.ExecuteStep(IExecutionStep step, Boolean& completedSynchronously)
08:22:45.427 AM System.Web.Mvc The controller for path '/Cate/IsPermit' was not found or does not implement IController.
08:22:45.427 AM Stack: at System.Web.Mvc.DefaultControllerFactory.GetControllerInstance(RequestContext requestContext, Type controllerType)
   at System.Web.Mvc.MvcHandler.ProcessRequestInit(HttpContextBase httpContext, IController& controller, IControllerFactory& factory)
   at System.Web.Mvc.MvcHandler.BeginProcessRequest(HttpContextBase httpContext, AsyncCallback callback, Object state)
   at System.Web.HttpApplication.CallHandlerExecutionStep.System.Web.HttpApplication.IExecutionStep.Execute()
   at System.Web.HttpApplication.ExecuteStepImpl(IExecutionStep step)
   at System.Web.HttpApplication.ExecuteStep(IExecutionStep step, Boolean& completedSynchronously)
08:22:45.427 AM System.Web.Mvc The controller for path '/Cate/IsPermit' was not found or does not implement IController.
08:22:45.427 AM Stack: at System.Web.Mvc.DefaultControllerFactory.GetControllerInstance(RequestContext requestContext, Type controllerType)
   at System.Web.Mvc.MvcHandler.ProcessRequestInit(HttpContextBase httpContext, IController& controller, IControllerFactory& factory)
   at System.Web.Mvc.MvcHandler.BeginProcessRequest(HttpContextBase httpContext, AsyncCallback callback, Object state)
   at System.Web.HttpApplication.CallHandlerExecutionStep.System.Web.HttpApplication.IExecutionStep.Execute()
   at System.Web.HttpApplication.ExecuteStepImpl(IExecutionStep step)
   at System.Web.HttpApplication.ExecuteStep(IExecutionStep step, Boolean& completedSynchronously)
08:22:45.443 AM System.Web.Mvc The controller for path '/Cate/IsPermit' was not found or does not implement IController.
08:22:45.443 AM Stack: at System.Web.Mvc.DefaultControllerFactory.GetControllerInstance(RequestContext requestContext, Type controllerType)
   at System.Web.Mvc.MvcHandler.ProcessRequestInit(HttpContextBase httpContext, IController& controller, IControllerFactory& factory)
   at System.Web.Mvc.MvcHandler.BeginProcessRequest(HttpContextBase httpContext, AsyncCallback callback, Object state)
   at System.Web.HttpApplication.CallHandlerExecutionStep.System.Web.HttpApplication.IExecutionStep.Execute()
   at System.Web.HttpApplication.ExecuteStepImpl(IExecutionStep step)
   at System.Web.HttpApplication.ExecuteStep(IExecutionStep step, Boolean& completedSynchronously)
08:22:45.443 AM System.Web.Mvc The controller for path '/Cate/IsPermit' was not found or does not implement IController.
08:22:45.443 AM Stack: at System.Web.Mvc.DefaultControllerFactory.GetControllerInstance(RequestContext requestContext, Type controllerType)
   at System.Web.Mvc.MvcHandler.ProcessRequestInit(HttpContextBase httpContext, IController& controller, IControllerFactory& factory)
   at System.Web.Mvc.MvcHandler.BeginProcessRequest(HttpContextBase httpContext, AsyncCallback callback, Object state)
   at System.Web.HttpApplication.CallHandlerExecutionStep.System.Web.HttpApplication.IExecutionStep.Execute()
   at System.Web.HttpApplication.ExecuteStepImpl(IExecutionStep step)
   at System.Web.HttpApplication.ExecuteStep(IExecutionStep step, Boolean& completedSynchronously)
08:22:45.458 AM System.Web.Mvc The controller for path '/Cate/IsPermit' was not found or does not implement IController.
08:22:45.458 AM Stack: at System.Web.Mvc.DefaultControllerFactory.GetControllerInstance(RequestContext requestContext, Type controllerType)
   at System.Web.Mvc.MvcHandler.ProcessRequestInit(HttpContextBase httpContext, IController& controller, IControllerFactory& factory)
   at System.Web.Mvc.MvcHandler.BeginProcessRequest(HttpContextBase httpContext, AsyncCallback callback, Object state)
   at System.Web.HttpApplication.CallHandlerExecutionStep.System.Web.HttpApplication.IExecutionStep.Execute()
   at System.Web.HttpApplication.ExecuteStepImpl(IExecutionStep step)
   at System.Web.HttpApplication.ExecuteStep(IExecutionStep step, Boolean& completedSynchronously)
08:22:45.474 AM System.Web.Mvc The controller for path '/Cate/IsPermit' was not found or does not implement IController.
08:22:45.474 AM Stack: at System.Web.Mvc.DefaultControllerFactory.GetControllerInstance(RequestContext requestContext, Type controllerType)
   at System.Web.Mvc.MvcHandler.ProcessRequestInit(HttpContextBase httpContext, IController& controller, IControllerFactory& factory)
   at System.Web.Mvc.MvcHandler.BeginProcessRequest(HttpContextBase httpContext, AsyncCallback callback, Object state)
   at System.Web.HttpApplication.CallHandlerExecutionStep.System.Web.HttpApplication.IExecutionStep.Execute()
   at System.Web.HttpApplication.ExecuteStepImpl(IExecutionStep step)
   at System.Web.HttpApplication.ExecuteStep(IExecutionStep step, Boolean& completedSynchronously)
08:22:45.474 AM System.Web.Mvc The controller for path '/Cate/IsPermit' was not found or does not implement IController.
08:22:45.474 AM Stack: at System.Web.Mvc.DefaultControllerFactory.GetControllerInstance(RequestContext requestContext, Type controllerType)
   at System.Web.Mvc.MvcHandler.ProcessRequestInit(HttpContextBase httpContext, IController& controller, IControllerFactory& factory)
   at System.Web.Mvc.MvcHandler.BeginProcessRequest(HttpContextBase httpContext, AsyncCallback callback, Object state)
   at System.Web.HttpApplication.CallHandlerExecutionStep.System.Web.HttpApplication.IExecutionStep.Execute()
   at System.Web.HttpApplication.ExecuteStepImpl(IExecutionStep step)
   at System.Web.HttpApplication.ExecuteStep(IExecutionStep step, Boolean& completedSynchronously)
08:22:45.490 AM System.Web.Mvc The controller for path '/Cate/IsPermit' was not found or does not implement IController.
08:22:45.490 AM Stack: at System.Web.Mvc.DefaultControllerFactory.GetControllerInstance(RequestContext requestContext, Type controllerType)
   at System.Web.Mvc.MvcHandler.ProcessRequestInit(HttpContextBase httpContext, IController& controller, IControllerFactory& factory)
   at System.Web.Mvc.MvcHandler.BeginProcessRequest(HttpContextBase httpContext, AsyncCallback callback, Object state)
   at System.Web.HttpApplication.CallHandlerExecutionStep.System.Web.HttpApplication.IExecutionStep.Execute()
   at System.Web.HttpApplication.ExecuteStepImpl(IExecutionStep step)
   at System.Web.HttpApplication.ExecuteStep(IExecutionStep step, Boolean& completedSynchronously)
08:22:45.490 AM System.Web.Mvc The controller for path '/Cate/IsPermit' was not found or does not implement IController.
08:22:45.490 AM Stack: at System.Web.Mvc.DefaultControllerFactory.GetControllerInstance(RequestContext requestContext, Type controllerType)
   at System.Web.Mvc.MvcHandler.ProcessRequestInit(HttpContextBase httpContext, IController& controller, IControllerFactory& factory)
   at System.Web.Mvc.MvcHandler.BeginProcessRequest(HttpContextBase httpContext, AsyncCallback callback, Object state)
   at System.Web.HttpApplication.CallHandlerExecutionStep.System.Web.HttpApplication.IExecutionStep.Execute()
   at System.Web.HttpApplication.ExecuteStepImpl(IExecutionStep step)
   at System.Web.HttpApplication.ExecuteStep(IExecutionStep step, Boolean& completedSynchronously)
08:22:45.505 AM System.Web.Mvc The controller for path '/Cate/IsPermit' was not found or does not implement IController.
08:22:45.505 AM Stack: at System.Web.Mvc.DefaultControllerFactory.GetControllerInstance(RequestContext requestContext, Type controllerType)
   at System.Web.Mvc.MvcHandler.ProcessRequestInit(HttpContextBase httpContext, IController& controller, IControllerFactory& factory)
   at System.Web.Mvc.MvcHandler.BeginProcessRequest(HttpContextBase httpContext, AsyncCallback callback, Object state)
   at System.Web.HttpApplication.CallHandlerExecutionStep.System.Web.HttpApplication.IExecutionStep.Execute()
   at System.Web.HttpApplication.ExecuteStepImpl(IExecutionStep step)
   at System.Web.HttpApplication.ExecuteStep(IExecutionStep step, Boolean& completedSynchronously)
08:22:45.505 AM System.Web.Mvc The controller for path '/Cate/IsPermit' was not found or does not implement IController.
08:22:45.505 AM Stack: at System.Web.Mvc.DefaultControllerFactory.GetControllerInstance(RequestContext requestContext, Type controllerType)
   at System.Web.Mvc.MvcHandler.ProcessRequestInit(HttpContextBase httpContext, IController& controller, IControllerFactory& factory)
   at System.Web.Mvc.MvcHandler.BeginProcessRequest(HttpContextBase httpContext, AsyncCallback callback, Object state)
   at System.Web.HttpApplication.CallHandlerExecutionStep.System.Web.HttpApplication.IExecutionStep.Execute()
   at System.Web.HttpApplication.ExecuteStepImpl(IExecutionStep step)
   at System.Web.HttpApplication.ExecuteStep(IExecutionStep step, Boolean& completedSynchronously)
08:22:46.036 AM System.Web.Mvc The controller for path '/Cate/IsPermit' was not found or does not implement IController.
08:22:46.036 AM Stack: at System.Web.Mvc.DefaultControllerFactory.GetControllerInstance(RequestContext requestContext, Type controllerType)
   at System.Web.Mvc.MvcHandler.ProcessRequestInit(HttpContextBase httpContext, IController& controller, IControllerFactory& factory)
   at System.Web.Mvc.MvcHandler.BeginProcessRequest(HttpContextBase httpContext, AsyncCallback callback, Object state)
   at System.Web.HttpApplication.CallHandlerExecutionStep.System.Web.HttpApplication.IExecutionStep.Execute()
   at System.Web.HttpApplication.ExecuteStepImpl(IExecutionStep step)
   at System.Web.HttpApplication.ExecuteStep(IExecutionStep step, Boolean& completedSynchronously)
08:22:46.036 AM System.Web.Mvc The controller for path '/Cate/IsPermit' was not found or does not implement IController.
08:22:46.036 AM Stack: at System.Web.Mvc.DefaultControllerFactory.GetControllerInstance(RequestContext requestContext, Type controllerType)
   at System.Web.Mvc.MvcHandler.ProcessRequestInit(HttpContextBase httpContext, IController& controller, IControllerFactory& factory)
   at System.Web.Mvc.MvcHandler.BeginProcessRequest(HttpContextBase httpContext, AsyncCallback callback, Object state)
   at System.Web.HttpApplication.CallHandlerExecutionStep.System.Web.HttpApplication.IExecutionStep.Execute()
   at System.Web.HttpApplication.ExecuteStepImpl(IExecutionStep step)
   at System.Web.HttpApplication.ExecuteStep(IExecutionStep step, Boolean& completedSynchronously)
08:22:46.052 AM System.Web.Mvc The controller for path '/Cate/IsPermit' was not found or does not implement IController.
08:22:46.052 AM Stack: at System.Web.Mvc.DefaultControllerFactory.GetControllerInstance(RequestContext requestContext, Type controllerType)
   at System.Web.Mvc.MvcHandler.ProcessRequestInit(HttpContextBase httpContext, IController& controller, IControllerFactory& factory)
   at System.Web.Mvc.MvcHandler.BeginProcessRequest(HttpContextBase httpContext, AsyncCallback callback, Object state)
   at System.Web.HttpApplication.CallHandlerExecutionStep.System.Web.HttpApplication.IExecutionStep.Execute()
   at System.Web.HttpApplication.ExecuteStepImpl(IExecutionStep step)
   at System.Web.HttpApplication.ExecuteStep(IExecutionStep step, Boolean& completedSynchronously)
08:22:46.068 AM System.Web.Mvc The controller for path '/Cate/IsPermit' was not found or does not implement IController.
08:22:46.068 AM Stack: at System.Web.Mvc.DefaultControllerFactory.GetControllerInstance(RequestContext requestContext, Type controllerType)
   at System.Web.Mvc.MvcHandler.ProcessRequestInit(HttpContextBase httpContext, IController& controller, IControllerFactory& factory)
   at System.Web.Mvc.MvcHandler.BeginProcessRequest(HttpContextBase httpContext, AsyncCallback callback, Object state)
   at System.Web.HttpApplication.CallHandlerExecutionStep.System.Web.HttpApplication.IExecutionStep.Execute()
   at System.Web.HttpApplication.ExecuteStepImpl(IExecutionStep step)
   at System.Web.HttpApplication.ExecuteStep(IExecutionStep step, Boolean& completedSynchronously)
08:22:46.068 AM System.Web.Mvc The controller for path '/Cate/IsPermit' was not found or does not implement IController.
08:22:46.068 AM Stack: at System.Web.Mvc.DefaultControllerFactory.GetControllerInstance(RequestContext requestContext, Type controllerType)
   at System.Web.Mvc.MvcHandler.ProcessRequestInit(HttpContextBase httpContext, IController& controller, IControllerFactory& factory)
   at System.Web.Mvc.MvcHandler.BeginProcessRequest(HttpContextBase httpContext, AsyncCallback callback, Object state)
   at System.Web.HttpApplication.CallHandlerExecutionStep.System.Web.HttpApplication.IExecutionStep.Execute()
   at System.Web.HttpApplication.ExecuteStepImpl(IExecutionStep step)
   at System.Web.HttpApplication.ExecuteStep(IExecutionStep step, Boolean& completedSynchronously)
08:22:46.068 AM System.Web.Mvc The controller for path '/Cate/IsPermit' was not found or does not implement IController.
08:22:46.068 AM Stack: at System.Web.Mvc.DefaultControllerFactory.GetControllerInstance(RequestContext requestContext, Type controllerType)
   at System.Web.Mvc.MvcHandler.ProcessRequestInit(HttpContextBase httpContext, IController& controller, IControllerFactory& factory)
   at System.Web.Mvc.MvcHandler.BeginProcessRequest(HttpContextBase httpContext, AsyncCallback callback, Object state)
   at System.Web.HttpApplication.CallHandlerExecutionStep.System.Web.HttpApplication.IExecutionStep.Execute()
   at System.Web.HttpApplication.ExecuteStepImpl(IExecutionStep step)
   at System.Web.HttpApplication.ExecuteStep(IExecutionStep step, Boolean& completedSynchronously)
08:22:46.083 AM System.Web.Mvc The controller for path '/Cate/IsPermit' was not found or does not implement IController.
08:22:46.083 AM Stack: at System.Web.Mvc.DefaultControllerFactory.GetControllerInstance(RequestContext requestContext, Type controllerType)
   at System.Web.Mvc.MvcHandler.ProcessRequestInit(HttpContextBase httpContext, IController& controller, IControllerFactory& factory)
   at System.Web.Mvc.MvcHandler.BeginProcessRequest(HttpContextBase httpContext, AsyncCallback callback, Object state)
   at System.Web.HttpApplication.CallHandlerExecutionStep.System.Web.HttpApplication.IExecutionStep.Execute()
   at System.Web.HttpApplication.ExecuteStepImpl(IExecutionStep step)
   at System.Web.HttpApplication.ExecuteStep(IExecutionStep step, Boolean& completedSynchronously)
08:22:46.099 AM System.Web.Mvc The controller for path '/Cate/IsPermit' was not found or does not implement IController.
08:22:46.099 AM Stack: at System.Web.Mvc.DefaultControllerFactory.GetControllerInstance(RequestContext requestContext, Type controllerType)
   at System.Web.Mvc.MvcHandler.ProcessRequestInit(HttpContextBase httpContext, IController& controller, IControllerFactory& factory)
   at System.Web.Mvc.MvcHandler.BeginProcessRequest(HttpContextBase httpContext, AsyncCallback callback, Object state)
   at System.Web.HttpApplication.CallHandlerExecutionStep.System.Web.HttpApplication.IExecutionStep.Execute()
   at System.Web.HttpApplication.ExecuteStepImpl(IExecutionStep step)
   at System.Web.HttpApplication.ExecuteStep(IExecutionStep step, Boolean& completedSynchronously)
08:22:46.099 AM System.Web.Mvc The controller for path '/Cate/IsPermit' was not found or does not implement IController.
08:22:46.099 AM Stack: at System.Web.Mvc.DefaultControllerFactory.GetControllerInstance(RequestContext requestContext, Type controllerType)
   at System.Web.Mvc.MvcHandler.ProcessRequestInit(HttpContextBase httpContext, IController& controller, IControllerFactory& factory)
   at System.Web.Mvc.MvcHandler.BeginProcessRequest(HttpContextBase httpContext, AsyncCallback callback, Object state)
   at System.Web.HttpApplication.CallHandlerExecutionStep.System.Web.HttpApplication.IExecutionStep.Execute()
   at System.Web.HttpApplication.ExecuteStepImpl(IExecutionStep step)
   at System.Web.HttpApplication.ExecuteStep(IExecutionStep step, Boolean& completedSynchronously)
08:22:46.115 AM System.Web.Mvc The controller for path '/Cate/IsPermit' was not found or does not implement IController.
08:22:46.115 AM Stack: at System.Web.Mvc.DefaultControllerFactory.GetControllerInstance(RequestContext requestContext, Type controllerType)
   at System.Web.Mvc.MvcHandler.ProcessRequestInit(HttpContextBase httpContext, IController& controller, IControllerFactory& factory)
   at System.Web.Mvc.MvcHandler.BeginProcessRequest(HttpContextBase httpContext, AsyncCallback callback, Object state)
   at System.Web.HttpApplication.CallHandlerExecutionStep.System.Web.HttpApplication.IExecutionStep.Execute()
   at System.Web.HttpApplication.ExecuteStepImpl(IExecutionStep step)
   at System.Web.HttpApplication.ExecuteStep(IExecutionStep step, Boolean& completedSynchronously)
08:22:46.115 AM System.Web.Mvc The controller for path '/Cate/IsPermit' was not found or does not implement IController.
08:22:46.115 AM Stack: at System.Web.Mvc.DefaultControllerFactory.GetControllerInstance(RequestContext requestContext, Type controllerType)
   at System.Web.Mvc.MvcHandler.ProcessRequestInit(HttpContextBase httpContext, IController& controller, IControllerFactory& factory)
   at System.Web.Mvc.MvcHandler.BeginProcessRequest(HttpContextBase httpContext, AsyncCallback callback, Object state)
   at System.Web.HttpApplication.CallHandlerExecutionStep.System.Web.HttpApplication.IExecutionStep.Execute()
   at System.Web.HttpApplication.ExecuteStepImpl(IExecutionStep step)
   at System.Web.HttpApplication.ExecuteStep(IExecutionStep step, Boolean& completedSynchronously)
08:22:46.130 AM System.Web.Mvc The controller for path '/Cate/IsPermit' was not found or does not implement IController.
08:22:46.130 AM Stack: at System.Web.Mvc.DefaultControllerFactory.GetControllerInstance(RequestContext requestContext, Type controllerType)
   at System.Web.Mvc.MvcHandler.ProcessRequestInit(HttpContextBase httpContext, IController& controller, IControllerFactory& factory)
   at System.Web.Mvc.MvcHandler.BeginProcessRequest(HttpContextBase httpContext, AsyncCallback callback, Object state)
   at System.Web.HttpApplication.CallHandlerExecutionStep.System.Web.HttpApplication.IExecutionStep.Execute()
   at System.Web.HttpApplication.ExecuteStepImpl(IExecutionStep step)
   at System.Web.HttpApplication.ExecuteStep(IExecutionStep step, Boolean& completedSynchronously)
08:22:46.130 AM System.Web.Mvc The controller for path '/Cate/IsPermit' was not found or does not implement IController.
08:22:46.130 AM Stack: at System.Web.Mvc.DefaultControllerFactory.GetControllerInstance(RequestContext requestContext, Type controllerType)
   at System.Web.Mvc.MvcHandler.ProcessRequestInit(HttpContextBase httpContext, IController& controller, IControllerFactory& factory)
   at System.Web.Mvc.MvcHandler.BeginProcessRequest(HttpContextBase httpContext, AsyncCallback callback, Object state)
   at System.Web.HttpApplication.CallHandlerExecutionStep.System.Web.HttpApplication.IExecutionStep.Execute()
   at System.Web.HttpApplication.ExecuteStepImpl(IExecutionStep step)
   at System.Web.HttpApplication.ExecuteStep(IExecutionStep step, Boolean& completedSynchronously)
08:22:46.146 AM System.Web.Mvc The controller for path '/Cate/IsPermit' was not found or does not implement IController.
08:22:46.146 AM Stack: at System.Web.Mvc.DefaultControllerFactory.GetControllerInstance(RequestContext requestContext, Type controllerType)
   at System.Web.Mvc.MvcHandler.ProcessRequestInit(HttpContextBase httpContext, IController& controller, IControllerFactory& factory)
   at System.Web.Mvc.MvcHandler.BeginProcessRequest(HttpContextBase httpContext, AsyncCallback callback, Object state)
   at System.Web.HttpApplication.CallHandlerExecutionStep.System.Web.HttpApplication.IExecutionStep.Execute()
   at System.Web.HttpApplication.ExecuteStepImpl(IExecutionStep step)
   at System.Web.HttpApplication.ExecuteStep(IExecutionStep step, Boolean& completedSynchronously)
08:22:46.146 AM System.Web.Mvc The controller for path '/Cate/IsPermit' was not found or does not implement IController.
08:22:46.146 AM Stack: at System.Web.Mvc.DefaultControllerFactory.GetControllerInstance(RequestContext requestContext, Type controllerType)
   at System.Web.Mvc.MvcHandler.ProcessRequestInit(HttpContextBase httpContext, IController& controller, IControllerFactory& factory)
   at System.Web.Mvc.MvcHandler.BeginProcessRequest(HttpContextBase httpContext, AsyncCallback callback, Object state)
   at System.Web.HttpApplication.CallHandlerExecutionStep.System.Web.HttpApplication.IExecutionStep.Execute()
   at System.Web.HttpApplication.ExecuteStepImpl(IExecutionStep step)
   at System.Web.HttpApplication.ExecuteStep(IExecutionStep step, Boolean& completedSynchronously)
08:22:46.161 AM System.Web.Mvc The controller for path '/Cate/IsPermit' was not found or does not implement IController.
08:22:46.161 AM Stack: at System.Web.Mvc.DefaultControllerFactory.GetControllerInstance(RequestContext requestContext, Type controllerType)
   at System.Web.Mvc.MvcHandler.ProcessRequestInit(HttpContextBase httpContext, IController& controller, IControllerFactory& factory)
   at System.Web.Mvc.MvcHandler.BeginProcessRequest(HttpContextBase httpContext, AsyncCallback callback, Object state)
   at System.Web.HttpApplication.CallHandlerExecutionStep.System.Web.HttpApplication.IExecutionStep.Execute()
   at System.Web.HttpApplication.ExecuteStepImpl(IExecutionStep step)
   at System.Web.HttpApplication.ExecuteStep(IExecutionStep step, Boolean& completedSynchronously)
08:23:11.958 AM System.Web.Mvc The controller for path '/Cate/IsPermit' was not found or does not implement IController.
08:23:11.958 AM Stack: at System.Web.Mvc.DefaultControllerFactory.GetControllerInstance(RequestContext requestContext, Type controllerType)
   at System.Web.Mvc.MvcHandler.ProcessRequestInit(HttpContextBase httpContext, IController& controller, IControllerFactory& factory)
   at System.Web.Mvc.MvcHandler.BeginProcessRequest(HttpContextBase httpContext, AsyncCallback callback, Object state)
   at System.Web.HttpApplication.CallHandlerExecutionStep.System.Web.HttpApplication.IExecutionStep.Execute()
   at System.Web.HttpApplication.ExecuteStepImpl(IExecutionStep step)
   at System.Web.HttpApplication.ExecuteStep(IExecutionStep step, Boolean& completedSynchronously)
08:23:11.990 AM System.Web.Mvc The controller for path '/Cate/IsPermit' was not found or does not implement IController.
08:23:11.990 AM Stack: at System.Web.Mvc.DefaultControllerFactory.GetControllerInstance(RequestContext requestContext, Type controllerType)
   at System.Web.Mvc.MvcHandler.ProcessRequestInit(HttpContextBase httpContext, IController& controller, IControllerFactory& factory)
   at System.Web.Mvc.MvcHandler.BeginProcessRequest(HttpContextBase httpContext, AsyncCallback callback, Object state)
   at System.Web.HttpApplication.CallHandlerExecutionStep.System.Web.HttpApplication.IExecutionStep.Execute()
   at System.Web.HttpApplication.ExecuteStepImpl(IExecutionStep step)
   at System.Web.HttpApplication.ExecuteStep(IExecutionStep step, Boolean& completedSynchronously)
08:23:11.990 AM System.Web.Mvc The controller for path '/Cate/IsPermit' was not found or does not implement IController.
08:23:11.990 AM Stack: at System.Web.Mvc.DefaultControllerFactory.GetControllerInstance(RequestContext requestContext, Type controllerType)
   at System.Web.Mvc.MvcHandler.ProcessRequestInit(HttpContextBase httpContext, IController& controller, IControllerFactory& factory)
   at System.Web.Mvc.MvcHandler.BeginProcessRequest(HttpContextBase httpContext, AsyncCallback callback, Object state)
   at System.Web.HttpApplication.CallHandlerExecutionStep.System.Web.HttpApplication.IExecutionStep.Execute()
   at System.Web.HttpApplication.ExecuteStepImpl(IExecutionStep step)
   at System.Web.HttpApplication.ExecuteStep(IExecutionStep step, Boolean& completedSynchronously)
08:23:12.005 AM System.Web.Mvc The controller for path '/Cate/IsPermit' was not found or does not implement IController.
08:23:12.005 AM Stack: at System.Web.Mvc.DefaultControllerFactory.GetControllerInstance(RequestContext requestContext, Type controllerType)
   at System.Web.Mvc.MvcHandler.ProcessRequestInit(HttpContextBase httpContext, IController& controller, IControllerFactory& factory)
   at System.Web.Mvc.MvcHandler.BeginProcessRequest(HttpContextBase httpContext, AsyncCallback callback, Object state)
   at System.Web.HttpApplication.CallHandlerExecutionStep.System.Web.HttpApplication.IExecutionStep.Execute()
   at System.Web.HttpApplication.ExecuteStepImpl(IExecutionStep step)
   at System.Web.HttpApplication.ExecuteStep(IExecutionStep step, Boolean& completedSynchronously)
08:23:12.005 AM System.Web.Mvc The controller for path '/Cate/IsPermit' was not found or does not implement IController.
08:23:12.005 AM Stack: at System.Web.Mvc.DefaultControllerFactory.GetControllerInstance(RequestContext requestContext, Type controllerType)
   at System.Web.Mvc.MvcHandler.ProcessRequestInit(HttpContextBase httpContext, IController& controller, IControllerFactory& factory)
   at System.Web.Mvc.MvcHandler.BeginProcessRequest(HttpContextBase httpContext, AsyncCallback callback, Object state)
   at System.Web.HttpApplication.CallHandlerExecutionStep.System.Web.HttpApplication.IExecutionStep.Execute()
   at System.Web.HttpApplication.ExecuteStepImpl(IExecutionStep step)
   at System.Web.HttpApplication.ExecuteStep(IExecutionStep step, Boolean& completedSynchronously)
08:23:12.021 AM System.Web.Mvc The controller for path '/Cate/IsPermit' was not found or does not implement IController.
08:23:12.021 AM Stack: at System.Web.Mvc.DefaultControllerFactory.GetControllerInstance(RequestContext requestContext, Type controllerType)
   at System.Web.Mvc.MvcHandler.ProcessRequestInit(HttpContextBase httpContext, IController& controller, IControllerFactory& factory)
   at System.Web.Mvc.MvcHandler.BeginProcessRequest(HttpContextBase httpContext, AsyncCallback callback, Object state)
   at System.Web.HttpApplication.CallHandlerExecutionStep.System.Web.HttpApplication.IExecutionStep.Execute()
   at System.Web.HttpApplication.ExecuteStepImpl(IExecutionStep step)
   at System.Web.HttpApplication.ExecuteStep(IExecutionStep step, Boolean& completedSynchronously)
08:23:12.021 AM System.Web.Mvc The controller for path '/Cate/IsPermit' was not found or does not implement IController.
08:23:12.021 AM Stack: at System.Web.Mvc.DefaultControllerFactory.GetControllerInstance(RequestContext requestContext, Type controllerType)
   at System.Web.Mvc.MvcHandler.ProcessRequestInit(HttpContextBase httpContext, IController& controller, IControllerFactory& factory)
   at System.Web.Mvc.MvcHandler.BeginProcessRequest(HttpContextBase httpContext, AsyncCallback callback, Object state)
   at System.Web.HttpApplication.CallHandlerExecutionStep.System.Web.HttpApplication.IExecutionStep.Execute()
   at System.Web.HttpApplication.ExecuteStepImpl(IExecutionStep step)
   at System.Web.HttpApplication.ExecuteStep(IExecutionStep step, Boolean& completedSynchronously)
08:23:12.036 AM System.Web.Mvc The controller for path '/Cate/IsPermit' was not found or does not implement IController.
08:23:12.036 AM Stack: at System.Web.Mvc.DefaultControllerFactory.GetControllerInstance(RequestContext requestContext, Type controllerType)
   at System.Web.Mvc.MvcHandler.ProcessRequestInit(HttpContextBase httpContext, IController& controller, IControllerFactory& factory)
   at System.Web.Mvc.MvcHandler.BeginProcessRequest(HttpContextBase httpContext, AsyncCallback callback, Object state)
   at System.Web.HttpApplication.CallHandlerExecutionStep.System.Web.HttpApplication.IExecutionStep.Execute()
   at System.Web.HttpApplication.ExecuteStepImpl(IExecutionStep step)
   at System.Web.HttpApplication.ExecuteStep(IExecutionStep step, Boolean& completedSynchronously)
08:23:12.036 AM System.Web.Mvc The controller for path '/Cate/IsPermit' was not found or does not implement IController.
08:23:12.036 AM Stack: at System.Web.Mvc.DefaultControllerFactory.GetControllerInstance(RequestContext requestContext, Type controllerType)
   at System.Web.Mvc.MvcHandler.ProcessRequestInit(HttpContextBase httpContext, IController& controller, IControllerFactory& factory)
   at System.Web.Mvc.MvcHandler.BeginProcessRequest(HttpContextBase httpContext, AsyncCallback callback, Object state)
   at System.Web.HttpApplication.CallHandlerExecutionStep.System.Web.HttpApplication.IExecutionStep.Execute()
   at System.Web.HttpApplication.ExecuteStepImpl(IExecutionStep step)
   at System.Web.HttpApplication.ExecuteStep(IExecutionStep step, Boolean& completedSynchronously)
08:23:12.052 AM System.Web.Mvc The controller for path '/Cate/IsPermit' was not found or does not implement IController.
08:23:12.052 AM Stack: at System.Web.Mvc.DefaultControllerFactory.GetControllerInstance(RequestContext requestContext, Type controllerType)
   at System.Web.Mvc.MvcHandler.ProcessRequestInit(HttpContextBase httpContext, IController& controller, IControllerFactory& factory)
   at System.Web.Mvc.MvcHandler.BeginProcessRequest(HttpContextBase httpContext, AsyncCallback callback, Object state)
   at System.Web.HttpApplication.CallHandlerExecutionStep.System.Web.HttpApplication.IExecutionStep.Execute()
   at System.Web.HttpApplication.ExecuteStepImpl(IExecutionStep step)
   at System.Web.HttpApplication.ExecuteStep(IExecutionStep step, Boolean& completedSynchronously)
08:24:26.255 AM System.Web.Mvc The controller for path '/Cate/IsPermit' was not found or does not implement IController.
08:24:26.255 AM Stack: at System.Web.Mvc.DefaultControllerFactory.GetControllerInstance(RequestContext requestContext, Type controllerType)
   at System.Web.Mvc.MvcHandler.ProcessRequestInit(HttpContextBase httpContext, IController& controller, IControllerFactory& factory)
   at System.Web.Mvc.MvcHandler.BeginProcessRequest(HttpContextBase httpContext, AsyncCallback callback, Object state)
   at System.Web.HttpApplication.CallHandlerExecutionStep.System.Web.HttpApplication.IExecutionStep.Execute()
   at System.Web.HttpApplication.ExecuteStepImpl(IExecutionStep step)
   at System.Web.HttpApplication.ExecuteStep(IExecutionStep step, Boolean& completedSynchronously)
08:27:13.443 AM PushEmail START
08:27:13.506 AM IsOnline
08:27:15.037 AM {
  "Host": "email.vnpt.vn",
  "Port": 587,
  "UserCredential": "portal-noreply.kha@vnpt.vn",
  "UserCredentialName": "VNPT_CRM",
  "UPass": "G3g@Ht%H",
  "EnableSsl": false
}
08:27:39.584 AM PushEmail END
08:27:50.271 AM PushEmail START
08:27:50.287 AM IsOnline
08:27:50.303 AM {
  "Host": "email.vnpt.vn",
  "Port": 587,
  "UserCredential": "portal-noreply.kha@vnpt.vn",
  "UserCredentialName": "VNPT_CRM",
  "UPass": "G3g@Ht%H",
  "EnableSsl": false
}
08:28:00.303 AM PushEmail END
08:28:01.943 AM PushEmail START
08:28:01.959 AM IsOnline
08:28:01.959 AM {
  "Host": "email.vnpt.vn",
  "Port": 587,
  "UserCredential": "portal-noreply.kha@vnpt.vn",
  "UserCredentialName": "VNPT_CRM",
  "UPass": "G3g@Ht%H",
  "EnableSsl": false
}
08:28:01.975 AM PushEmail START
08:28:01.990 AM IsOnline
08:28:02.006 AM {
  "Host": "email.vnpt.vn",
  "Port": 587,
  "UserCredential": "portal-noreply.kha@vnpt.vn",
  "UserCredentialName": "VNPT_CRM",
  "UPass": "G3g@Ht%H",
  "EnableSsl": false
}
08:28:06.990 AM PushEmail END
08:28:08.568 AM PushEmail START
08:28:08.600 AM IsOnline
08:28:08.600 AM {
  "Host": "email.vnpt.vn",
  "Port": 587,
  "UserCredential": "portal-noreply.kha@vnpt.vn",
  "UserCredentialName": "VNPT_CRM",
  "UPass": "G3g@Ht%H",
  "EnableSsl": false
}
08:28:11.928 AM PushEmail END
08:28:13.537 AM PushEmail END
08:29:29.147 AM PushEmail START
08:29:29.178 AM IsOnline
08:29:29.178 AM {
  "Host": "email.vnpt.vn",
  "Port": 587,
  "UserCredential": "portal-noreply.kha@vnpt.vn",
  "UserCredentialName": "VNPT_CRM",
  "UPass": "G3g@Ht%H",
  "EnableSsl": false
}
08:29:53.256 AM PushEmail END
08:29:54.709 AM PushEmail START
08:29:54.709 AM PushEmail START
08:29:54.725 AM IsOnline
08:29:54.725 AM IsOnline
08:29:54.756 AM {
  "Host": "email.vnpt.vn",
  "Port": 587,
  "UserCredential": "portal-noreply.kha@vnpt.vn",
  "UserCredentialName": "VNPT_CRM",
  "UPass": "G3g@Ht%H",
  "EnableSsl": false
}
08:29:54.818 AM mscorlib The process cannot access the file 'D:\website\crm.vnptkhanhhoa.vn\public_html\Logs\2026-09-03_LogsFile.log' because it is being used by another process.
08:29:54.818 AM Stack: at System.IO.__Error.WinIOError(Int32 errorCode, String maybeFullPath)
   at System.IO.FileStream.Init(String path, FileMode mode, FileAccess access, Int32 rights, Boolean useRights, FileShare share, Int32 bufferSize, FileOptions options, SECURITY_ATTRIBUTES secAttrs, String msgPath, Boolean bFromProxy, Boolean useLongPath, Boolean checkHost)
   at System.IO.FileStream..ctor(String path, FileMode mode, FileAccess access, FileShare share, Int32 bufferSize, FileOptions options, String msgPath, Boolean bFromProxy, Boolean useLongPath, Boolean checkHost)
   at System.IO.StreamWriter.CreateFile(String path, Boolean append, Boolean checkHost)
   at System.IO.StreamWriter..ctor(String path, Boolean append, Encoding encoding, Int32 bufferSize, Boolean checkHost)
   at System.IO.StreamWriter..ctor(String path, Boolean append, Encoding encoding)
   at System.IO.File.InternalAppendAllText(String path, String contents, Encoding encoding)
   at TSFramework.Libs.Models.Log.LogWriter.FlushLogToFile()
   at TSFramework.Libs.Models.Log.LogWriter.WriteToLog(String message)
   at TSFramework.Libs.Providers.LogProvider.Message(String msg)
   at TSFramework.Libs.Providers.MailProvider.SendMail(MailModel mail)
   at TSFramework.Libs.Providers.MailProvider.PushEmail(List`1 lstMails)
08:29:54.818 AM PushEmail END
08:29:55.725 AM PushEmail START
08:29:55.740 AM IsOnline
08:29:55.897 AM {
  "Host": "email.vnpt.vn",
  "Port": 587,
  "UserCredential": "portal-noreply.kha@vnpt.vn",
  "UserCredentialName": "VNPT_CRM",
  "UPass": "G3g@Ht%H",
  "EnableSsl": false
}
08:29:56.600 AM PushEmail START
08:29:56.631 AM IsOnline
08:29:56.631 AM {
  "Host": "email.vnpt.vn",
  "Port": 587,
  "UserCredential": "portal-noreply.kha@vnpt.vn",
  "UserCredentialName": "VNPT_CRM",
  "UPass": "G3g@Ht%H",
  "EnableSsl": false
}
08:30:08.209 AM PushEmail END
08:30:09.850 AM PushEmail START
08:30:09.865 AM IsOnline
08:30:09.865 AM {
  "Host": "email.vnpt.vn",
  "Port": 587,
  "UserCredential": "portal-noreply.kha@vnpt.vn",
  "UserCredentialName": "VNPT_CRM",
  "UPass": "G3g@Ht%H",
  "EnableSsl": false
}
08:30:17.194 AM PushEmail END
08:30:17.647 AM PushEmail END
08:30:18.834 AM PushEmail START
08:30:18.850 AM IsOnline
08:30:18.850 AM {
  "Host": "email.vnpt.vn",
  "Port": 587,
  "UserCredential": "portal-noreply.kha@vnpt.vn",
  "UserCredentialName": "VNPT_CRM",
  "UPass": "G3g@Ht%H",
  "EnableSsl": false
}
08:30:19.131 AM PushEmail START
08:30:19.162 AM IsOnline
08:30:19.162 AM {
  "Host": "email.vnpt.vn",
  "Port": 587,
  "UserCredential": "portal-noreply.kha@vnpt.vn",
  "UserCredentialName": "VNPT_CRM",
  "UPass": "G3g@Ht%H",
  "EnableSsl": false
}
08:30:20.131 AM PushEmail END
08:30:21.131 AM PushEmail END
08:30:21.584 AM PushEmail START
08:30:21.600 AM IsOnline
08:30:21.615 AM {
  "Host": "email.vnpt.vn",
  "Port": 587,
  "UserCredential": "portal-noreply.kha@vnpt.vn",
  "UserCredentialName": "VNPT_CRM",
  "UPass": "G3g@Ht%H",
  "EnableSsl": false
}
08:30:28.881 AM PushEmail END
08:30:30.537 AM PushEmail START
08:30:30.553 AM IsOnline
08:30:30.553 AM {
  "Host": "email.vnpt.vn",
  "Port": 587,
  "UserCredential": "portal-noreply.kha@vnpt.vn",
  "UserCredentialName": "VNPT_CRM",
  "UPass": "G3g@Ht%H",
  "EnableSsl": false
}
08:30:31.569 AM PushEmail END
08:30:35.553 AM PushEmail END
08:30:37.381 AM PushEmail START
08:30:37.412 AM IsOnline
08:30:37.412 AM {
  "Host": "email.vnpt.vn",
  "Port": 587,
  "UserCredential": "portal-noreply.kha@vnpt.vn",
  "UserCredentialName": "VNPT_CRM",
  "UPass": "G3g@Ht%H",
  "EnableSsl": false
}
08:30:39.381 AM PushEmail END
08:30:40.897 AM PushEmail START
08:30:40.928 AM IsOnline
08:30:40.928 AM {
  "Host": "email.vnpt.vn",
  "Port": 587,
  "UserCredential": "portal-noreply.kha@vnpt.vn",
  "UserCredentialName": "VNPT_CRM",
  "UPass": "G3g@Ht%H",
  "EnableSsl": false
}
08:30:42.834 AM PushEmail END
08:30:53.975 AM PushEmail START
08:30:54.006 AM IsOnline
08:30:54.006 AM {
  "Host": "email.vnpt.vn",
  "Port": 587,
  "UserCredential": "portal-noreply.kha@vnpt.vn",
  "UserCredentialName": "VNPT_CRM",
  "UPass": "G3g@Ht%H",
  "EnableSsl": false
}
08:31:09.709 AM PushEmail START
08:31:09.741 AM IsOnline
08:31:09.741 AM {
  "Host": "email.vnpt.vn",
  "Port": 587,
  "UserCredential": "portal-noreply.kha@vnpt.vn",
  "UserCredentialName": "VNPT_CRM",
  "UPass": "G3g@Ht%H",
  "EnableSsl": false
}
08:31:16.709 AM PushEmail END
08:31:17.881 AM PushEmail START
08:31:17.912 AM IsOnline
08:31:17.912 AM {
  "Host": "email.vnpt.vn",
  "Port": 587,
  "UserCredential": "portal-noreply.kha@vnpt.vn",
  "UserCredentialName": "VNPT_CRM",
  "UPass": "G3g@Ht%H",
  "EnableSsl": false
}
08:31:18.100 AM PushEmail START
08:31:18.116 AM IsOnline
08:31:18.131 AM {
  "Host": "email.vnpt.vn",
  "Port": 587,
  "UserCredential": "portal-noreply.kha@vnpt.vn",
  "UserCredentialName": "VNPT_CRM",
  "UPass": "G3g@Ht%H",
  "EnableSsl": false
}
08:31:23.475 AM PushEmail END
08:31:25.037 AM PushEmail START
08:31:25.053 AM IsOnline
08:31:25.053 AM {
  "Host": "email.vnpt.vn",
  "Port": 587,
  "UserCredential": "portal-noreply.kha@vnpt.vn",
  "UserCredentialName": "VNPT_CRM",
  "UPass": "G3g@Ht%H",
  "EnableSsl": false
}
08:31:28.897 AM PushEmail END
08:31:30.522 AM PushEmail START
08:31:30.537 AM IsOnline
08:31:30.553 AM {
  "Host": "email.vnpt.vn",
  "Port": 587,
  "UserCredential": "portal-noreply.kha@vnpt.vn",
  "UserCredentialName": "VNPT_CRM",
  "UPass": "G3g@Ht%H",
  "EnableSsl": false
}
08:31:30.694 AM PushEmail END
08:31:32.522 AM PushEmail START
08:31:32.537 AM IsOnline
08:31:32.537 AM {
  "Host": "email.vnpt.vn",
  "Port": 587,
  "UserCredential": "portal-noreply.kha@vnpt.vn",
  "UserCredentialName": "VNPT_CRM",
  "UPass": "G3g@Ht%H",
  "EnableSsl": false
}
08:31:34.600 AM PushEmail END
08:31:35.709 AM PushEmail END
08:31:36.444 AM PushEmail START
08:31:36.475 AM IsOnline
08:31:36.475 AM {
  "Host": "email.vnpt.vn",
  "Port": 587,
  "UserCredential": "portal-noreply.kha@vnpt.vn",
  "UserCredentialName": "VNPT_CRM",
  "UPass": "G3g@Ht%H",
  "EnableSsl": false
}
08:31:39.647 AM PushEmail END
08:31:40.756 AM PushEmail START
08:31:40.772 AM IsOnline
08:31:40.772 AM {
  "Host": "email.vnpt.vn",
  "Port": 587,
  "UserCredential": "portal-noreply.kha@vnpt.vn",
  "UserCredentialName": "VNPT_CRM",
  "UPass": "G3g@Ht%H",
  "EnableSsl": false
}
08:31:41.162 AM PushEmail START
08:31:41.194 AM IsOnline
08:31:41.194 AM {
  "Host": "email.vnpt.vn",
  "Port": 587,
  "UserCredential": "portal-noreply.kha@vnpt.vn",
  "UserCredentialName": "VNPT_CRM",
  "UPass": "G3g@Ht%H",
  "EnableSsl": false
}
08:31:46.162 AM PushEmail END
08:31:46.787 AM PushEmail END
08:31:48.631 AM PushEmail START
08:31:48.662 AM IsOnline
08:31:48.662 AM {
  "Host": "email.vnpt.vn",
  "Port": 587,
  "UserCredential": "portal-noreply.kha@vnpt.vn",
  "UserCredentialName": "VNPT_CRM",
  "UPass": "G3g@Ht%H",
  "EnableSsl": false
}
08:31:53.834 AM PushEmail END
08:31:55.506 AM PushEmail START
08:31:55.522 AM IsOnline
08:31:55.522 AM {
  "Host": "email.vnpt.vn",
  "Port": 587,
  "UserCredential": "portal-noreply.kha@vnpt.vn",
  "UserCredentialName": "VNPT_CRM",
  "UPass": "G3g@Ht%H",
  "EnableSsl": false
}
08:31:58.131 AM PushEmail END
08:31:59.834 AM PushEmail START
08:31:59.866 AM IsOnline
08:31:59.866 AM {
  "Host": "email.vnpt.vn",
  "Port": 587,
  "UserCredential": "portal-noreply.kha@vnpt.vn",
  "UserCredentialName": "VNPT_CRM",
  "UPass": "G3g@Ht%H",
  "EnableSsl": false
}
08:32:01.850 AM PushEmail END
08:32:13.491 AM PushEmail END
08:32:14.475 AM PushEmail START
08:32:14.506 AM IsOnline
08:32:14.506 AM {
  "Host": "email.vnpt.vn",
  "Port": 587,
  "UserCredential": "portal-noreply.kha@vnpt.vn",
  "UserCredentialName": "VNPT_CRM",
  "UPass": "G3g@Ht%H",
  "EnableSsl": false
}
08:32:15.272 AM PushEmail START
08:32:15.288 AM IsOnline
08:32:15.288 AM {
  "Host": "email.vnpt.vn",
  "Port": 587,
  "UserCredential": "portal-noreply.kha@vnpt.vn",
  "UserCredentialName": "VNPT_CRM",
  "UPass": "G3g@Ht%H",
  "EnableSsl": false
}
08:32:21.381 AM PushEmail END
08:32:23.100 AM PushEmail START
08:32:23.116 AM IsOnline
08:32:23.131 AM {
  "Host": "email.vnpt.vn",
  "Port": 587,
  "UserCredential": "portal-noreply.kha@vnpt.vn",
  "UserCredentialName": "VNPT_CRM",
  "UPass": "G3g@Ht%H",
  "EnableSsl": false
}
08:32:25.147 AM PushEmail END
08:32:26.913 AM PushEmail START
08:32:26.928 AM IsOnline
08:32:26.928 AM {
  "Host": "email.vnpt.vn",
  "Port": 587,
  "UserCredential": "portal-noreply.kha@vnpt.vn",
  "UserCredentialName": "VNPT_CRM",
  "UPass": "G3g@Ht%H",
  "EnableSsl": false
}
08:32:31.897 AM PushEmail END
08:32:33.694 AM PushEmail START
08:32:33.709 AM IsOnline
08:32:33.709 AM {
  "Host": "email.vnpt.vn",
  "Port": 587,
  "UserCredential": "portal-noreply.kha@vnpt.vn",
  "UserCredentialName": "VNPT_CRM",
  "UPass": "G3g@Ht%H",
  "EnableSsl": false
}
08:32:38.038 AM PushEmail END
08:32:38.272 AM PushEmail START
08:32:38.288 AM IsOnline
08:32:38.288 AM {
  "Host": "email.vnpt.vn",
  "Port": 587,
  "UserCredential": "portal-noreply.kha@vnpt.vn",
  "UserCredentialName": "VNPT_CRM",
  "UPass": "G3g@Ht%H",
  "EnableSsl": false
}
08:32:41.225 AM PushEmail END
08:32:42.772 AM PushEmail START
08:32:42.803 AM IsOnline
08:32:42.803 AM {
  "Host": "email.vnpt.vn",
  "Port": 587,
  "UserCredential": "portal-noreply.kha@vnpt.vn",
  "UserCredentialName": "VNPT_CRM",
  "UPass": "G3g@Ht%H",
  "EnableSsl": false
}
08:32:47.897 AM PushEmail END
08:32:49.522 AM PushEmail START
08:32:49.538 AM IsOnline
08:32:49.538 AM {
  "Host": "email.vnpt.vn",
  "Port": 587,
  "UserCredential": "portal-noreply.kha@vnpt.vn",
  "UserCredentialName": "VNPT_CRM",
  "UPass": "G3g@Ht%H",
  "EnableSsl": false
}
08:32:52.209 AM PushEmail END
08:32:53.725 AM PushEmail START
08:32:53.741 AM IsOnline
08:32:53.741 AM {
  "Host": "email.vnpt.vn",
  "Port": 587,
  "UserCredential": "portal-noreply.kha@vnpt.vn",
  "UserCredentialName": "VNPT_CRM",
  "UPass": "G3g@Ht%H",
  "EnableSsl": false
}
08:32:55.741 AM PushEmail END
08:32:57.381 AM PushEmail START
08:32:57.397 AM IsOnline
08:32:57.397 AM {
  "Host": "email.vnpt.vn",
  "Port": 587,
  "UserCredential": "portal-noreply.kha@vnpt.vn",
  "UserCredentialName": "VNPT_CRM",
  "UPass": "G3g@Ht%H",
  "EnableSsl": false
}
08:32:57.991 AM PushEmail END
08:32:59.381 AM PushEmail END
08:32:59.850 AM PushEmail START
08:32:59.881 AM IsOnline
08:32:59.881 AM {
  "Host": "email.vnpt.vn",
  "Port": 587,
  "UserCredential": "portal-noreply.kha@vnpt.vn",
  "UserCredentialName": "VNPT_CRM",
  "UPass": "G3g@Ht%H",
  "EnableSsl": false
}
08:33:05.116 AM PushEmail END
08:33:06.631 AM PushEmail START
08:33:06.647 AM IsOnline
08:33:06.647 AM {
  "Host": "email.vnpt.vn",
  "Port": 587,
  "UserCredential": "portal-noreply.kha@vnpt.vn",
  "UserCredentialName": "VNPT_CRM",
  "UPass": "G3g@Ht%H",
  "EnableSsl": false
}
08:33:08.616 AM PushEmail END
08:33:10.459 AM PushEmail START
08:33:10.475 AM IsOnline
08:33:10.475 AM {
  "Host": "email.vnpt.vn",
  "Port": 587,
  "UserCredential": "portal-noreply.kha@vnpt.vn",
  "UserCredentialName": "VNPT_CRM",
  "UPass": "G3g@Ht%H",
  "EnableSsl": false
}
08:33:15.538 AM PushEmail END
08:33:17.459 AM PushEmail START
08:33:17.475 AM IsOnline
08:33:17.475 AM {
  "Host": "email.vnpt.vn",
  "Port": 587,
  "UserCredential": "portal-noreply.kha@vnpt.vn",
  "UserCredentialName": "VNPT_CRM",
  "UPass": "G3g@Ht%H",
  "EnableSsl": false
}
08:33:19.866 AM PushEmail END
08:34:17.991 AM PushEmail START
08:34:18.038 AM IsOnline
08:34:18.038 AM {
  "Host": "email.vnpt.vn",
  "Port": 587,
  "UserCredential": "portal-noreply.kha@vnpt.vn",
  "UserCredentialName": "VNPT_CRM",
  "UPass": "G3g@Ht%H",
  "EnableSsl": false
}
08:34:40.303 AM PushEmail START
08:34:40.319 AM IsOnline
08:34:40.319 AM {
  "Host": "email.vnpt.vn",
  "Port": 587,
  "UserCredential": "portal-noreply.kha@vnpt.vn",
  "UserCredentialName": "VNPT_CRM",
  "UPass": "G3g@Ht%H",
  "EnableSsl": false
}
08:34:42.741 AM PushEmail END
08:34:44.507 AM PushEmail START
08:34:44.538 AM IsOnline
08:34:44.538 AM {
  "Host": "email.vnpt.vn",
  "Port": 587,
  "UserCredential": "portal-noreply.kha@vnpt.vn",
  "UserCredentialName": "VNPT_CRM",
  "UPass": "G3g@Ht%H",
  "EnableSsl": false
}
08:34:46.944 AM PushEmail END
08:34:48.835 AM PushEmail START
08:34:48.850 AM IsOnline
08:34:48.866 AM {
  "Host": "email.vnpt.vn",
  "Port": 587,
  "UserCredential": "portal-noreply.kha@vnpt.vn",
  "UserCredentialName": "VNPT_CRM",
  "UPass": "G3g@Ht%H",
  "EnableSsl": false
}
08:34:53.866 AM PushEmail END
08:34:55.678 AM PushEmail START
08:34:55.710 AM IsOnline
08:34:55.710 AM {
  "Host": "email.vnpt.vn",
  "Port": 587,
  "UserCredential": "portal-noreply.kha@vnpt.vn",
  "UserCredentialName": "VNPT_CRM",
  "UPass": "G3g@Ht%H",
  "EnableSsl": false
}
08:35:00.882 AM PushEmail END
08:35:02.663 AM PushEmail START
08:35:02.678 AM IsOnline
08:35:02.694 AM {
  "Host": "email.vnpt.vn",
  "Port": 587,
  "UserCredential": "portal-noreply.kha@vnpt.vn",
  "UserCredentialName": "VNPT_CRM",
  "UPass": "G3g@Ht%H",
  "EnableSsl": false
}
08:35:04.507 AM PushEmail END
08:35:05.163 AM PushEmail END
08:35:05.850 AM PushEmail START
08:35:05.882 AM IsOnline
08:35:05.882 AM {
  "Host": "email.vnpt.vn",
  "Port": 587,
  "UserCredential": "portal-noreply.kha@vnpt.vn",
  "UserCredentialName": "VNPT_CRM",
  "UPass": "G3g@Ht%H",
  "EnableSsl": false
}
08:35:06.553 AM PushEmail START
08:35:06.585 AM IsOnline
08:35:06.585 AM {
  "Host": "email.vnpt.vn",
  "Port": 587,
  "UserCredential": "portal-noreply.kha@vnpt.vn",
  "UserCredentialName": "VNPT_CRM",
  "UPass": "G3g@Ht%H",
  "EnableSsl": false
}
08:35:08.491 AM PushEmail END
08:35:10.116 AM PushEmail START
08:35:10.147 AM IsOnline
08:35:10.147 AM {
  "Host": "email.vnpt.vn",
  "Port": 587,
  "UserCredential": "portal-noreply.kha@vnpt.vn",
  "UserCredentialName": "VNPT_CRM",
  "UPass": "G3g@Ht%H",
  "EnableSsl": false
}
08:35:11.553 AM PushEmail END
08:35:16.053 AM PushEmail END
08:35:17.616 AM PushEmail START
08:35:17.647 AM IsOnline
08:35:17.647 AM {
  "Host": "email.vnpt.vn",
  "Port": 587,
  "UserCredential": "portal-noreply.kha@vnpt.vn",
  "UserCredentialName": "VNPT_CRM",
  "UPass": "G3g@Ht%H",
  "EnableSsl": false
}
08:35:24.319 AM PushEmail END
08:35:25.975 AM PushEmail START
08:35:26.007 AM IsOnline
08:35:26.007 AM {
  "Host": "email.vnpt.vn",
  "Port": 587,
  "UserCredential": "portal-noreply.kha@vnpt.vn",
  "UserCredentialName": "VNPT_CRM",
  "UPass": "G3g@Ht%H",
  "EnableSsl": false
}
08:35:28.382 AM PushEmail END
08:36:37.382 AM PushEmail START
08:36:37.413 AM IsOnline
08:36:37.413 AM {
  "Host": "email.vnpt.vn",
  "Port": 587,
  "UserCredential": "portal-noreply.kha@vnpt.vn",
  "UserCredentialName": "VNPT_CRM",
  "UPass": "G3g@Ht%H",
  "EnableSsl": false
}
08:37:02.054 AM PushEmail END
08:37:03.851 AM PushEmail START
08:37:03.882 AM IsOnline
08:37:03.882 AM {
  "Host": "email.vnpt.vn",
  "Port": 587,
  "UserCredential": "portal-noreply.kha@vnpt.vn",
  "UserCredentialName": "VNPT_CRM",
  "UPass": "G3g@Ht%H",
  "EnableSsl": false
}
08:37:08.976 AM PushEmail END
08:37:10.585 AM PushEmail START
08:37:10.616 AM IsOnline
08:37:10.616 AM {
  "Host": "email.vnpt.vn",
  "Port": 587,
  "UserCredential": "portal-noreply.kha@vnpt.vn",
  "UserCredentialName": "VNPT_CRM",
  "UPass": "G3g@Ht%H",
  "EnableSsl": false
}
08:37:12.819 AM PushEmail END
08:37:14.538 AM PushEmail START
08:37:14.569 AM IsOnline
08:37:14.569 AM {
  "Host": "email.vnpt.vn",
  "Port": 587,
  "UserCredential": "portal-noreply.kha@vnpt.vn",
  "UserCredentialName": "VNPT_CRM",
  "UPass": "G3g@Ht%H",
  "EnableSsl": false
}
08:37:16.804 AM PushEmail END
08:37:18.226 AM PushEmail START
08:37:18.241 AM IsOnline
08:37:18.241 AM {
  "Host": "email.vnpt.vn",
  "Port": 587,
  "UserCredential": "portal-noreply.kha@vnpt.vn",
  "UserCredentialName": "VNPT_CRM",
  "UPass": "G3g@Ht%H",
  "EnableSsl": false
}
08:37:23.351 AM PushEmail END
08:42:30.726 AM PushEmail START
08:42:30.742 AM IsOnline
08:42:30.742 AM {
  "Host": "email.vnpt.vn",
  "Port": 587,
  "UserCredential": "portal-noreply.kha@vnpt.vn",
  "UserCredentialName": "VNPT_CRM",
  "UPass": "G3g@Ht%H",
  "EnableSsl": false
}
08:43:02.382 AM PushEmail END
08:43:04.164 AM PushEmail START
08:43:04.179 AM IsOnline
08:43:04.179 AM {
  "Host": "email.vnpt.vn",
  "Port": 587,
  "UserCredential": "portal-noreply.kha@vnpt.vn",
  "UserCredentialName": "VNPT_CRM",
  "UPass": "G3g@Ht%H",
  "EnableSsl": false
}
08:43:14.726 AM PushEmail END
08:43:16.539 AM PushEmail START
08:43:16.570 AM IsOnline
08:43:16.570 AM {
  "Host": "email.vnpt.vn",
  "Port": 587,
  "UserCredential": "portal-noreply.kha@vnpt.vn",
  "UserCredentialName": "VNPT_CRM",
  "UPass": "G3g@Ht%H",
  "EnableSsl": false
}
08:43:21.617 AM PushEmail END
08:43:23.164 AM PushEmail START
08:43:23.195 AM IsOnline
08:43:23.195 AM {
  "Host": "email.vnpt.vn",
  "Port": 587,
  "UserCredential": "portal-noreply.kha@vnpt.vn",
  "UserCredentialName": "VNPT_CRM",
  "UPass": "G3g@Ht%H",
  "EnableSsl": false
}
08:43:25.882 AM PushEmail END
08:43:27.695 AM PushEmail START
08:43:27.711 AM IsOnline
08:43:27.711 AM {
  "Host": "email.vnpt.vn",
  "Port": 587,
  "UserCredential": "portal-noreply.kha@vnpt.vn",
  "UserCredentialName": "VNPT_CRM",
  "UPass": "G3g@Ht%H",
  "EnableSsl": false
}
08:43:32.789 AM PushEmail END
09:44:01.936 AM PushEmail START
09:44:01.967 AM IsOnline
09:44:01.967 AM {
  "Host": "email.vnpt.vn",
  "Port": 587,
  "UserCredential": "portal-noreply.kha@vnpt.vn",
  "UserCredentialName": "VNPT_CRM",
  "UPass": "G3g@Ht%H",
  "EnableSsl": false
}
09:44:13.249 AM PushEmail END
09:46:41.311 AM PushEmail START
09:46:41.327 AM IsOnline
09:46:41.327 AM {
  "Host": "email.vnpt.vn",
  "Port": 587,
  "UserCredential": "portal-noreply.kha@vnpt.vn",
  "UserCredentialName": "VNPT_CRM",
  "UPass": "G3g@Ht%H",
  "EnableSsl": false
}
09:47:02.296 AM PushEmail END
09:49:06.796 AM PushEmail START
09:49:06.827 AM IsOnline
09:49:06.827 AM {
  "Host": "email.vnpt.vn",
  "Port": 587,
  "UserCredential": "portal-noreply.kha@vnpt.vn",
  "UserCredentialName": "VNPT_CRM",
  "UPass": "G3g@Ht%H",
  "EnableSsl": false
}
09:49:29.452 AM PushEmail END
10:02:12.579 AM PushEmail START
10:02:12.594 AM IsOnline
10:02:12.610 AM {
  "Host": "email.vnpt.vn",
  "Port": 587,
  "UserCredential": "portal-noreply.kha@vnpt.vn",
  "UserCredentialName": "VNPT_CRM",
  "UPass": "G3g@Ht%H",
  "EnableSsl": false
}
10:02:28.969 AM PushEmail END
03:00:10.081 PM System.Web Server cannot set status after HTTP headers have been sent.
03:00:10.081 PM Stack: at System.Web.HttpResponse.set_StatusCode(Int32 value)
   at System.Web.Mvc.HandleErrorAttribute.OnException(ExceptionContext filterContext)
   at System.Web.Mvc.ControllerActionInvoker.InvokeExceptionFilters(ControllerContext controllerContext, IList`1 filters, Exception exception)
   at System.Web.Mvc.Async.AsyncControllerActionInvoker.<>c__DisplayClass3_1.<BeginInvokeAction>b__1(IAsyncResult asyncResult)
   at System.Web.Mvc.Async.AsyncControllerActionInvoker.EndInvokeAction(IAsyncResult asyncResult)
   at System.Web.Mvc.Controller.<>c.<BeginExecuteCore>b__152_1(IAsyncResult asyncResult, ExecuteCoreState innerState)
   at System.Web.Mvc.Async.AsyncResultWrapper.WrappedAsyncVoid`1.CallEndDelegate(IAsyncResult asyncResult)
   at System.Web.Mvc.Controller.EndExecuteCore(IAsyncResult asyncResult)
   at System.Web.Mvc.Async.AsyncResultWrapper.WrappedAsyncVoid`1.CallEndDelegate(IAsyncResult asyncResult)
   at System.Web.Mvc.Controller.EndExecute(IAsyncResult asyncResult)
   at System.Web.Mvc.MvcHandler.<>c.<BeginProcessRequest>b__20_1(IAsyncResult asyncResult, ProcessRequestState innerState)
   at System.Web.Mvc.Async.AsyncResultWrapper.WrappedAsyncVoid`1.CallEndDelegate(IAsyncResult asyncResult)
   at System.Web.Mvc.MvcHandler.EndProcessRequest(IAsyncResult asyncResult)
   at System.Web.HttpApplication.CallHandlerExecutionStep.System.Web.HttpApplication.IExecutionStep.Execute()
   at System.Web.HttpApplication.ExecuteStepImpl(IExecutionStep step)
   at System.Web.HttpApplication.ExecuteStep(IExecutionStep step, Boolean& completedSynchronously)
03:00:10.143 PM System.Web Server cannot set status after HTTP headers have been sent.
03:00:10.143 PM Stack: at System.Web.HttpResponse.set_StatusCode(Int32 value)
   at System.Web.Mvc.HandleErrorAttribute.OnException(ExceptionContext filterContext)
   at System.Web.Mvc.ControllerActionInvoker.InvokeExceptionFilters(ControllerContext controllerContext, IList`1 filters, Exception exception)
   at System.Web.Mvc.Async.AsyncControllerActionInvoker.<>c__DisplayClass3_1.<BeginInvokeAction>b__1(IAsyncResult asyncResult)
   at System.Web.Mvc.Async.AsyncControllerActionInvoker.EndInvokeAction(IAsyncResult asyncResult)
   at System.Web.Mvc.Controller.<>c.<BeginExecuteCore>b__152_1(IAsyncResult asyncResult, ExecuteCoreState innerState)
   at System.Web.Mvc.Async.AsyncResultWrapper.WrappedAsyncVoid`1.CallEndDelegate(IAsyncResult asyncResult)
   at System.Web.Mvc.Controller.EndExecuteCore(IAsyncResult asyncResult)
   at System.Web.Mvc.Async.AsyncResultWrapper.WrappedAsyncVoid`1.CallEndDelegate(IAsyncResult asyncResult)
   at System.Web.Mvc.Controller.EndExecute(IAsyncResult asyncResult)
   at System.Web.Mvc.MvcHandler.<>c.<BeginProcessRequest>b__20_1(IAsyncResult asyncResult, ProcessRequestState innerState)
   at System.Web.Mvc.Async.AsyncResultWrapper.WrappedAsyncVoid`1.CallEndDelegate(IAsyncResult asyncResult)
   at System.Web.Mvc.MvcHandler.EndProcessRequest(IAsyncResult asyncResult)
   at System.Web.HttpApplication.CallHandlerExecutionStep.System.Web.HttpApplication.IExecutionStep.Execute()
   at System.Web.HttpApplication.ExecuteStepImpl(IExecutionStep step)
   at System.Web.HttpApplication.ExecuteStep(IExecutionStep step, Boolean& completedSynchronously)
03:00:10.299 PM System.Web Server cannot set status after HTTP headers have been sent.
03:00:10.299 PM Stack: at System.Web.HttpResponse.set_StatusCode(Int32 value)
   at System.Web.Mvc.HandleErrorAttribute.OnException(ExceptionContext filterContext)
   at System.Web.Mvc.ControllerActionInvoker.InvokeExceptionFilters(ControllerContext controllerContext, IList`1 filters, Exception exception)
   at System.Web.Mvc.Async.AsyncControllerActionInvoker.<>c__DisplayClass3_1.<BeginInvokeAction>b__1(IAsyncResult asyncResult)
   at System.Web.Mvc.Async.AsyncControllerActionInvoker.EndInvokeAction(IAsyncResult asyncResult)
   at System.Web.Mvc.Controller.<>c.<BeginExecuteCore>b__152_1(IAsyncResult asyncResult, ExecuteCoreState innerState)
   at System.Web.Mvc.Async.AsyncResultWrapper.WrappedAsyncVoid`1.CallEndDelegate(IAsyncResult asyncResult)
   at System.Web.Mvc.Controller.EndExecuteCore(IAsyncResult asyncResult)
   at System.Web.Mvc.Async.AsyncResultWrapper.WrappedAsyncVoid`1.CallEndDelegate(IAsyncResult asyncResult)
   at System.Web.Mvc.Controller.EndExecute(IAsyncResult asyncResult)
   at System.Web.Mvc.MvcHandler.<>c.<BeginProcessRequest>b__20_1(IAsyncResult asyncResult, ProcessRequestState innerState)
   at System.Web.Mvc.Async.AsyncResultWrapper.WrappedAsyncVoid`1.CallEndDelegate(IAsyncResult asyncResult)
   at System.Web.Mvc.MvcHandler.EndProcessRequest(IAsyncResult asyncResult)
   at System.Web.HttpApplication.CallHandlerExecutionStep.System.Web.HttpApplication.IExecutionStep.Execute()
   at System.Web.HttpApplication.ExecuteStepImpl(IExecutionStep step)
   at System.Web.HttpApplication.ExecuteStep(IExecutionStep step, Boolean& completedSynchronously)
03:00:10.581 PM System.Web Server cannot set status after HTTP headers have been sent.
03:00:10.581 PM Stack: at System.Web.HttpResponse.set_StatusCode(Int32 value)
   at System.Web.Mvc.HandleErrorAttribute.OnException(ExceptionContext filterContext)
   at System.Web.Mvc.ControllerActionInvoker.InvokeExceptionFilters(ControllerContext controllerContext, IList`1 filters, Exception exception)
   at System.Web.Mvc.Async.AsyncControllerActionInvoker.<>c__DisplayClass3_1.<BeginInvokeAction>b__1(IAsyncResult asyncResult)
   at System.Web.Mvc.Async.AsyncControllerActionInvoker.EndInvokeAction(IAsyncResult asyncResult)
   at System.Web.Mvc.Controller.<>c.<BeginExecuteCore>b__152_1(IAsyncResult asyncResult, ExecuteCoreState innerState)
   at System.Web.Mvc.Async.AsyncResultWrapper.WrappedAsyncVoid`1.CallEndDelegate(IAsyncResult asyncResult)
   at System.Web.Mvc.Controller.EndExecuteCore(IAsyncResult asyncResult)
   at System.Web.Mvc.Async.AsyncResultWrapper.WrappedAsyncVoid`1.CallEndDelegate(IAsyncResult asyncResult)
   at System.Web.Mvc.Controller.EndExecute(IAsyncResult asyncResult)
   at System.Web.Mvc.MvcHandler.<>c.<BeginProcessRequest>b__20_1(IAsyncResult asyncResult, ProcessRequestState innerState)
   at System.Web.Mvc.Async.AsyncResultWrapper.WrappedAsyncVoid`1.CallEndDelegate(IAsyncResult asyncResult)
   at System.Web.Mvc.MvcHandler.EndProcessRequest(IAsyncResult asyncResult)
   at System.Web.HttpApplication.CallHandlerExecutionStep.System.Web.HttpApplication.IExecutionStep.Execute()
   at System.Web.HttpApplication.ExecuteStepImpl(IExecutionStep step)
   at System.Web.HttpApplication.ExecuteStep(IExecutionStep step, Boolean& completedSynchronously)
04:41:23.029 PM PushEmail START
04:41:23.061 PM IsOnline
04:41:23.061 PM {
  "Host": "email.vnpt.vn",
  "Port": 587,
  "UserCredential": "portal-noreply.kha@vnpt.vn",
  "UserCredentialName": "VNPT_CRM",
  "UPass": "G3g@Ht%H",
  "EnableSsl": false
}
04:41:35.139 PM PushEmail START
04:41:35.170 PM IsOnline
04:41:35.170 PM {
  "Host": "email.vnpt.vn",
  "Port": 587,
  "UserCredential": "portal-noreply.kha@vnpt.vn",
  "UserCredentialName": "VNPT_CRM",
  "UPass": "G3g@Ht%H",
  "EnableSsl": false
}
04:41:41.686 PM PushEmail END
04:41:53.092 PM PushEmail END
04:42:17.373 PM PushEmail START
04:42:17.404 PM IsOnline
04:42:17.404 PM {
  "Host": "email.vnpt.vn",
  "Port": 587,
  "UserCredential": "portal-noreply.kha@vnpt.vn",
  "UserCredentialName": "VNPT_CRM",
  "UPass": "G3g@Ht%H",
  "EnableSsl": false
}
04:42:32.014 PM PushEmail END
04:42:59.201 PM PushEmail START
04:42:59.233 PM IsOnline
04:42:59.248 PM {
  "Host": "email.vnpt.vn",
  "Port": 587,
  "UserCredential": "portal-noreply.kha@vnpt.vn",
  "UserCredentialName": "VNPT_CRM",
  "UPass": "G3g@Ht%H",
  "EnableSsl": false
}
04:43:12.420 PM PushEmail END
04:43:42.483 PM PushEmail START
04:43:42.498 PM IsOnline
04:43:42.514 PM {
  "Host": "email.vnpt.vn",
  "Port": 587,
  "UserCredential": "portal-noreply.kha@vnpt.vn",
  "UserCredentialName": "VNPT_CRM",
  "UPass": "G3g@Ht%H",
  "EnableSsl": false
}
04:43:55.889 PM PushEmail END
04:45:06.998 PM PushEmail START
04:45:07.014 PM IsOnline
04:45:07.030 PM {
  "Host": "email.vnpt.vn",
  "Port": 587,
  "UserCredential": "portal-noreply.kha@vnpt.vn",
  "UserCredentialName": "VNPT_CRM",
  "UPass": "G3g@Ht%H",
  "EnableSsl": false
}
04:45:23.373 PM PushEmail END
04:46:28.561 PM PushEmail START
04:46:28.577 PM IsOnline
04:46:28.577 PM {
  "Host": "email.vnpt.vn",
  "Port": 587,
  "UserCredential": "portal-noreply.kha@vnpt.vn",
  "UserCredentialName": "VNPT_CRM",
  "UPass": "G3g@Ht%H",
  "EnableSsl": false
}
04:46:47.061 PM PushEmail END
04:46:53.452 PM PushEmail START
04:46:53.467 PM IsOnline
04:46:53.483 PM {
  "Host": "email.vnpt.vn",
  "Port": 587,
  "UserCredential": "portal-noreply.kha@vnpt.vn",
  "UserCredentialName": "VNPT_CRM",
  "UPass": "G3g@Ht%H",
  "EnableSsl": false
}
04:47:10.967 PM PushEmail END
04:48:59.702 PM PushEmail START
04:48:59.733 PM IsOnline
04:48:59.749 PM {
  "Host": "email.vnpt.vn",
  "Port": 587,
  "UserCredential": "portal-noreply.kha@vnpt.vn",
  "UserCredentialName": "VNPT_CRM",
  "UPass": "G3g@Ht%H",
  "EnableSsl": false
}
04:49:17.858 PM PushEmail END
04:50:36.296 PM PushEmail START
04:50:36.312 PM IsOnline
04:50:36.312 PM {
  "Host": "email.vnpt.vn",
  "Port": 587,
  "UserCredential": "portal-noreply.kha@vnpt.vn",
  "UserCredentialName": "VNPT_CRM",
  "UPass": "G3g@Ht%H",
  "EnableSsl": false
}
04:50:53.046 PM PushEmail END
04:52:33.452 PM PushEmail START
04:52:33.484 PM IsOnline
04:52:33.484 PM {
  "Host": "email.vnpt.vn",
  "Port": 587,
  "UserCredential": "portal-noreply.kha@vnpt.vn",
  "UserCredentialName": "VNPT_CRM",
  "UPass": "G3g@Ht%H",
  "EnableSsl": false
}
04:52:52.749 PM PushEmail END
04:53:39.390 PM PushEmail START
04:53:39.421 PM IsOnline
04:53:39.421 PM {
  "Host": "email.vnpt.vn",
  "Port": 587,
  "UserCredential": "portal-noreply.kha@vnpt.vn",
  "UserCredentialName": "VNPT_CRM",
  "UPass": "G3g@Ht%H",
  "EnableSsl": false
}
04:53:57.187 PM PushEmail END
04:54:50.171 PM PushEmail START
04:54:50.218 PM IsOnline
04:54:50.218 PM {
  "Host": "email.vnpt.vn",
  "Port": 587,
  "UserCredential": "portal-noreply.kha@vnpt.vn",
  "UserCredentialName": "VNPT_CRM",
  "UPass": "G3g@Ht%H",
  "EnableSsl": false
}
04:55:08.781 PM PushEmail END
05:03:36.000 PM PushEmail START
05:03:36.032 PM IsOnline
05:03:36.032 PM {
  "Host": "email.vnpt.vn",
  "Port": 587,
  "UserCredential": "portal-noreply.kha@vnpt.vn",
  "UserCredentialName": "VNPT_CRM",
  "UPass": "G3g@Ht%H",
  "EnableSsl": false
}
05:03:54.157 PM PushEmail END
05:04:06.016 PM PushEmail START
05:04:06.047 PM IsOnline
05:04:06.047 PM {
  "Host": "email.vnpt.vn",
  "Port": 587,
  "UserCredential": "portal-noreply.kha@vnpt.vn",
  "UserCredentialName": "VNPT_CRM",
  "UPass": "G3g@Ht%H",
  "EnableSsl": false
}
05:04:11.532 PM PushEmail END
05:04:37.719 PM PushEmail START
05:04:37.735 PM IsOnline
05:04:37.751 PM {
  "Host": "email.vnpt.vn",
  "Port": 587,
  "UserCredential": "portal-noreply.kha@vnpt.vn",
  "UserCredentialName": "VNPT_CRM",
  "UPass": "G3g@Ht%H",
  "EnableSsl": false
}
05:04:55.032 PM PushEmail END
05:04:56.610 PM PushEmail START
05:04:56.626 PM IsOnline
05:04:56.626 PM {
  "Host": "email.vnpt.vn",
  "Port": 587,
  "UserCredential": "portal-noreply.kha@vnpt.vn",
  "UserCredentialName": "VNPT_CRM",
  "UPass": "G3g@Ht%H",
  "EnableSsl": false
}
05:04:58.501 PM PushEmail END
05:05:30.829 PM System.Web.Mvc The controller for path '/robots.txt' was not found or does not implement IController.
05:05:30.829 PM Stack: at System.Web.Mvc.DefaultControllerFactory.GetControllerInstance(RequestContext requestContext, Type controllerType)
   at System.Web.Mvc.MvcHandler.ProcessRequestInit(HttpContextBase httpContext, IController& controller, IControllerFactory& factory)
   at System.Web.Mvc.MvcHandler.BeginProcessRequest(HttpContextBase httpContext, AsyncCallback callback, Object state)
   at System.Web.HttpApplication.CallHandlerExecutionStep.System.Web.HttpApplication.IExecutionStep.Execute()
   at System.Web.HttpApplication.ExecuteStepImpl(IExecutionStep step)
   at System.Web.HttpApplication.ExecuteStep(IExecutionStep step, Boolean& completedSynchronously)
05:05:57.626 PM PushEmail START
05:05:57.657 PM IsOnline
05:05:57.657 PM {
  "Host": "email.vnpt.vn",
  "Port": 587,
  "UserCredential": "portal-noreply.kha@vnpt.vn",
  "UserCredentialName": "VNPT_CRM",
  "UPass": "G3g@Ht%H",
  "EnableSsl": false
}
05:06:12.532 PM PushEmail END
05:06:14.282 PM PushEmail START
05:06:14.298 PM IsOnline
05:06:14.313 PM {
  "Host": "email.vnpt.vn",
  "Port": 587,
  "UserCredential": "portal-noreply.kha@vnpt.vn",
  "UserCredentialName": "VNPT_CRM",
  "UPass": "G3g@Ht%H",
  "EnableSsl": false
}
05:06:19.454 PM PushEmail END
05:06:20.970 PM PushEmail START
05:06:20.985 PM IsOnline
05:06:20.985 PM {
  "Host": "email.vnpt.vn",
  "Port": 587,
  "UserCredential": "portal-noreply.kha@vnpt.vn",
  "UserCredentialName": "VNPT_CRM",
  "UPass": "G3g@Ht%H",
  "EnableSsl": false
}
05:06:23.423 PM PushEmail END
05:09:04.360 PM System.Web.Mvc The controller for path '/.aws/config' was not found or does not implement IController.
05:09:04.360 PM Stack: at System.Web.Mvc.DefaultControllerFactory.GetControllerInstance(RequestContext requestContext, Type controllerType)
   at System.Web.Mvc.MvcHandler.ProcessRequestInit(HttpContextBase httpContext, IController& controller, IControllerFactory& factory)
   at System.Web.Mvc.MvcHandler.BeginProcessRequest(HttpContextBase httpContext, AsyncCallback callback, Object state)
   at System.Web.HttpApplication.CallHandlerExecutionStep.System.Web.HttpApplication.IExecutionStep.Execute()
   at System.Web.HttpApplication.ExecuteStepImpl(IExecutionStep step)
   at System.Web.HttpApplication.ExecuteStep(IExecutionStep step, Boolean& completedSynchronously)
05:09:04.626 PM System.Web.Mvc The controller for path '/.git/config' was not found or does not implement IController.
05:09:04.626 PM Stack: at System.Web.Mvc.DefaultControllerFactory.GetControllerInstance(RequestContext requestContext, Type controllerType)
   at System.Web.Mvc.MvcHandler.ProcessRequestInit(HttpContextBase httpContext, IController& controller, IControllerFactory& factory)
   at System.Web.Mvc.MvcHandler.BeginProcessRequest(HttpContextBase httpContext, AsyncCallback callback, Object state)
   at System.Web.HttpApplication.CallHandlerExecutionStep.System.Web.HttpApplication.IExecutionStep.Execute()
   at System.Web.HttpApplication.ExecuteStepImpl(IExecutionStep step)
   at System.Web.HttpApplication.ExecuteStep(IExecutionStep step, Boolean& completedSynchronously)
05:09:04.892 PM System.Web.Mvc The controller for path '/z9x8c7v6b5-debug-trigger-crm.vnptkhanhhoa.vn' was not found or does not implement IController.
05:09:04.892 PM Stack: at System.Web.Mvc.DefaultControllerFactory.GetControllerInstance(RequestContext requestContext, Type controllerType)
   at System.Web.Mvc.MvcHandler.ProcessRequestInit(HttpContextBase httpContext, IController& controller, IControllerFactory& factory)
   at System.Web.Mvc.MvcHandler.BeginProcessRequest(HttpContextBase httpContext, AsyncCallback callback, Object state)
   at System.Web.HttpApplication.CallHandlerExecutionStep.System.Web.HttpApplication.IExecutionStep.Execute()
   at System.Web.HttpApplication.ExecuteStepImpl(IExecutionStep step)
   at System.Web.HttpApplication.ExecuteStep(IExecutionStep step, Boolean& completedSynchronously)
05:09:05.157 PM System.Web.Mvc The controller for path '/.aws/credentials' was not found or does not implement IController.
05:09:05.157 PM Stack: at System.Web.Mvc.DefaultControllerFactory.GetControllerInstance(RequestContext requestContext, Type controllerType)
   at System.Web.Mvc.MvcHandler.ProcessRequestInit(HttpContextBase httpContext, IController& controller, IControllerFactory& factory)
   at System.Web.Mvc.MvcHandler.BeginProcessRequest(HttpContextBase httpContext, AsyncCallback callback, Object state)
   at System.Web.HttpApplication.CallHandlerExecutionStep.System.Web.HttpApplication.IExecutionStep.Execute()
   at System.Web.HttpApplication.ExecuteStepImpl(IExecutionStep step)
   at System.Web.HttpApplication.ExecuteStep(IExecutionStep step, Boolean& completedSynchronously)
05:09:05.157 PM System.Web.Mvc The controller for path '/rclone.conf' was not found or does not implement IController.
05:09:05.157 PM Stack: at System.Web.Mvc.DefaultControllerFactory.GetControllerInstance(RequestContext requestContext, Type controllerType)
   at System.Web.Mvc.MvcHandler.ProcessRequestInit(HttpContextBase httpContext, IController& controller, IControllerFactory& factory)
   at System.Web.Mvc.MvcHandler.BeginProcessRequest(HttpContextBase httpContext, AsyncCallback callback, Object state)
   at System.Web.HttpApplication.CallHandlerExecutionStep.System.Web.HttpApplication.IExecutionStep.Execute()
   at System.Web.HttpApplication.ExecuteStepImpl(IExecutionStep step)
   at System.Web.HttpApplication.ExecuteStep(IExecutionStep step, Boolean& completedSynchronously)
05:09:05.157 PM System.Web.Mvc The controller for path '/wp-json' was not found or does not implement IController.
05:09:05.157 PM Stack: at System.Web.Mvc.DefaultControllerFactory.GetControllerInstance(RequestContext requestContext, Type controllerType)
   at System.Web.Mvc.MvcHandler.ProcessRequestInit(HttpContextBase httpContext, IController& controller, IControllerFactory& factory)
   at System.Web.Mvc.MvcHandler.BeginProcessRequest(HttpContextBase httpContext, AsyncCallback callback, Object state)
   at System.Web.HttpApplication.CallHandlerExecutionStep.System.Web.HttpApplication.IExecutionStep.Execute()
   at System.Web.HttpApplication.ExecuteStepImpl(IExecutionStep step)
   at System.Web.HttpApplication.ExecuteStep(IExecutionStep step, Boolean& completedSynchronously)
05:09:05.548 PM System.Web.Mvc The controller for path '/.git/HEAD' was not found or does not implement IController.
05:09:05.548 PM Stack: at System.Web.Mvc.DefaultControllerFactory.GetControllerInstance(RequestContext requestContext, Type controllerType)
   at System.Web.Mvc.MvcHandler.ProcessRequestInit(HttpContextBase httpContext, IController& controller, IControllerFactory& factory)
   at System.Web.Mvc.MvcHandler.BeginProcessRequest(HttpContextBase httpContext, AsyncCallback callback, Object state)
   at System.Web.HttpApplication.CallHandlerExecutionStep.System.Web.HttpApplication.IExecutionStep.Execute()
   at System.Web.HttpApplication.ExecuteStepImpl(IExecutionStep step)
   at System.Web.HttpApplication.ExecuteStep(IExecutionStep step, Boolean& completedSynchronously)
05:09:05.579 PM System.Web.Mvc The controller for path '/.git-credentials' was not found or does not implement IController.
05:09:05.579 PM Stack: at System.Web.Mvc.DefaultControllerFactory.GetControllerInstance(RequestContext requestContext, Type controllerType)
   at System.Web.Mvc.MvcHandler.ProcessRequestInit(HttpContextBase httpContext, IController& controller, IControllerFactory& factory)
   at System.Web.Mvc.MvcHandler.BeginProcessRequest(HttpContextBase httpContext, AsyncCallback callback, Object state)
   at System.Web.HttpApplication.CallHandlerExecutionStep.System.Web.HttpApplication.IExecutionStep.Execute()
   at System.Web.HttpApplication.ExecuteStepImpl(IExecutionStep step)
   at System.Web.HttpApplication.ExecuteStep(IExecutionStep step, Boolean& completedSynchronously)
05:09:05.595 PM System.Web.Mvc The controller for path '/graphql' was not found or does not implement IController.
05:09:05.595 PM Stack: at System.Web.Mvc.DefaultControllerFactory.GetControllerInstance(RequestContext requestContext, Type controllerType)
   at System.Web.Mvc.MvcHandler.ProcessRequestInit(HttpContextBase httpContext, IController& controller, IControllerFactory& factory)
   at System.Web.Mvc.MvcHandler.BeginProcessRequest(HttpContextBase httpContext, AsyncCallback callback, Object state)
   at System.Web.HttpApplication.CallHandlerExecutionStep.System.Web.HttpApplication.IExecutionStep.Execute()
   at System.Web.HttpApplication.ExecuteStepImpl(IExecutionStep step)
   at System.Web.HttpApplication.ExecuteStep(IExecutionStep step, Boolean& completedSynchronously)
05:09:05.595 PM System.Web.Mvc The controller for path '/.gitconfig' was not found or does not implement IController.
05:09:05.595 PM Stack: at System.Web.Mvc.DefaultControllerFactory.GetControllerInstance(RequestContext requestContext, Type controllerType)
   at System.Web.Mvc.MvcHandler.ProcessRequestInit(HttpContextBase httpContext, IController& controller, IControllerFactory& factory)
   at System.Web.Mvc.MvcHandler.BeginProcessRequest(HttpContextBase httpContext, AsyncCallback callback, Object state)
   at System.Web.HttpApplication.CallHandlerExecutionStep.System.Web.HttpApplication.IExecutionStep.Execute()
   at System.Web.HttpApplication.ExecuteStepImpl(IExecutionStep step)
   at System.Web.HttpApplication.ExecuteStep(IExecutionStep step, Boolean& completedSynchronously)
05:09:05.626 PM System.Web.Mvc The controller for path '/.github/workflows/deploy.yml' was not found or does not implement IController.
05:09:05.626 PM Stack: at System.Web.Mvc.DefaultControllerFactory.GetControllerInstance(RequestContext requestContext, Type controllerType)
   at System.Web.Mvc.MvcHandler.ProcessRequestInit(HttpContextBase httpContext, IController& controller, IControllerFactory& factory)
   at System.Web.Mvc.MvcHandler.BeginProcessRequest(HttpContextBase httpContext, AsyncCallback callback, Object state)
   at System.Web.HttpApplication.CallHandlerExecutionStep.System.Web.HttpApplication.IExecutionStep.Execute()
   at System.Web.HttpApplication.ExecuteStepImpl(IExecutionStep step)
   at System.Web.HttpApplication.ExecuteStep(IExecutionStep step, Boolean& completedSynchronously)
05:09:05.673 PM System.Web.Mvc The controller for path '/.gitlab-ci.yml' was not found or does not implement IController.
05:09:05.673 PM Stack: at System.Web.Mvc.DefaultControllerFactory.GetControllerInstance(RequestContext requestContext, Type controllerType)
   at System.Web.Mvc.MvcHandler.ProcessRequestInit(HttpContextBase httpContext, IController& controller, IControllerFactory& factory)
   at System.Web.Mvc.MvcHandler.BeginProcessRequest(HttpContextBase httpContext, AsyncCallback callback, Object state)
   at System.Web.HttpApplication.CallHandlerExecutionStep.System.Web.HttpApplication.IExecutionStep.Execute()
   at System.Web.HttpApplication.ExecuteStepImpl(IExecutionStep step)
   at System.Web.HttpApplication.ExecuteStep(IExecutionStep step, Boolean& completedSynchronously)
05:09:05.751 PM System.Web.Mvc The controller for path '/.env' was not found or does not implement IController.
05:09:05.751 PM Stack: at System.Web.Mvc.DefaultControllerFactory.GetControllerInstance(RequestContext requestContext, Type controllerType)
   at System.Web.Mvc.MvcHandler.ProcessRequestInit(HttpContextBase httpContext, IController& controller, IControllerFactory& factory)
   at System.Web.Mvc.MvcHandler.BeginProcessRequest(HttpContextBase httpContext, AsyncCallback callback, Object state)
   at System.Web.HttpApplication.CallHandlerExecutionStep.System.Web.HttpApplication.IExecutionStep.Execute()
   at System.Web.HttpApplication.ExecuteStepImpl(IExecutionStep step)
   at System.Web.HttpApplication.ExecuteStep(IExecutionStep step, Boolean& completedSynchronously)
05:09:06.142 PM System.Web.Mvc The controller for path '/.env.local' was not found or does not implement IController.
05:09:06.142 PM Stack: at System.Web.Mvc.DefaultControllerFactory.GetControllerInstance(RequestContext requestContext, Type controllerType)
   at System.Web.Mvc.MvcHandler.ProcessRequestInit(HttpContextBase httpContext, IController& controller, IControllerFactory& factory)
   at System.Web.Mvc.MvcHandler.BeginProcessRequest(HttpContextBase httpContext, AsyncCallback callback, Object state)
   at System.Web.HttpApplication.CallHandlerExecutionStep.System.Web.HttpApplication.IExecutionStep.Execute()
   at System.Web.HttpApplication.ExecuteStepImpl(IExecutionStep step)
   at System.Web.HttpApplication.ExecuteStep(IExecutionStep step, Boolean& completedSynchronously)
05:09:06.142 PM System.Web.Mvc The controller for path '/.env.production' was not found or does not implement IController.
05:09:06.142 PM Stack: at System.Web.Mvc.DefaultControllerFactory.GetControllerInstance(RequestContext requestContext, Type controllerType)
   at System.Web.Mvc.MvcHandler.ProcessRequestInit(HttpContextBase httpContext, IController& controller, IControllerFactory& factory)
   at System.Web.Mvc.MvcHandler.BeginProcessRequest(HttpContextBase httpContext, AsyncCallback callback, Object state)
   at System.Web.HttpApplication.CallHandlerExecutionStep.System.Web.HttpApplication.IExecutionStep.Execute()
   at System.Web.HttpApplication.ExecuteStepImpl(IExecutionStep step)
   at System.Web.HttpApplication.ExecuteStep(IExecutionStep step, Boolean& completedSynchronously)
05:09:06.157 PM System.Web.Mvc The controller for path '/api/graphql' was not found or does not implement IController.
05:09:06.157 PM Stack: at System.Web.Mvc.DefaultControllerFactory.GetControllerInstance(RequestContext requestContext, Type controllerType)
   at System.Web.Mvc.MvcHandler.ProcessRequestInit(HttpContextBase httpContext, IController& controller, IControllerFactory& factory)
   at System.Web.Mvc.MvcHandler.BeginProcessRequest(HttpContextBase httpContext, AsyncCallback callback, Object state)
   at System.Web.HttpApplication.CallHandlerExecutionStep.System.Web.HttpApplication.IExecutionStep.Execute()
   at System.Web.HttpApplication.ExecuteStepImpl(IExecutionStep step)
   at System.Web.HttpApplication.ExecuteStep(IExecutionStep step, Boolean& completedSynchronously)
05:09:06.173 PM System.Web.Mvc The controller for path '/.env.backup' was not found or does not implement IController.
05:09:06.173 PM Stack: at System.Web.Mvc.DefaultControllerFactory.GetControllerInstance(RequestContext requestContext, Type controllerType)
   at System.Web.Mvc.MvcHandler.ProcessRequestInit(HttpContextBase httpContext, IController& controller, IControllerFactory& factory)
   at System.Web.Mvc.MvcHandler.BeginProcessRequest(HttpContextBase httpContext, AsyncCallback callback, Object state)
   at System.Web.HttpApplication.CallHandlerExecutionStep.System.Web.HttpApplication.IExecutionStep.Execute()
   at System.Web.HttpApplication.ExecuteStepImpl(IExecutionStep step)
   at System.Web.HttpApplication.ExecuteStep(IExecutionStep step, Boolean& completedSynchronously)
05:09:06.220 PM System.Web.Mvc The controller for path '/.env.old' was not found or does not implement IController.
05:09:06.220 PM Stack: at System.Web.Mvc.DefaultControllerFactory.GetControllerInstance(RequestContext requestContext, Type controllerType)
   at System.Web.Mvc.MvcHandler.ProcessRequestInit(HttpContextBase httpContext, IController& controller, IControllerFactory& factory)
   at System.Web.Mvc.MvcHandler.BeginProcessRequest(HttpContextBase httpContext, AsyncCallback callback, Object state)
   at System.Web.HttpApplication.CallHandlerExecutionStep.System.Web.HttpApplication.IExecutionStep.Execute()
   at System.Web.HttpApplication.ExecuteStepImpl(IExecutionStep step)
   at System.Web.HttpApplication.ExecuteStep(IExecutionStep step, Boolean& completedSynchronously)
05:09:06.220 PM System.Web.Mvc The controller for path '/.env.bak' was not found or does not implement IController.
05:09:06.220 PM Stack: at System.Web.Mvc.DefaultControllerFactory.GetControllerInstance(RequestContext requestContext, Type controllerType)
   at System.Web.Mvc.MvcHandler.ProcessRequestInit(HttpContextBase httpContext, IController& controller, IControllerFactory& factory)
   at System.Web.Mvc.MvcHandler.BeginProcessRequest(HttpContextBase httpContext, AsyncCallback callback, Object state)
   at System.Web.HttpApplication.CallHandlerExecutionStep.System.Web.HttpApplication.IExecutionStep.Execute()
   at System.Web.HttpApplication.ExecuteStepImpl(IExecutionStep step)
   at System.Web.HttpApplication.ExecuteStep(IExecutionStep step, Boolean& completedSynchronously)
05:09:06.657 PM System.Web.Mvc The controller for path '/.env.example' was not found or does not implement IController.
05:09:06.657 PM Stack: at System.Web.Mvc.DefaultControllerFactory.GetControllerInstance(RequestContext requestContext, Type controllerType)
   at System.Web.Mvc.MvcHandler.ProcessRequestInit(HttpContextBase httpContext, IController& controller, IControllerFactory& factory)
   at System.Web.Mvc.MvcHandler.BeginProcessRequest(HttpContextBase httpContext, AsyncCallback callback, Object state)
   at System.Web.HttpApplication.CallHandlerExecutionStep.System.Web.HttpApplication.IExecutionStep.Execute()
   at System.Web.HttpApplication.ExecuteStepImpl(IExecutionStep step)
   at System.Web.HttpApplication.ExecuteStep(IExecutionStep step, Boolean& completedSynchronously)
05:09:06.657 PM System.Web.Mvc The controller for path '/api/.env' was not found or does not implement IController.
05:09:06.657 PM Stack: at System.Web.Mvc.DefaultControllerFactory.GetControllerInstance(RequestContext requestContext, Type controllerType)
   at System.Web.Mvc.MvcHandler.ProcessRequestInit(HttpContextBase httpContext, IController& controller, IControllerFactory& factory)
   at System.Web.Mvc.MvcHandler.BeginProcessRequest(HttpContextBase httpContext, AsyncCallback callback, Object state)
   at System.Web.HttpApplication.CallHandlerExecutionStep.System.Web.HttpApplication.IExecutionStep.Execute()
   at System.Web.HttpApplication.ExecuteStepImpl(IExecutionStep step)
   at System.Web.HttpApplication.ExecuteStep(IExecutionStep step, Boolean& completedSynchronously)
05:09:06.673 PM System.Web.Mvc The controller for path '/v1/graphql' was not found or does not implement IController.
05:09:06.673 PM Stack: at System.Web.Mvc.DefaultControllerFactory.GetControllerInstance(RequestContext requestContext, Type controllerType)
   at System.Web.Mvc.MvcHandler.ProcessRequestInit(HttpContextBase httpContext, IController& controller, IControllerFactory& factory)
   at System.Web.Mvc.MvcHandler.BeginProcessRequest(HttpContextBase httpContext, AsyncCallback callback, Object state)
   at System.Web.HttpApplication.CallHandlerExecutionStep.System.Web.HttpApplication.IExecutionStep.Execute()
   at System.Web.HttpApplication.ExecuteStepImpl(IExecutionStep step)
   at System.Web.HttpApplication.ExecuteStep(IExecutionStep step, Boolean& completedSynchronously)
05:09:06.673 PM System.Web.Mvc The controller for path '/config/.env' was not found or does not implement IController.
05:09:06.673 PM Stack: at System.Web.Mvc.DefaultControllerFactory.GetControllerInstance(RequestContext requestContext, Type controllerType)
   at System.Web.Mvc.MvcHandler.ProcessRequestInit(HttpContextBase httpContext, IController& controller, IControllerFactory& factory)
   at System.Web.Mvc.MvcHandler.BeginProcessRequest(HttpContextBase httpContext, AsyncCallback callback, Object state)
   at System.Web.HttpApplication.CallHandlerExecutionStep.System.Web.HttpApplication.IExecutionStep.Execute()
   at System.Web.HttpApplication.ExecuteStepImpl(IExecutionStep step)
   at System.Web.HttpApplication.ExecuteStep(IExecutionStep step, Boolean& completedSynchronously)
05:09:06.689 PM System.Web.Mvc The controller for path '/admin/.env' was not found or does not implement IController.
05:09:06.689 PM Stack: at System.Web.Mvc.DefaultControllerFactory.GetControllerInstance(RequestContext requestContext, Type controllerType)
   at System.Web.Mvc.MvcHandler.ProcessRequestInit(HttpContextBase httpContext, IController& controller, IControllerFactory& factory)
   at System.Web.Mvc.MvcHandler.BeginProcessRequest(HttpContextBase httpContext, AsyncCallback callback, Object state)
   at System.Web.HttpApplication.CallHandlerExecutionStep.System.Web.HttpApplication.IExecutionStep.Execute()
   at System.Web.HttpApplication.ExecuteStepImpl(IExecutionStep step)
   at System.Web.HttpApplication.ExecuteStep(IExecutionStep step, Boolean& completedSynchronously)
05:09:06.689 PM System.Web.Mvc The controller for path '/backend/.env' was not found or does not implement IController.
05:09:06.689 PM Stack: at System.Web.Mvc.DefaultControllerFactory.GetControllerInstance(RequestContext requestContext, Type controllerType)
   at System.Web.Mvc.MvcHandler.ProcessRequestInit(HttpContextBase httpContext, IController& controller, IControllerFactory& factory)
   at System.Web.Mvc.MvcHandler.BeginProcessRequest(HttpContextBase httpContext, AsyncCallback callback, Object state)
   at System.Web.HttpApplication.CallHandlerExecutionStep.System.Web.HttpApplication.IExecutionStep.Execute()
   at System.Web.HttpApplication.ExecuteStepImpl(IExecutionStep step)
   at System.Web.HttpApplication.ExecuteStep(IExecutionStep step, Boolean& completedSynchronously)
05:09:07.126 PM System.Web.Mvc The controller for path '/secrets.yml' was not found or does not implement IController.
05:09:07.126 PM Stack: at System.Web.Mvc.DefaultControllerFactory.GetControllerInstance(RequestContext requestContext, Type controllerType)
   at System.Web.Mvc.MvcHandler.ProcessRequestInit(HttpContextBase httpContext, IController& controller, IControllerFactory& factory)
   at System.Web.Mvc.MvcHandler.BeginProcessRequest(HttpContextBase httpContext, AsyncCallback callback, Object state)
   at System.Web.HttpApplication.CallHandlerExecutionStep.System.Web.HttpApplication.IExecutionStep.Execute()
   at System.Web.HttpApplication.ExecuteStepImpl(IExecutionStep step)
   at System.Web.HttpApplication.ExecuteStep(IExecutionStep step, Boolean& completedSynchronously)
05:09:07.126 PM System.Web.Mvc The controller for path '/credentials.json' was not found or does not implement IController.
05:09:07.126 PM Stack: at System.Web.Mvc.DefaultControllerFactory.GetControllerInstance(RequestContext requestContext, Type controllerType)
   at System.Web.Mvc.MvcHandler.ProcessRequestInit(HttpContextBase httpContext, IController& controller, IControllerFactory& factory)
   at System.Web.Mvc.MvcHandler.BeginProcessRequest(HttpContextBase httpContext, AsyncCallback callback, Object state)
   at System.Web.HttpApplication.CallHandlerExecutionStep.System.Web.HttpApplication.IExecutionStep.Execute()
   at System.Web.HttpApplication.ExecuteStepImpl(IExecutionStep step)
   at System.Web.HttpApplication.ExecuteStep(IExecutionStep step, Boolean& completedSynchronously)
05:09:07.142 PM System.Web.Mvc The controller for path '/secrets.json' was not found or does not implement IController.
05:09:07.142 PM Stack: at System.Web.Mvc.DefaultControllerFactory.GetControllerInstance(RequestContext requestContext, Type controllerType)
   at System.Web.Mvc.MvcHandler.ProcessRequestInit(HttpContextBase httpContext, IController& controller, IControllerFactory& factory)
   at System.Web.Mvc.MvcHandler.BeginProcessRequest(HttpContextBase httpContext, AsyncCallback callback, Object state)
   at System.Web.HttpApplication.CallHandlerExecutionStep.System.Web.HttpApplication.IExecutionStep.Execute()
   at System.Web.HttpApplication.ExecuteStepImpl(IExecutionStep step)
   at System.Web.HttpApplication.ExecuteStep(IExecutionStep step, Boolean& completedSynchronously)
05:09:07.157 PM System.Web.Mvc The controller for path '/serviceAccountKey.json' was not found or does not implement IController.
05:09:07.157 PM Stack: at System.Web.Mvc.DefaultControllerFactory.GetControllerInstance(RequestContext requestContext, Type controllerType)
   at System.Web.Mvc.MvcHandler.ProcessRequestInit(HttpContextBase httpContext, IController& controller, IControllerFactory& factory)
   at System.Web.Mvc.MvcHandler.BeginProcessRequest(HttpContextBase httpContext, AsyncCallback callback, Object state)
   at System.Web.HttpApplication.CallHandlerExecutionStep.System.Web.HttpApplication.IExecutionStep.Execute()
   at System.Web.HttpApplication.ExecuteStepImpl(IExecutionStep step)
   at System.Web.HttpApplication.ExecuteStep(IExecutionStep step, Boolean& completedSynchronously)
05:09:07.610 PM System.Web.Mvc The controller for path '/firebase-adminsdk.json' was not found or does not implement IController.
05:09:07.610 PM Stack: at System.Web.Mvc.DefaultControllerFactory.GetControllerInstance(RequestContext requestContext, Type controllerType)
   at System.Web.Mvc.MvcHandler.ProcessRequestInit(HttpContextBase httpContext, IController& controller, IControllerFactory& factory)
   at System.Web.Mvc.MvcHandler.BeginProcessRequest(HttpContextBase httpContext, AsyncCallback callback, Object state)
   at System.Web.HttpApplication.CallHandlerExecutionStep.System.Web.HttpApplication.IExecutionStep.Execute()
   at System.Web.HttpApplication.ExecuteStepImpl(IExecutionStep step)
   at System.Web.HttpApplication.ExecuteStep(IExecutionStep step, Boolean& completedSynchronously)
05:09:07.610 PM System.Web.Mvc The controller for path '/service_account.json' was not found or does not implement IController.
05:09:07.610 PM Stack: at System.Web.Mvc.DefaultControllerFactory.GetControllerInstance(RequestContext requestContext, Type controllerType)
   at System.Web.Mvc.MvcHandler.ProcessRequestInit(HttpContextBase httpContext, IController& controller, IControllerFactory& factory)
   at System.Web.Mvc.MvcHandler.BeginProcessRequest(HttpContextBase httpContext, AsyncCallback callback, Object state)
   at System.Web.HttpApplication.CallHandlerExecutionStep.System.Web.HttpApplication.IExecutionStep.Execute()
   at System.Web.HttpApplication.ExecuteStepImpl(IExecutionStep step)
   at System.Web.HttpApplication.ExecuteStep(IExecutionStep step, Boolean& completedSynchronously)
05:09:07.626 PM System.Web.Mvc The controller for path '/Dockerfile' was not found or does not implement IController.
05:09:07.626 PM Stack: at System.Web.Mvc.DefaultControllerFactory.GetControllerInstance(RequestContext requestContext, Type controllerType)
   at System.Web.Mvc.MvcHandler.ProcessRequestInit(HttpContextBase httpContext, IController& controller, IControllerFactory& factory)
   at System.Web.Mvc.MvcHandler.BeginProcessRequest(HttpContextBase httpContext, AsyncCallback callback, Object state)
   at System.Web.HttpApplication.CallHandlerExecutionStep.System.Web.HttpApplication.IExecutionStep.Execute()
   at System.Web.HttpApplication.ExecuteStepImpl(IExecutionStep step)
   at System.Web.HttpApplication.ExecuteStep(IExecutionStep step, Boolean& completedSynchronously)
05:09:07.657 PM System.Web.Mvc The controller for path '/key.json' was not found or does not implement IController.
05:09:07.657 PM Stack: at System.Web.Mvc.DefaultControllerFactory.GetControllerInstance(RequestContext requestContext, Type controllerType)
   at System.Web.Mvc.MvcHandler.ProcessRequestInit(HttpContextBase httpContext, IController& controller, IControllerFactory& factory)
   at System.Web.Mvc.MvcHandler.BeginProcessRequest(HttpContextBase httpContext, AsyncCallback callback, Object state)
   at System.Web.HttpApplication.CallHandlerExecutionStep.System.Web.HttpApplication.IExecutionStep.Execute()
   at System.Web.HttpApplication.ExecuteStepImpl(IExecutionStep step)
   at System.Web.HttpApplication.ExecuteStep(IExecutionStep step, Boolean& completedSynchronously)
05:09:08.079 PM System.Web.Mvc The controller for path '/firebase-service-account.json' was not found or does not implement IController.
05:09:08.079 PM Stack: at System.Web.Mvc.DefaultControllerFactory.GetControllerInstance(RequestContext requestContext, Type controllerType)
   at System.Web.Mvc.MvcHandler.ProcessRequestInit(HttpContextBase httpContext, IController& controller, IControllerFactory& factory)
   at System.Web.Mvc.MvcHandler.BeginProcessRequest(HttpContextBase httpContext, AsyncCallback callback, Object state)
   at System.Web.HttpApplication.CallHandlerExecutionStep.System.Web.HttpApplication.IExecutionStep.Execute()
   at System.Web.HttpApplication.ExecuteStepImpl(IExecutionStep step)
   at System.Web.HttpApplication.ExecuteStep(IExecutionStep step, Boolean& completedSynchronously)
05:09:08.095 PM System.Web.Mvc The controller for path '/.github/.env' was not found or does not implement IController.
05:09:08.095 PM Stack: at System.Web.Mvc.DefaultControllerFactory.GetControllerInstance(RequestContext requestContext, Type controllerType)
   at System.Web.Mvc.MvcHandler.ProcessRequestInit(HttpContextBase httpContext, IController& controller, IControllerFactory& factory)
   at System.Web.Mvc.MvcHandler.BeginProcessRequest(HttpContextBase httpContext, AsyncCallback callback, Object state)
   at System.Web.HttpApplication.CallHandlerExecutionStep.System.Web.HttpApplication.IExecutionStep.Execute()
   at System.Web.HttpApplication.ExecuteStepImpl(IExecutionStep step)
   at System.Web.HttpApplication.ExecuteStep(IExecutionStep step, Boolean& completedSynchronously)
05:09:08.095 PM System.Web.Mvc The controller for path '/.docker/config.json' was not found or does not implement IController.
05:09:08.095 PM Stack: at System.Web.Mvc.DefaultControllerFactory.GetControllerInstance(RequestContext requestContext, Type controllerType)
   at System.Web.Mvc.MvcHandler.ProcessRequestInit(HttpContextBase httpContext, IController& controller, IControllerFactory& factory)
   at System.Web.Mvc.MvcHandler.BeginProcessRequest(HttpContextBase httpContext, AsyncCallback callback, Object state)
   at System.Web.HttpApplication.CallHandlerExecutionStep.System.Web.HttpApplication.IExecutionStep.Execute()
   at System.Web.HttpApplication.ExecuteStepImpl(IExecutionStep step)
   at System.Web.HttpApplication.ExecuteStep(IExecutionStep step, Boolean& completedSynchronously)
05:09:08.110 PM System.Web.Mvc The controller for path '/.s3cfg' was not found or does not implement IController.
05:09:08.110 PM Stack: at System.Web.Mvc.DefaultControllerFactory.GetControllerInstance(RequestContext requestContext, Type controllerType)
   at System.Web.Mvc.MvcHandler.ProcessRequestInit(HttpContextBase httpContext, IController& controller, IControllerFactory& factory)
   at System.Web.Mvc.MvcHandler.BeginProcessRequest(HttpContextBase httpContext, AsyncCallback callback, Object state)
   at System.Web.HttpApplication.CallHandlerExecutionStep.System.Web.HttpApplication.IExecutionStep.Execute()
   at System.Web.HttpApplication.ExecuteStepImpl(IExecutionStep step)
   at System.Web.HttpApplication.ExecuteStep(IExecutionStep step, Boolean& completedSynchronously)
05:09:08.157 PM System.Web.Mvc The controller for path '/service-account.json' was not found or does not implement IController.
05:09:08.157 PM Stack: at System.Web.Mvc.DefaultControllerFactory.GetControllerInstance(RequestContext requestContext, Type controllerType)
   at System.Web.Mvc.MvcHandler.ProcessRequestInit(HttpContextBase httpContext, IController& controller, IControllerFactory& factory)
   at System.Web.Mvc.MvcHandler.BeginProcessRequest(HttpContextBase httpContext, AsyncCallback callback, Object state)
   at System.Web.HttpApplication.CallHandlerExecutionStep.System.Web.HttpApplication.IExecutionStep.Execute()
   at System.Web.HttpApplication.ExecuteStepImpl(IExecutionStep step)
   at System.Web.HttpApplication.ExecuteStep(IExecutionStep step, Boolean& completedSynchronously)
05:09:08.189 PM System.Web.Mvc The controller for path '/.npmrc' was not found or does not implement IController.
05:09:08.189 PM Stack: at System.Web.Mvc.DefaultControllerFactory.GetControllerInstance(RequestContext requestContext, Type controllerType)
   at System.Web.Mvc.MvcHandler.ProcessRequestInit(HttpContextBase httpContext, IController& controller, IControllerFactory& factory)
   at System.Web.Mvc.MvcHandler.BeginProcessRequest(HttpContextBase httpContext, AsyncCallback callback, Object state)
   at System.Web.HttpApplication.CallHandlerExecutionStep.System.Web.HttpApplication.IExecutionStep.Execute()
   at System.Web.HttpApplication.ExecuteStepImpl(IExecutionStep step)
   at System.Web.HttpApplication.ExecuteStep(IExecutionStep step, Boolean& completedSynchronously)
05:09:08.548 PM System.Web.Mvc The controller for path '/.boto' was not found or does not implement IController.
05:09:08.548 PM Stack: at System.Web.Mvc.DefaultControllerFactory.GetControllerInstance(RequestContext requestContext, Type controllerType)
   at System.Web.Mvc.MvcHandler.ProcessRequestInit(HttpContextBase httpContext, IController& controller, IControllerFactory& factory)
   at System.Web.Mvc.MvcHandler.BeginProcessRequest(HttpContextBase httpContext, AsyncCallback callback, Object state)
   at System.Web.HttpApplication.CallHandlerExecutionStep.System.Web.HttpApplication.IExecutionStep.Execute()
   at System.Web.HttpApplication.ExecuteStepImpl(IExecutionStep step)
   at System.Web.HttpApplication.ExecuteStep(IExecutionStep step, Boolean& completedSynchronously)
05:09:08.579 PM System.Web.Mvc The controller for path '/.htpasswd' was not found or does not implement IController.
05:09:08.579 PM Stack: at System.Web.Mvc.DefaultControllerFactory.GetControllerInstance(RequestContext requestContext, Type controllerType)
   at System.Web.Mvc.MvcHandler.ProcessRequestInit(HttpContextBase httpContext, IController& controller, IControllerFactory& factory)
   at System.Web.Mvc.MvcHandler.BeginProcessRequest(HttpContextBase httpContext, AsyncCallback callback, Object state)
   at System.Web.HttpApplication.CallHandlerExecutionStep.System.Web.HttpApplication.IExecutionStep.Execute()
   at System.Web.HttpApplication.ExecuteStepImpl(IExecutionStep step)
   at System.Web.HttpApplication.ExecuteStep(IExecutionStep step, Boolean& completedSynchronously)
05:09:08.595 PM System.Web.Mvc The controller for path '/.svn/entries' was not found or does not implement IController.
05:09:08.595 PM Stack: at System.Web.Mvc.DefaultControllerFactory.GetControllerInstance(RequestContext requestContext, Type controllerType)
   at System.Web.Mvc.MvcHandler.ProcessRequestInit(HttpContextBase httpContext, IController& controller, IControllerFactory& factory)
   at System.Web.Mvc.MvcHandler.BeginProcessRequest(HttpContextBase httpContext, AsyncCallback callback, Object state)
   at System.Web.HttpApplication.CallHandlerExecutionStep.System.Web.HttpApplication.IExecutionStep.Execute()
   at System.Web.HttpApplication.ExecuteStepImpl(IExecutionStep step)
   at System.Web.HttpApplication.ExecuteStep(IExecutionStep step, Boolean& completedSynchronously)
05:09:08.689 PM System.Web.Mvc The controller for path '/terraform.tfstate' was not found or does not implement IController.
05:09:08.689 PM Stack: at System.Web.Mvc.DefaultControllerFactory.GetControllerInstance(RequestContext requestContext, Type controllerType)
   at System.Web.Mvc.MvcHandler.ProcessRequestInit(HttpContextBase httpContext, IController& controller, IControllerFactory& factory)
   at System.Web.Mvc.MvcHandler.BeginProcessRequest(HttpContextBase httpContext, AsyncCallback callback, Object state)
   at System.Web.HttpApplication.CallHandlerExecutionStep.System.Web.HttpApplication.IExecutionStep.Execute()
   at System.Web.HttpApplication.ExecuteStepImpl(IExecutionStep step)
   at System.Web.HttpApplication.ExecuteStep(IExecutionStep step, Boolean& completedSynchronously)
05:09:08.751 PM System.Web.Mvc The controller for path '/docker-compose.yaml' was not found or does not implement IController.
05:09:08.751 PM Stack: at System.Web.Mvc.DefaultControllerFactory.GetControllerInstance(RequestContext requestContext, Type controllerType)
   at System.Web.Mvc.MvcHandler.ProcessRequestInit(HttpContextBase httpContext, IController& controller, IControllerFactory& factory)
   at System.Web.Mvc.MvcHandler.BeginProcessRequest(HttpContextBase httpContext, AsyncCallback callback, Object state)
   at System.Web.HttpApplication.CallHandlerExecutionStep.System.Web.HttpApplication.IExecutionStep.Execute()
   at System.Web.HttpApplication.ExecuteStepImpl(IExecutionStep step)
   at System.Web.HttpApplication.ExecuteStep(IExecutionStep step, Boolean& completedSynchronously)
05:09:08.751 PM System.Web.Mvc The controller for path '/docker-compose.yml' was not found or does not implement IController.
05:09:08.751 PM Stack: at System.Web.Mvc.DefaultControllerFactory.GetControllerInstance(RequestContext requestContext, Type controllerType)
   at System.Web.Mvc.MvcHandler.ProcessRequestInit(HttpContextBase httpContext, IController& controller, IControllerFactory& factory)
   at System.Web.Mvc.MvcHandler.BeginProcessRequest(HttpContextBase httpContext, AsyncCallback callback, Object state)
   at System.Web.HttpApplication.CallHandlerExecutionStep.System.Web.HttpApplication.IExecutionStep.Execute()
   at System.Web.HttpApplication.ExecuteStepImpl(IExecutionStep step)
   at System.Web.HttpApplication.ExecuteStep(IExecutionStep step, Boolean& completedSynchronously)
05:09:09.048 PM System.Web.Mvc The controller for path '/secrets.env' was not found or does not implement IController.
05:09:09.048 PM Stack: at System.Web.Mvc.DefaultControllerFactory.GetControllerInstance(RequestContext requestContext, Type controllerType)
   at System.Web.Mvc.MvcHandler.ProcessRequestInit(HttpContextBase httpContext, IController& controller, IControllerFactory& factory)
   at System.Web.Mvc.MvcHandler.BeginProcessRequest(HttpContextBase httpContext, AsyncCallback callback, Object state)
   at System.Web.HttpApplication.CallHandlerExecutionStep.System.Web.HttpApplication.IExecutionStep.Execute()
   at System.Web.HttpApplication.ExecuteStepImpl(IExecutionStep step)
   at System.Web.HttpApplication.ExecuteStep(IExecutionStep step, Boolean& completedSynchronously)
05:09:09.126 PM System.Web.Mvc The controller for path '/serverless.yml' was not found or does not implement IController.
05:09:09.126 PM Stack: at System.Web.Mvc.DefaultControllerFactory.GetControllerInstance(RequestContext requestContext, Type controllerType)
   at System.Web.Mvc.MvcHandler.ProcessRequestInit(HttpContextBase httpContext, IController& controller, IControllerFactory& factory)
   at System.Web.Mvc.MvcHandler.BeginProcessRequest(HttpContextBase httpContext, AsyncCallback callback, Object state)
   at System.Web.HttpApplication.CallHandlerExecutionStep.System.Web.HttpApplication.IExecutionStep.Execute()
   at System.Web.HttpApplication.ExecuteStepImpl(IExecutionStep step)
   at System.Web.HttpApplication.ExecuteStep(IExecutionStep step, Boolean& completedSynchronously)
05:09:09.173 PM System.Web.Mvc The controller for path '/serverless.yaml' was not found or does not implement IController.
05:09:09.173 PM Stack: at System.Web.Mvc.DefaultControllerFactory.GetControllerInstance(RequestContext requestContext, Type controllerType)
   at System.Web.Mvc.MvcHandler.ProcessRequestInit(HttpContextBase httpContext, IController& controller, IControllerFactory& factory)
   at System.Web.Mvc.MvcHandler.BeginProcessRequest(HttpContextBase httpContext, AsyncCallback callback, Object state)
   at System.Web.HttpApplication.CallHandlerExecutionStep.System.Web.HttpApplication.IExecutionStep.Execute()
   at System.Web.HttpApplication.ExecuteStepImpl(IExecutionStep step)
   at System.Web.HttpApplication.ExecuteStep(IExecutionStep step, Boolean& completedSynchronously)
05:09:09.267 PM System.Web.Mvc The controller for path '/config/env/aws_credentials.env' was not found or does not implement IController.
05:09:09.267 PM Stack: at System.Web.Mvc.DefaultControllerFactory.GetControllerInstance(RequestContext requestContext, Type controllerType)
   at System.Web.Mvc.MvcHandler.ProcessRequestInit(HttpContextBase httpContext, IController& controller, IControllerFactory& factory)
   at System.Web.Mvc.MvcHandler.BeginProcessRequest(HttpContextBase httpContext, AsyncCallback callback, Object state)
   at System.Web.HttpApplication.CallHandlerExecutionStep.System.Web.HttpApplication.IExecutionStep.Execute()
   at System.Web.HttpApplication.ExecuteStepImpl(IExecutionStep step)
   at System.Web.HttpApplication.ExecuteStep(IExecutionStep step, Boolean& completedSynchronously)
05:09:09.282 PM System.Web.Mvc The controller for path '/.vscode/launch.json' was not found or does not implement IController.
05:09:09.282 PM Stack: at System.Web.Mvc.DefaultControllerFactory.GetControllerInstance(RequestContext requestContext, Type controllerType)
   at System.Web.Mvc.MvcHandler.ProcessRequestInit(HttpContextBase httpContext, IController& controller, IControllerFactory& factory)
   at System.Web.Mvc.MvcHandler.BeginProcessRequest(HttpContextBase httpContext, AsyncCallback callback, Object state)
   at System.Web.HttpApplication.CallHandlerExecutionStep.System.Web.HttpApplication.IExecutionStep.Execute()
   at System.Web.HttpApplication.ExecuteStepImpl(IExecutionStep step)
   at System.Web.HttpApplication.ExecuteStep(IExecutionStep step, Boolean& completedSynchronously)
05:09:09.579 PM System.Web.Mvc The controller for path '/.ssh/id_ed25519' was not found or does not implement IController.
05:09:09.579 PM Stack: at System.Web.Mvc.DefaultControllerFactory.GetControllerInstance(RequestContext requestContext, Type controllerType)
   at System.Web.Mvc.MvcHandler.ProcessRequestInit(HttpContextBase httpContext, IController& controller, IControllerFactory& factory)
   at System.Web.Mvc.MvcHandler.BeginProcessRequest(HttpContextBase httpContext, AsyncCallback callback, Object state)
   at System.Web.HttpApplication.CallHandlerExecutionStep.System.Web.HttpApplication.IExecutionStep.Execute()
   at System.Web.HttpApplication.ExecuteStepImpl(IExecutionStep step)
   at System.Web.HttpApplication.ExecuteStep(IExecutionStep step, Boolean& completedSynchronously)
05:09:09.595 PM System.Web.Mvc The controller for path '/.ssh/id_rsa' was not found or does not implement IController.
05:09:09.595 PM Stack: at System.Web.Mvc.DefaultControllerFactory.GetControllerInstance(RequestContext requestContext, Type controllerType)
   at System.Web.Mvc.MvcHandler.ProcessRequestInit(HttpContextBase httpContext, IController& controller, IControllerFactory& factory)
   at System.Web.Mvc.MvcHandler.BeginProcessRequest(HttpContextBase httpContext, AsyncCallback callback, Object state)
   at System.Web.HttpApplication.CallHandlerExecutionStep.System.Web.HttpApplication.IExecutionStep.Execute()
   at System.Web.HttpApplication.ExecuteStepImpl(IExecutionStep step)
   at System.Web.HttpApplication.ExecuteStep(IExecutionStep step, Boolean& completedSynchronously)
05:09:09.735 PM System.Web.Mvc The controller for path '/.ssh/id_ecdsa' was not found or does not implement IController.
05:09:09.735 PM Stack: at System.Web.Mvc.DefaultControllerFactory.GetControllerInstance(RequestContext requestContext, Type controllerType)
   at System.Web.Mvc.MvcHandler.ProcessRequestInit(HttpContextBase httpContext, IController& controller, IControllerFactory& factory)
   at System.Web.Mvc.MvcHandler.BeginProcessRequest(HttpContextBase httpContext, AsyncCallback callback, Object state)
   at System.Web.HttpApplication.CallHandlerExecutionStep.System.Web.HttpApplication.IExecutionStep.Execute()
   at System.Web.HttpApplication.ExecuteStepImpl(IExecutionStep step)
   at System.Web.HttpApplication.ExecuteStep(IExecutionStep step, Boolean& completedSynchronously)
05:09:09.814 PM System.Web.Mvc The controller for path '/.idea/WebServers.xml' was not found or does not implement IController.
05:09:09.814 PM Stack: at System.Web.Mvc.DefaultControllerFactory.GetControllerInstance(RequestContext requestContext, Type controllerType)
   at System.Web.Mvc.MvcHandler.ProcessRequestInit(HttpContextBase httpContext, IController& controller, IControllerFactory& factory)
   at System.Web.Mvc.MvcHandler.BeginProcessRequest(HttpContextBase httpContext, AsyncCallback callback, Object state)
   at System.Web.HttpApplication.CallHandlerExecutionStep.System.Web.HttpApplication.IExecutionStep.Execute()
   at System.Web.HttpApplication.ExecuteStepImpl(IExecutionStep step)
   at System.Web.HttpApplication.ExecuteStep(IExecutionStep step, Boolean& completedSynchronously)
05:09:09.829 PM System.Web.Mvc The controller for path '/.ssh/authorized_keys' was not found or does not implement IController.
05:09:09.829 PM Stack: at System.Web.Mvc.DefaultControllerFactory.GetControllerInstance(RequestContext requestContext, Type controllerType)
   at System.Web.Mvc.MvcHandler.ProcessRequestInit(HttpContextBase httpContext, IController& controller, IControllerFactory& factory)
   at System.Web.Mvc.MvcHandler.BeginProcessRequest(HttpContextBase httpContext, AsyncCallback callback, Object state)
   at System.Web.HttpApplication.CallHandlerExecutionStep.System.Web.HttpApplication.IExecutionStep.Execute()
   at System.Web.HttpApplication.ExecuteStepImpl(IExecutionStep step)
   at System.Web.HttpApplication.ExecuteStep(IExecutionStep step, Boolean& completedSynchronously)
05:09:10.048 PM System.Web.Mvc The controller for path '/.ssh/config' was not found or does not implement IController.
05:09:10.048 PM Stack: at System.Web.Mvc.DefaultControllerFactory.GetControllerInstance(RequestContext requestContext, Type controllerType)
   at System.Web.Mvc.MvcHandler.ProcessRequestInit(HttpContextBase httpContext, IController& controller, IControllerFactory& factory)
   at System.Web.Mvc.MvcHandler.BeginProcessRequest(HttpContextBase httpContext, AsyncCallback callback, Object state)
   at System.Web.HttpApplication.CallHandlerExecutionStep.System.Web.HttpApplication.IExecutionStep.Execute()
   at System.Web.HttpApplication.ExecuteStepImpl(IExecutionStep step)
   at System.Web.HttpApplication.ExecuteStep(IExecutionStep step, Boolean& completedSynchronously)
05:09:10.064 PM System.Web.Mvc The controller for path '/.ssh/known_hosts' was not found or does not implement IController.
05:09:10.064 PM Stack: at System.Web.Mvc.DefaultControllerFactory.GetControllerInstance(RequestContext requestContext, Type controllerType)
   at System.Web.Mvc.MvcHandler.ProcessRequestInit(HttpContextBase httpContext, IController& controller, IControllerFactory& factory)
   at System.Web.Mvc.MvcHandler.BeginProcessRequest(HttpContextBase httpContext, AsyncCallback callback, Object state)
   at System.Web.HttpApplication.CallHandlerExecutionStep.System.Web.HttpApplication.IExecutionStep.Execute()
   at System.Web.HttpApplication.ExecuteStepImpl(IExecutionStep step)
   at System.Web.HttpApplication.ExecuteStep(IExecutionStep step, Boolean& completedSynchronously)
05:09:10.282 PM System.Web.Mvc The controller for path '/id_dsa' was not found or does not implement IController.
05:09:10.282 PM Stack: at System.Web.Mvc.DefaultControllerFactory.GetControllerInstance(RequestContext requestContext, Type controllerType)
   at System.Web.Mvc.MvcHandler.ProcessRequestInit(HttpContextBase httpContext, IController& controller, IControllerFactory& factory)
   at System.Web.Mvc.MvcHandler.BeginProcessRequest(HttpContextBase httpContext, AsyncCallback callback, Object state)
   at System.Web.HttpApplication.CallHandlerExecutionStep.System.Web.HttpApplication.IExecutionStep.Execute()
   at System.Web.HttpApplication.ExecuteStepImpl(IExecutionStep step)
   at System.Web.HttpApplication.ExecuteStep(IExecutionStep step, Boolean& completedSynchronously)
05:09:10.298 PM System.Web.Mvc The controller for path '/id_rsa' was not found or does not implement IController.
05:09:10.298 PM Stack: at System.Web.Mvc.DefaultControllerFactory.GetControllerInstance(RequestContext requestContext, Type controllerType)
   at System.Web.Mvc.MvcHandler.ProcessRequestInit(HttpContextBase httpContext, IController& controller, IControllerFactory& factory)
   at System.Web.Mvc.MvcHandler.BeginProcessRequest(HttpContextBase httpContext, AsyncCallback callback, Object state)
   at System.Web.HttpApplication.CallHandlerExecutionStep.System.Web.HttpApplication.IExecutionStep.Execute()
   at System.Web.HttpApplication.ExecuteStepImpl(IExecutionStep step)
   at System.Web.HttpApplication.ExecuteStep(IExecutionStep step, Boolean& completedSynchronously)
05:09:10.314 PM System.Web.Mvc The controller for path '/id_ed25519' was not found or does not implement IController.
05:09:10.314 PM Stack: at System.Web.Mvc.DefaultControllerFactory.GetControllerInstance(RequestContext requestContext, Type controllerType)
   at System.Web.Mvc.MvcHandler.ProcessRequestInit(HttpContextBase httpContext, IController& controller, IControllerFactory& factory)
   at System.Web.Mvc.MvcHandler.BeginProcessRequest(HttpContextBase httpContext, AsyncCallback callback, Object state)
   at System.Web.HttpApplication.CallHandlerExecutionStep.System.Web.HttpApplication.IExecutionStep.Execute()
   at System.Web.HttpApplication.ExecuteStepImpl(IExecutionStep step)
   at System.Web.HttpApplication.ExecuteStep(IExecutionStep step, Boolean& completedSynchronously)
05:09:10.329 PM System.Web.Mvc The controller for path '/.ssh/id_dsa' was not found or does not implement IController.
05:09:10.329 PM Stack: at System.Web.Mvc.DefaultControllerFactory.GetControllerInstance(RequestContext requestContext, Type controllerType)
   at System.Web.Mvc.MvcHandler.ProcessRequestInit(HttpContextBase httpContext, IController& controller, IControllerFactory& factory)
   at System.Web.Mvc.MvcHandler.BeginProcessRequest(HttpContextBase httpContext, AsyncCallback callback, Object state)
   at System.Web.HttpApplication.CallHandlerExecutionStep.System.Web.HttpApplication.IExecutionStep.Execute()
   at System.Web.HttpApplication.ExecuteStepImpl(IExecutionStep step)
   at System.Web.HttpApplication.ExecuteStep(IExecutionStep step, Boolean& completedSynchronously)
05:09:10.689 PM System.Web.Mvc The controller for path '/id_ecdsa' was not found or does not implement IController.
05:09:10.689 PM Stack: at System.Web.Mvc.DefaultControllerFactory.GetControllerInstance(RequestContext requestContext, Type controllerType)
   at System.Web.Mvc.MvcHandler.ProcessRequestInit(HttpContextBase httpContext, IController& controller, IControllerFactory& factory)
   at System.Web.Mvc.MvcHandler.BeginProcessRequest(HttpContextBase httpContext, AsyncCallback callback, Object state)
   at System.Web.HttpApplication.CallHandlerExecutionStep.System.Web.HttpApplication.IExecutionStep.Execute()
   at System.Web.HttpApplication.ExecuteStepImpl(IExecutionStep step)
   at System.Web.HttpApplication.ExecuteStep(IExecutionStep step, Boolean& completedSynchronously)
05:09:10.704 PM System.Web.Mvc The controller for path '/server.key' was not found or does not implement IController.
05:09:10.704 PM Stack: at System.Web.Mvc.DefaultControllerFactory.GetControllerInstance(RequestContext requestContext, Type controllerType)
   at System.Web.Mvc.MvcHandler.ProcessRequestInit(HttpContextBase httpContext, IController& controller, IControllerFactory& factory)
   at System.Web.Mvc.MvcHandler.BeginProcessRequest(HttpContextBase httpContext, AsyncCallback callback, Object state)
   at System.Web.HttpApplication.CallHandlerExecutionStep.System.Web.HttpApplication.IExecutionStep.Execute()
   at System.Web.HttpApplication.ExecuteStepImpl(IExecutionStep step)
   at System.Web.HttpApplication.ExecuteStep(IExecutionStep step, Boolean& completedSynchronously)
05:09:10.735 PM System.Web.Mvc The controller for path '/privatekey.key' was not found or does not implement IController.
05:09:10.735 PM Stack: at System.Web.Mvc.DefaultControllerFactory.GetControllerInstance(RequestContext requestContext, Type controllerType)
   at System.Web.Mvc.MvcHandler.ProcessRequestInit(HttpContextBase httpContext, IController& controller, IControllerFactory& factory)
   at System.Web.Mvc.MvcHandler.BeginProcessRequest(HttpContextBase httpContext, AsyncCallback callback, Object state)
   at System.Web.HttpApplication.CallHandlerExecutionStep.System.Web.HttpApplication.IExecutionStep.Execute()
   at System.Web.HttpApplication.ExecuteStepImpl(IExecutionStep step)
   at System.Web.HttpApplication.ExecuteStep(IExecutionStep step, Boolean& completedSynchronously)
05:09:10.735 PM System.Web.Mvc The controller for path '/key.pem' was not found or does not implement IController.
05:09:10.735 PM Stack: at System.Web.Mvc.DefaultControllerFactory.GetControllerInstance(RequestContext requestContext, Type controllerType)
   at System.Web.Mvc.MvcHandler.ProcessRequestInit(HttpContextBase httpContext, IController& controller, IControllerFactory& factory)
   at System.Web.Mvc.MvcHandler.BeginProcessRequest(HttpContextBase httpContext, AsyncCallback callback, Object state)
   at System.Web.HttpApplication.CallHandlerExecutionStep.System.Web.HttpApplication.IExecutionStep.Execute()
   at System.Web.HttpApplication.ExecuteStepImpl(IExecutionStep step)
   at System.Web.HttpApplication.ExecuteStep(IExecutionStep step, Boolean& completedSynchronously)
05:09:10.954 PM System.Web.Mvc The controller for path '/localhost.key' was not found or does not implement IController.
05:09:10.954 PM Stack: at System.Web.Mvc.DefaultControllerFactory.GetControllerInstance(RequestContext requestContext, Type controllerType)
   at System.Web.Mvc.MvcHandler.ProcessRequestInit(HttpContextBase httpContext, IController& controller, IControllerFactory& factory)
   at System.Web.Mvc.MvcHandler.BeginProcessRequest(HttpContextBase httpContext, AsyncCallback callback, Object state)
   at System.Web.HttpApplication.CallHandlerExecutionStep.System.Web.HttpApplication.IExecutionStep.Execute()
   at System.Web.HttpApplication.ExecuteStepImpl(IExecutionStep step)
   at System.Web.HttpApplication.ExecuteStep(IExecutionStep step, Boolean& completedSynchronously)
05:09:10.954 PM System.Web.Mvc The controller for path '/private-key' was not found or does not implement IController.
05:09:10.954 PM Stack: at System.Web.Mvc.DefaultControllerFactory.GetControllerInstance(RequestContext requestContext, Type controllerType)
   at System.Web.Mvc.MvcHandler.ProcessRequestInit(HttpContextBase httpContext, IController& controller, IControllerFactory& factory)
   at System.Web.Mvc.MvcHandler.BeginProcessRequest(HttpContextBase httpContext, AsyncCallback callback, Object state)
   at System.Web.HttpApplication.CallHandlerExecutionStep.System.Web.HttpApplication.IExecutionStep.Execute()
   at System.Web.HttpApplication.ExecuteStepImpl(IExecutionStep step)
   at System.Web.HttpApplication.ExecuteStep(IExecutionStep step, Boolean& completedSynchronously)
05:09:11.173 PM System.Web.Mvc The controller for path '/host.key' was not found or does not implement IController.
05:09:11.173 PM Stack: at System.Web.Mvc.DefaultControllerFactory.GetControllerInstance(RequestContext requestContext, Type controllerType)
   at System.Web.Mvc.MvcHandler.ProcessRequestInit(HttpContextBase httpContext, IController& controller, IControllerFactory& factory)
   at System.Web.Mvc.MvcHandler.BeginProcessRequest(HttpContextBase httpContext, AsyncCallback callback, Object state)
   at System.Web.HttpApplication.CallHandlerExecutionStep.System.Web.HttpApplication.IExecutionStep.Execute()
   at System.Web.HttpApplication.ExecuteStepImpl(IExecutionStep step)
   at System.Web.HttpApplication.ExecuteStep(IExecutionStep step, Boolean& completedSynchronously)
05:09:11.189 PM System.Web.Mvc The controller for path '/ssl/server.key' was not found or does not implement IController.
05:09:11.189 PM Stack: at System.Web.Mvc.DefaultControllerFactory.GetControllerInstance(RequestContext requestContext, Type controllerType)
   at System.Web.Mvc.MvcHandler.ProcessRequestInit(HttpContextBase httpContext, IController& controller, IControllerFactory& factory)
   at System.Web.Mvc.MvcHandler.BeginProcessRequest(HttpContextBase httpContext, AsyncCallback callback, Object state)
   at System.Web.HttpApplication.CallHandlerExecutionStep.System.Web.HttpApplication.IExecutionStep.Execute()
   at System.Web.HttpApplication.ExecuteStepImpl(IExecutionStep step)
   at System.Web.HttpApplication.ExecuteStep(IExecutionStep step, Boolean& completedSynchronously)
05:09:11.189 PM System.Web.Mvc The controller for path '/ssl/localhost.key' was not found or does not implement IController.
05:09:11.189 PM Stack: at System.Web.Mvc.DefaultControllerFactory.GetControllerInstance(RequestContext requestContext, Type controllerType)
   at System.Web.Mvc.MvcHandler.ProcessRequestInit(HttpContextBase httpContext, IController& controller, IControllerFactory& factory)
   at System.Web.Mvc.MvcHandler.BeginProcessRequest(HttpContextBase httpContext, AsyncCallback callback, Object state)
   at System.Web.HttpApplication.CallHandlerExecutionStep.System.Web.HttpApplication.IExecutionStep.Execute()
   at System.Web.HttpApplication.ExecuteStepImpl(IExecutionStep step)
   at System.Web.HttpApplication.ExecuteStep(IExecutionStep step, Boolean& completedSynchronously)
05:09:11.204 PM System.Web.Mvc The controller for path '/.bashrc' was not found or does not implement IController.
05:09:11.204 PM Stack: at System.Web.Mvc.DefaultControllerFactory.GetControllerInstance(RequestContext requestContext, Type controllerType)
   at System.Web.Mvc.MvcHandler.ProcessRequestInit(HttpContextBase httpContext, IController& controller, IControllerFactory& factory)
   at System.Web.Mvc.MvcHandler.BeginProcessRequest(HttpContextBase httpContext, AsyncCallback callback, Object state)
   at System.Web.HttpApplication.CallHandlerExecutionStep.System.Web.HttpApplication.IExecutionStep.Execute()
   at System.Web.HttpApplication.ExecuteStepImpl(IExecutionStep step)
   at System.Web.HttpApplication.ExecuteStep(IExecutionStep step, Boolean& completedSynchronously)
05:09:11.439 PM System.Web.Mvc The controller for path '/.zshrc' was not found or does not implement IController.
05:09:11.439 PM Stack: at System.Web.Mvc.DefaultControllerFactory.GetControllerInstance(RequestContext requestContext, Type controllerType)
   at System.Web.Mvc.MvcHandler.ProcessRequestInit(HttpContextBase httpContext, IController& controller, IControllerFactory& factory)
   at System.Web.Mvc.MvcHandler.BeginProcessRequest(HttpContextBase httpContext, AsyncCallback callback, Object state)
   at System.Web.HttpApplication.CallHandlerExecutionStep.System.Web.HttpApplication.IExecutionStep.Execute()
   at System.Web.HttpApplication.ExecuteStepImpl(IExecutionStep step)
   at System.Web.HttpApplication.ExecuteStep(IExecutionStep step, Boolean& completedSynchronously)
05:09:11.657 PM System.Web.Mvc The controller for path '/.profile' was not found or does not implement IController.
05:09:11.657 PM Stack: at System.Web.Mvc.DefaultControllerFactory.GetControllerInstance(RequestContext requestContext, Type controllerType)
   at System.Web.Mvc.MvcHandler.ProcessRequestInit(HttpContextBase httpContext, IController& controller, IControllerFactory& factory)
   at System.Web.Mvc.MvcHandler.BeginProcessRequest(HttpContextBase httpContext, AsyncCallback callback, Object state)
   at System.Web.HttpApplication.CallHandlerExecutionStep.System.Web.HttpApplication.IExecutionStep.Execute()
   at System.Web.HttpApplication.ExecuteStepImpl(IExecutionStep step)
   at System.Web.HttpApplication.ExecuteStep(IExecutionStep step, Boolean& completedSynchronously)
05:09:11.673 PM System.Web.Mvc The controller for path '/@fs/app/.env' was not found or does not implement IController.
05:09:11.673 PM Stack: at System.Web.Mvc.DefaultControllerFactory.GetControllerInstance(RequestContext requestContext, Type controllerType)
   at System.Web.Mvc.MvcHandler.ProcessRequestInit(HttpContextBase httpContext, IController& controller, IControllerFactory& factory)
   at System.Web.Mvc.MvcHandler.BeginProcessRequest(HttpContextBase httpContext, AsyncCallback callback, Object state)
   at System.Web.HttpApplication.CallHandlerExecutionStep.System.Web.HttpApplication.IExecutionStep.Execute()
   at System.Web.HttpApplication.ExecuteStepImpl(IExecutionStep step)
   at System.Web.HttpApplication.ExecuteStep(IExecutionStep step, Boolean& completedSynchronously)
05:09:11.704 PM System.Web.Mvc The controller for path '/@fs/src/.env' was not found or does not implement IController.
05:09:11.704 PM Stack: at System.Web.Mvc.DefaultControllerFactory.GetControllerInstance(RequestContext requestContext, Type controllerType)
   at System.Web.Mvc.MvcHandler.ProcessRequestInit(HttpContextBase httpContext, IController& controller, IControllerFactory& factory)
   at System.Web.Mvc.MvcHandler.BeginProcessRequest(HttpContextBase httpContext, AsyncCallback callback, Object state)
   at System.Web.HttpApplication.CallHandlerExecutionStep.System.Web.HttpApplication.IExecutionStep.Execute()
   at System.Web.HttpApplication.ExecuteStepImpl(IExecutionStep step)
   at System.Web.HttpApplication.ExecuteStep(IExecutionStep step, Boolean& completedSynchronously)
05:09:11.798 PM System.Web.Mvc The controller for path '/.bash_profile' was not found or does not implement IController.
05:09:11.798 PM Stack: at System.Web.Mvc.DefaultControllerFactory.GetControllerInstance(RequestContext requestContext, Type controllerType)
   at System.Web.Mvc.MvcHandler.ProcessRequestInit(HttpContextBase httpContext, IController& controller, IControllerFactory& factory)
   at System.Web.Mvc.MvcHandler.BeginProcessRequest(HttpContextBase httpContext, AsyncCallback callback, Object state)
   at System.Web.HttpApplication.CallHandlerExecutionStep.System.Web.HttpApplication.IExecutionStep.Execute()
   at System.Web.HttpApplication.ExecuteStepImpl(IExecutionStep step)
   at System.Web.HttpApplication.ExecuteStep(IExecutionStep step, Boolean& completedSynchronously)
05:09:12.220 PM System.Web.Mvc The controller for path '/.env' was not found or does not implement IController.
05:09:12.220 PM Stack: at System.Web.Mvc.DefaultControllerFactory.GetControllerInstance(RequestContext requestContext, Type controllerType)
   at System.Web.Mvc.MvcHandler.ProcessRequestInit(HttpContextBase httpContext, IController& controller, IControllerFactory& factory)
   at System.Web.Mvc.MvcHandler.BeginProcessRequest(HttpContextBase httpContext, AsyncCallback callback, Object state)
   at System.Web.HttpApplication.CallHandlerExecutionStep.System.Web.HttpApplication.IExecutionStep.Execute()
   at System.Web.HttpApplication.ExecuteStepImpl(IExecutionStep step)
   at System.Web.HttpApplication.ExecuteStep(IExecutionStep step, Boolean& completedSynchronously)
05:09:12.454 PM System.Web.Mvc The controller for path '/.env' was not found or does not implement IController.
05:09:12.454 PM Stack: at System.Web.Mvc.DefaultControllerFactory.GetControllerInstance(RequestContext requestContext, Type controllerType)
   at System.Web.Mvc.MvcHandler.ProcessRequestInit(HttpContextBase httpContext, IController& controller, IControllerFactory& factory)
   at System.Web.Mvc.MvcHandler.BeginProcessRequest(HttpContextBase httpContext, AsyncCallback callback, Object state)
   at System.Web.HttpApplication.CallHandlerExecutionStep.System.Web.HttpApplication.IExecutionStep.Execute()
   at System.Web.HttpApplication.ExecuteStepImpl(IExecutionStep step)
   at System.Web.HttpApplication.ExecuteStep(IExecutionStep step, Boolean& completedSynchronously)
05:09:12.954 PM System.Web.Mvc The controller for path '/static/app/.env' was not found or does not implement IController.
05:09:12.954 PM Stack: at System.Web.Mvc.DefaultControllerFactory.GetControllerInstance(RequestContext requestContext, Type controllerType)
   at System.Web.Mvc.MvcHandler.ProcessRequestInit(HttpContextBase httpContext, IController& controller, IControllerFactory& factory)
   at System.Web.Mvc.MvcHandler.BeginProcessRequest(HttpContextBase httpContext, AsyncCallback callback, Object state)
   at System.Web.HttpApplication.CallHandlerExecutionStep.System.Web.HttpApplication.IExecutionStep.Execute()
   at System.Web.HttpApplication.ExecuteStepImpl(IExecutionStep step)
   at System.Web.HttpApplication.ExecuteStep(IExecutionStep step, Boolean& completedSynchronously)
05:09:12.970 PM System.Web.Mvc The controller for path '/static/.env' was not found or does not implement IController.
05:09:12.970 PM Stack: at System.Web.Mvc.DefaultControllerFactory.GetControllerInstance(RequestContext requestContext, Type controllerType)
   at System.Web.Mvc.MvcHandler.ProcessRequestInit(HttpContextBase httpContext, IController& controller, IControllerFactory& factory)
   at System.Web.Mvc.MvcHandler.BeginProcessRequest(HttpContextBase httpContext, AsyncCallback callback, Object state)
   at System.Web.HttpApplication.CallHandlerExecutionStep.System.Web.HttpApplication.IExecutionStep.Execute()
   at System.Web.HttpApplication.ExecuteStepImpl(IExecutionStep step)
   at System.Web.HttpApplication.ExecuteStep(IExecutionStep step, Boolean& completedSynchronously)
05:09:13.017 PM System.Web.Mvc The controller for path '/.env' was not found or does not implement IController.
05:09:13.017 PM Stack: at System.Web.Mvc.DefaultControllerFactory.GetControllerInstance(RequestContext requestContext, Type controllerType)
   at System.Web.Mvc.MvcHandler.ProcessRequestInit(HttpContextBase httpContext, IController& controller, IControllerFactory& factory)
   at System.Web.Mvc.MvcHandler.BeginProcessRequest(HttpContextBase httpContext, AsyncCallback callback, Object state)
   at System.Web.HttpApplication.CallHandlerExecutionStep.System.Web.HttpApplication.IExecutionStep.Execute()
   at System.Web.HttpApplication.ExecuteStepImpl(IExecutionStep step)
   at System.Web.HttpApplication.ExecuteStep(IExecutionStep step, Boolean& completedSynchronously)
05:09:13.032 PM System.Web.Mvc The controller for path '/.env' was not found or does not implement IController.
05:09:13.032 PM Stack: at System.Web.Mvc.DefaultControllerFactory.GetControllerInstance(RequestContext requestContext, Type controllerType)
   at System.Web.Mvc.MvcHandler.ProcessRequestInit(HttpContextBase httpContext, IController& controller, IControllerFactory& factory)
   at System.Web.Mvc.MvcHandler.BeginProcessRequest(HttpContextBase httpContext, AsyncCallback callback, Object state)
   at System.Web.HttpApplication.CallHandlerExecutionStep.System.Web.HttpApplication.IExecutionStep.Execute()
   at System.Web.HttpApplication.ExecuteStepImpl(IExecutionStep step)
   at System.Web.HttpApplication.ExecuteStep(IExecutionStep step, Boolean& completedSynchronously)
05:09:13.267 PM System.Web.Mvc The controller for path '/.env' was not found or does not implement IController.
05:09:13.267 PM Stack: at System.Web.Mvc.DefaultControllerFactory.GetControllerInstance(RequestContext requestContext, Type controllerType)
   at System.Web.Mvc.MvcHandler.ProcessRequestInit(HttpContextBase httpContext, IController& controller, IControllerFactory& factory)
   at System.Web.Mvc.MvcHandler.BeginProcessRequest(HttpContextBase httpContext, AsyncCallback callback, Object state)
   at System.Web.HttpApplication.CallHandlerExecutionStep.System.Web.HttpApplication.IExecutionStep.Execute()
   at System.Web.HttpApplication.ExecuteStepImpl(IExecutionStep step)
   at System.Web.HttpApplication.ExecuteStep(IExecutionStep step, Boolean& completedSynchronously)
05:09:14.579 PM System.Web.Mvc The controller for path '/admin/.env' was not found or does not implement IController.
05:09:14.579 PM Stack: at System.Web.Mvc.DefaultControllerFactory.GetControllerInstance(RequestContext requestContext, Type controllerType)
   at System.Web.Mvc.MvcHandler.ProcessRequestInit(HttpContextBase httpContext, IController& controller, IControllerFactory& factory)
   at System.Web.Mvc.MvcHandler.BeginProcessRequest(HttpContextBase httpContext, AsyncCallback callback, Object state)
   at System.Web.HttpApplication.CallHandlerExecutionStep.System.Web.HttpApplication.IExecutionStep.Execute()
   at System.Web.HttpApplication.ExecuteStepImpl(IExecutionStep step)
   at System.Web.HttpApplication.ExecuteStep(IExecutionStep step, Boolean& completedSynchronously)
05:09:14.798 PM System.Web.Mvc The controller for path '/settings/.env' was not found or does not implement IController.
05:09:14.798 PM Stack: at System.Web.Mvc.DefaultControllerFactory.GetControllerInstance(RequestContext requestContext, Type controllerType)
   at System.Web.Mvc.MvcHandler.ProcessRequestInit(HttpContextBase httpContext, IController& controller, IControllerFactory& factory)
   at System.Web.Mvc.MvcHandler.BeginProcessRequest(HttpContextBase httpContext, AsyncCallback callback, Object state)
   at System.Web.HttpApplication.CallHandlerExecutionStep.System.Web.HttpApplication.IExecutionStep.Execute()
   at System.Web.HttpApplication.ExecuteStepImpl(IExecutionStep step)
   at System.Web.HttpApplication.ExecuteStep(IExecutionStep step, Boolean& completedSynchronously)
05:09:14.798 PM System.Web.Mvc The controller for path '/dashboard/.env' was not found or does not implement IController.
05:09:14.798 PM Stack: at System.Web.Mvc.DefaultControllerFactory.GetControllerInstance(RequestContext requestContext, Type controllerType)
   at System.Web.Mvc.MvcHandler.ProcessRequestInit(HttpContextBase httpContext, IController& controller, IControllerFactory& factory)
   at System.Web.Mvc.MvcHandler.BeginProcessRequest(HttpContextBase httpContext, AsyncCallback callback, Object state)
   at System.Web.HttpApplication.CallHandlerExecutionStep.System.Web.HttpApplication.IExecutionStep.Execute()
   at System.Web.HttpApplication.ExecuteStepImpl(IExecutionStep step)
   at System.Web.HttpApplication.ExecuteStep(IExecutionStep step, Boolean& completedSynchronously)
05:09:14.814 PM System.Web.Mvc The controller for path '/api/.env' was not found or does not implement IController.
05:09:14.814 PM Stack: at System.Web.Mvc.DefaultControllerFactory.GetControllerInstance(RequestContext requestContext, Type controllerType)
   at System.Web.Mvc.MvcHandler.ProcessRequestInit(HttpContextBase httpContext, IController& controller, IControllerFactory& factory)
   at System.Web.Mvc.MvcHandler.BeginProcessRequest(HttpContextBase httpContext, AsyncCallback callback, Object state)
   at System.Web.HttpApplication.CallHandlerExecutionStep.System.Web.HttpApplication.IExecutionStep.Execute()
   at System.Web.HttpApplication.ExecuteStepImpl(IExecutionStep step)
   at System.Web.HttpApplication.ExecuteStep(IExecutionStep step, Boolean& completedSynchronously)
05:09:15.017 PM System.Web.Mvc The controller for path '/@fs/.env' was not found or does not implement IController.
05:09:15.017 PM Stack: at System.Web.Mvc.DefaultControllerFactory.GetControllerInstance(RequestContext requestContext, Type controllerType)
   at System.Web.Mvc.MvcHandler.ProcessRequestInit(HttpContextBase httpContext, IController& controller, IControllerFactory& factory)
   at System.Web.Mvc.MvcHandler.BeginProcessRequest(HttpContextBase httpContext, AsyncCallback callback, Object state)
   at System.Web.HttpApplication.CallHandlerExecutionStep.System.Web.HttpApplication.IExecutionStep.Execute()
   at System.Web.HttpApplication.ExecuteStepImpl(IExecutionStep step)
   at System.Web.HttpApplication.ExecuteStep(IExecutionStep step, Boolean& completedSynchronously)
05:09:15.314 PM System.Web.Mvc The controller for path '/@fs/.env' was not found or does not implement IController.
05:09:15.314 PM Stack: at System.Web.Mvc.DefaultControllerFactory.GetControllerInstance(RequestContext requestContext, Type controllerType)
   at System.Web.Mvc.MvcHandler.ProcessRequestInit(HttpContextBase httpContext, IController& controller, IControllerFactory& factory)
   at System.Web.Mvc.MvcHandler.BeginProcessRequest(HttpContextBase httpContext, AsyncCallback callback, Object state)
   at System.Web.HttpApplication.CallHandlerExecutionStep.System.Web.HttpApplication.IExecutionStep.Execute()
   at System.Web.HttpApplication.ExecuteStepImpl(IExecutionStep step)
   at System.Web.HttpApplication.ExecuteStep(IExecutionStep step, Boolean& completedSynchronously)
05:09:15.407 PM System.Web.Mvc The controller for path '/@fs/.env' was not found or does not implement IController.
05:09:15.407 PM Stack: at System.Web.Mvc.DefaultControllerFactory.GetControllerInstance(RequestContext requestContext, Type controllerType)
   at System.Web.Mvc.MvcHandler.ProcessRequestInit(HttpContextBase httpContext, IController& controller, IControllerFactory& factory)
   at System.Web.Mvc.MvcHandler.BeginProcessRequest(HttpContextBase httpContext, AsyncCallback callback, Object state)
   at System.Web.HttpApplication.CallHandlerExecutionStep.System.Web.HttpApplication.IExecutionStep.Execute()
   at System.Web.HttpApplication.ExecuteStepImpl(IExecutionStep step)
   at System.Web.HttpApplication.ExecuteStep(IExecutionStep step, Boolean& completedSynchronously)
05:09:15.532 PM System.Web.Mvc The controller for path '/appsettings.json' was not found or does not implement IController.
05:09:15.532 PM Stack: at System.Web.Mvc.DefaultControllerFactory.GetControllerInstance(RequestContext requestContext, Type controllerType)
   at System.Web.Mvc.MvcHandler.ProcessRequestInit(HttpContextBase httpContext, IController& controller, IControllerFactory& factory)
   at System.Web.Mvc.MvcHandler.BeginProcessRequest(HttpContextBase httpContext, AsyncCallback callback, Object state)
   at System.Web.HttpApplication.CallHandlerExecutionStep.System.Web.HttpApplication.IExecutionStep.Execute()
   at System.Web.HttpApplication.ExecuteStepImpl(IExecutionStep step)
   at System.Web.HttpApplication.ExecuteStep(IExecutionStep step, Boolean& completedSynchronously)
05:09:15.814 PM System.Web.Mvc The controller for path '/appsettings.Development.json' was not found or does not implement IController.
05:09:15.814 PM Stack: at System.Web.Mvc.DefaultControllerFactory.GetControllerInstance(RequestContext requestContext, Type controllerType)
   at System.Web.Mvc.MvcHandler.ProcessRequestInit(HttpContextBase httpContext, IController& controller, IControllerFactory& factory)
   at System.Web.Mvc.MvcHandler.BeginProcessRequest(HttpContextBase httpContext, AsyncCallback callback, Object state)
   at System.Web.HttpApplication.CallHandlerExecutionStep.System.Web.HttpApplication.IExecutionStep.Execute()
   at System.Web.HttpApplication.ExecuteStepImpl(IExecutionStep step)
   at System.Web.HttpApplication.ExecuteStep(IExecutionStep step, Boolean& completedSynchronously)
05:09:15.829 PM System.Web.Mvc The controller for path '/appsettings.Production.json' was not found or does not implement IController.
05:09:15.829 PM Stack: at System.Web.Mvc.DefaultControllerFactory.GetControllerInstance(RequestContext requestContext, Type controllerType)
   at System.Web.Mvc.MvcHandler.ProcessRequestInit(HttpContextBase httpContext, IController& controller, IControllerFactory& factory)
   at System.Web.Mvc.MvcHandler.BeginProcessRequest(HttpContextBase httpContext, AsyncCallback callback, Object state)
   at System.Web.HttpApplication.CallHandlerExecutionStep.System.Web.HttpApplication.IExecutionStep.Execute()
   at System.Web.HttpApplication.ExecuteStepImpl(IExecutionStep step)
   at System.Web.HttpApplication.ExecuteStep(IExecutionStep step, Boolean& completedSynchronously)
05:09:16.110 PM System.Web.Mvc The controller for path '/local.settings.json' was not found or does not implement IController.
05:09:16.110 PM Stack: at System.Web.Mvc.DefaultControllerFactory.GetControllerInstance(RequestContext requestContext, Type controllerType)
   at System.Web.Mvc.MvcHandler.ProcessRequestInit(HttpContextBase httpContext, IController& controller, IControllerFactory& factory)
   at System.Web.Mvc.MvcHandler.BeginProcessRequest(HttpContextBase httpContext, AsyncCallback callback, Object state)
   at System.Web.HttpApplication.CallHandlerExecutionStep.System.Web.HttpApplication.IExecutionStep.Execute()
   at System.Web.HttpApplication.ExecuteStepImpl(IExecutionStep step)
   at System.Web.HttpApplication.ExecuteStep(IExecutionStep step, Boolean& completedSynchronously)
05:09:16.142 PM System.Web.Mvc The controller for path '/values.yaml' was not found or does not implement IController.
05:09:16.142 PM Stack: at System.Web.Mvc.DefaultControllerFactory.GetControllerInstance(RequestContext requestContext, Type controllerType)
   at System.Web.Mvc.MvcHandler.ProcessRequestInit(HttpContextBase httpContext, IController& controller, IControllerFactory& factory)
   at System.Web.Mvc.MvcHandler.BeginProcessRequest(HttpContextBase httpContext, AsyncCallback callback, Object state)
   at System.Web.HttpApplication.CallHandlerExecutionStep.System.Web.HttpApplication.IExecutionStep.Execute()
   at System.Web.HttpApplication.ExecuteStepImpl(IExecutionStep step)
   at System.Web.HttpApplication.ExecuteStep(IExecutionStep step, Boolean& completedSynchronously)
05:09:16.314 PM System.Web.Mvc The controller for path '/__/firebase/init.json' was not found or does not implement IController.
05:09:16.314 PM Stack: at System.Web.Mvc.DefaultControllerFactory.GetControllerInstance(RequestContext requestContext, Type controllerType)
   at System.Web.Mvc.MvcHandler.ProcessRequestInit(HttpContextBase httpContext, IController& controller, IControllerFactory& factory)
   at System.Web.Mvc.MvcHandler.BeginProcessRequest(HttpContextBase httpContext, AsyncCallback callback, Object state)
   at System.Web.HttpApplication.CallHandlerExecutionStep.System.Web.HttpApplication.IExecutionStep.Execute()
   at System.Web.HttpApplication.ExecuteStepImpl(IExecutionStep step)
   at System.Web.HttpApplication.ExecuteStep(IExecutionStep step, Boolean& completedSynchronously)
05:09:16.345 PM System.Web.Mvc The controller for path '/config.js' was not found or does not implement IController.
05:09:16.345 PM Stack: at System.Web.Mvc.DefaultControllerFactory.GetControllerInstance(RequestContext requestContext, Type controllerType)
   at System.Web.Mvc.MvcHandler.ProcessRequestInit(HttpContextBase httpContext, IController& controller, IControllerFactory& factory)
   at System.Web.Mvc.MvcHandler.BeginProcessRequest(HttpContextBase httpContext, AsyncCallback callback, Object state)
   at System.Web.HttpApplication.CallHandlerExecutionStep.System.Web.HttpApplication.IExecutionStep.Execute()
   at System.Web.HttpApplication.ExecuteStepImpl(IExecutionStep step)
   at System.Web.HttpApplication.ExecuteStep(IExecutionStep step, Boolean& completedSynchronously)
05:09:16.360 PM System.Web.Mvc The controller for path '/config.json' was not found or does not implement IController.
05:09:16.360 PM Stack: at System.Web.Mvc.DefaultControllerFactory.GetControllerInstance(RequestContext requestContext, Type controllerType)
   at System.Web.Mvc.MvcHandler.ProcessRequestInit(HttpContextBase httpContext, IController& controller, IControllerFactory& factory)
   at System.Web.Mvc.MvcHandler.BeginProcessRequest(HttpContextBase httpContext, AsyncCallback callback, Object state)
   at System.Web.HttpApplication.CallHandlerExecutionStep.System.Web.HttpApplication.IExecutionStep.Execute()
   at System.Web.HttpApplication.ExecuteStepImpl(IExecutionStep step)
   at System.Web.HttpApplication.ExecuteStep(IExecutionStep step, Boolean& completedSynchronously)
05:32:43.363 PM System.Web Server cannot set status after HTTP headers have been sent.
05:32:43.363 PM Stack: at System.Web.HttpResponse.set_StatusCode(Int32 value)
   at System.Web.Mvc.HandleErrorAttribute.OnException(ExceptionContext filterContext)
   at System.Web.Mvc.ControllerActionInvoker.InvokeExceptionFilters(ControllerContext controllerContext, IList`1 filters, Exception exception)
   at System.Web.Mvc.Async.AsyncControllerActionInvoker.<>c__DisplayClass3_1.<BeginInvokeAction>b__1(IAsyncResult asyncResult)
   at System.Web.Mvc.Async.AsyncControllerActionInvoker.EndInvokeAction(IAsyncResult asyncResult)
   at System.Web.Mvc.Controller.<>c.<BeginExecuteCore>b__152_1(IAsyncResult asyncResult, ExecuteCoreState innerState)
   at System.Web.Mvc.Async.AsyncResultWrapper.WrappedAsyncVoid`1.CallEndDelegate(IAsyncResult asyncResult)
   at System.Web.Mvc.Controller.EndExecuteCore(IAsyncResult asyncResult)
   at System.Web.Mvc.Async.AsyncResultWrapper.WrappedAsyncVoid`1.CallEndDelegate(IAsyncResult asyncResult)
   at System.Web.Mvc.Controller.EndExecute(IAsyncResult asyncResult)
   at System.Web.Mvc.MvcHandler.<>c.<BeginProcessRequest>b__20_1(IAsyncResult asyncResult, ProcessRequestState innerState)
   at System.Web.Mvc.Async.AsyncResultWrapper.WrappedAsyncVoid`1.CallEndDelegate(IAsyncResult asyncResult)
   at System.Web.Mvc.MvcHandler.EndProcessRequest(IAsyncResult asyncResult)
   at System.Web.HttpApplication.CallHandlerExecutionStep.System.Web.HttpApplication.IExecutionStep.Execute()
   at System.Web.HttpApplication.ExecuteStepImpl(IExecutionStep step)
   at System.Web.HttpApplication.ExecuteStep(IExecutionStep step, Boolean& completedSynchronously)
08:15:49.944 PM System.Web 
08:15:49.944 PM Stack: at System.Web.Util.FileUtil.CheckSuspiciousPhysicalPath(String physicalPath)
   at System.Web.HttpApplication.PipelineStepManager.ValidateHelper(HttpContext context)
09:25:54.951 PM PushEmail START
09:25:54.983 PM IsOnline
09:25:55.842 PM {
  "Host": "email.vnpt.vn",
  "Port": 587,
  "UserCredential": "portal-noreply.kha@vnpt.vn",
  "UserCredentialName": "VNPT_CRM",
  "UPass": "G3g@Ht%H",
  "EnableSsl": false
}
09:25:57.748 PM PushEmail END
09:27:50.577 PM PushEmail START
09:27:50.592 PM IsOnline
09:27:50.608 PM {
  "Host": "email.vnpt.vn",
  "Port": 587,
  "UserCredential": "portal-noreply.kha@vnpt.vn",
  "UserCredentialName": "VNPT_CRM",
  "UPass": "G3g@Ht%H",
  "EnableSsl": false
}
09:28:05.280 PM PushEmail END
09:38:33.422 PM PushEmail START
09:38:33.437 PM IsOnline
09:38:33.453 PM {
  "Host": "email.vnpt.vn",
  "Port": 587,
  "UserCredential": "portal-noreply.kha@vnpt.vn",
  "UserCredentialName": "VNPT_CRM",
  "UPass": "G3g@Ht%H",
  "EnableSsl": false
}
09:38:35.500 PM PushEmail END
09:38:44.594 PM PushEmail START
09:38:44.609 PM IsOnline
09:38:44.609 PM {
  "Host": "email.vnpt.vn",
  "Port": 587,
  "UserCredential": "portal-noreply.kha@vnpt.vn",
  "UserCredentialName": "VNPT_CRM",
  "UPass": "G3g@Ht%H",
  "EnableSsl": false
}
09:38:49.625 PM PushEmail END
