08:32:51.341 AM PushEmail START
08:32:51.404 AM IsOnline
08:32:52.388 AM {
  "Host": "email.vnpt.vn",
  "Port": 587,
  "UserCredential": "portal-noreply.kha@vnpt.vn",
  "UserCredentialName": "VNPT_CRM",
  "UPass": "G3g@Ht%H",
  "EnableSsl": false
}
08:32:54.013 AM PushEmail END
08:33:02.326 AM PushEmail START
08:33:02.341 AM IsOnline
08:33:02.357 AM {
  "Host": "email.vnpt.vn",
  "Port": 587,
  "UserCredential": "portal-noreply.kha@vnpt.vn",
  "UserCredentialName": "VNPT_CRM",
  "UPass": "G3g@Ht%H",
  "EnableSsl": false
}
08:33:03.904 AM PushEmail END
08:33:18.076 AM PushEmail START
08:33:18.091 AM IsOnline
08:33:18.091 AM {
  "Host": "email.vnpt.vn",
  "Port": 587,
  "UserCredential": "portal-noreply.kha@vnpt.vn",
  "UserCredentialName": "VNPT_CRM",
  "UPass": "G3g@Ht%H",
  "EnableSsl": false
}
08:33:19.404 AM PushEmail END
08:33:31.107 AM PushEmail START
08:33:31.123 AM IsOnline
08:33:31.123 AM {
  "Host": "email.vnpt.vn",
  "Port": 587,
  "UserCredential": "portal-noreply.kha@vnpt.vn",
  "UserCredentialName": "VNPT_CRM",
  "UPass": "G3g@Ht%H",
  "EnableSsl": false
}
08:33:32.029 AM PushEmail END
08:33:48.013 AM PushEmail START
08:33:48.029 AM IsOnline
08:33:48.029 AM {
  "Host": "email.vnpt.vn",
  "Port": 587,
  "UserCredential": "portal-noreply.kha@vnpt.vn",
  "UserCredentialName": "VNPT_CRM",
  "UPass": "G3g@Ht%H",
  "EnableSsl": false
}
08:33:48.888 AM PushEmail END
09:20:28.987 AM System.Web Server cannot set status after HTTP headers have been sent.
09:20:28.987 AM Stack: at System.Web.HttpResponse.set_StatusCode(Int32 value)
   at System.Web.Mvc.HandleErrorAttribute.OnException(ExceptionContext filterContext)
   at System.Web.Mvc.ControllerActionInvoker.InvokeExceptionFilters(ControllerContext controllerContext, IList`1 filters, Exception exception)
   at System.Web.Mvc.Async.AsyncControllerActionInvoker.<>c__DisplayClass3_1.<BeginInvokeAction>b__1(IAsyncResult asyncResult)
   at System.Web.Mvc.Async.AsyncControllerActionInvoker.EndInvokeAction(IAsyncResult asyncResult)
   at System.Web.Mvc.Controller.<>c.<BeginExecuteCore>b__152_1(IAsyncResult asyncResult, ExecuteCoreState innerState)
   at System.Web.Mvc.Async.AsyncResultWrapper.WrappedAsyncVoid`1.CallEndDelegate(IAsyncResult asyncResult)
   at System.Web.Mvc.Controller.EndExecuteCore(IAsyncResult asyncResult)
   at System.Web.Mvc.Async.AsyncResultWrapper.WrappedAsyncVoid`1.CallEndDelegate(IAsyncResult asyncResult)
   at System.Web.Mvc.Controller.EndExecute(IAsyncResult asyncResult)
   at System.Web.Mvc.MvcHandler.<>c.<BeginProcessRequest>b__20_1(IAsyncResult asyncResult, ProcessRequestState innerState)
   at System.Web.Mvc.Async.AsyncResultWrapper.WrappedAsyncVoid`1.CallEndDelegate(IAsyncResult asyncResult)
   at System.Web.Mvc.MvcHandler.EndProcessRequest(IAsyncResult asyncResult)
   at System.Web.HttpApplication.CallHandlerExecutionStep.System.Web.HttpApplication.IExecutionStep.Execute()
   at System.Web.HttpApplication.ExecuteStepImpl(IExecutionStep step)
   at System.Web.HttpApplication.ExecuteStep(IExecutionStep step, Boolean& completedSynchronously)
09:20:28.987 AM System.Web Server cannot set status after HTTP headers have been sent.
09:29:35.551 AM PushEmail START
09:29:35.566 AM IsOnline
09:29:35.566 AM {
  "Host": "email.vnpt.vn",
  "Port": 587,
  "UserCredential": "portal-noreply.kha@vnpt.vn",
  "UserCredentialName": "VNPT_CRM",
  "UPass": "G3g@Ht%H",
  "EnableSsl": false
}
09:29:36.504 AM PushEmail END
09:30:00.613 AM PushEmail START
09:30:00.629 AM IsOnline
09:30:00.801 AM {
  "Host": "email.vnpt.vn",
  "Port": 587,
  "UserCredential": "portal-noreply.kha@vnpt.vn",
  "UserCredentialName": "VNPT_CRM",
  "UPass": "G3g@Ht%H",
  "EnableSsl": false
}
09:30:01.863 AM PushEmail END
09:30:03.894 AM PushEmail START
09:30:03.910 AM IsOnline
09:30:03.910 AM {
  "Host": "email.vnpt.vn",
  "Port": 587,
  "UserCredential": "portal-noreply.kha@vnpt.vn",
  "UserCredentialName": "VNPT_CRM",
  "UPass": "G3g@Ht%H",
  "EnableSsl": false
}
09:30:05.519 AM PushEmail END
09:30:07.176 AM PushEmail START
09:30:07.191 AM IsOnline
09:30:07.191 AM {
  "Host": "email.vnpt.vn",
  "Port": 587,
  "UserCredential": "portal-noreply.kha@vnpt.vn",
  "UserCredentialName": "VNPT_CRM",
  "UPass": "G3g@Ht%H",
  "EnableSsl": false
}
09:30:08.238 AM PushEmail END
09:30:09.691 AM PushEmail START
09:30:09.723 AM IsOnline
09:30:09.723 AM {
  "Host": "email.vnpt.vn",
  "Port": 587,
  "UserCredential": "portal-noreply.kha@vnpt.vn",
  "UserCredentialName": "VNPT_CRM",
  "UPass": "G3g@Ht%H",
  "EnableSsl": false
}
09:30:10.707 AM PushEmail END
09:30:12.316 AM PushEmail START
09:30:12.332 AM IsOnline
09:30:12.332 AM {
  "Host": "email.vnpt.vn",
  "Port": 587,
  "UserCredential": "portal-noreply.kha@vnpt.vn",
  "UserCredentialName": "VNPT_CRM",
  "UPass": "G3g@Ht%H",
  "EnableSsl": false
}
09:30:13.348 AM PushEmail END
09:30:14.988 AM PushEmail START
09:30:15.004 AM IsOnline
09:30:15.004 AM {
  "Host": "email.vnpt.vn",
  "Port": 587,
  "UserCredential": "portal-noreply.kha@vnpt.vn",
  "UserCredentialName": "VNPT_CRM",
  "UPass": "G3g@Ht%H",
  "EnableSsl": false
}
09:30:16.004 AM PushEmail END
09:30:17.598 AM PushEmail START
09:30:17.629 AM IsOnline
09:30:17.629 AM {
  "Host": "email.vnpt.vn",
  "Port": 587,
  "UserCredential": "portal-noreply.kha@vnpt.vn",
  "UserCredentialName": "VNPT_CRM",
  "UPass": "G3g@Ht%H",
  "EnableSsl": false
}
09:30:18.613 AM PushEmail END
09:30:20.488 AM PushEmail START
09:30:20.519 AM IsOnline
09:30:20.519 AM {
  "Host": "email.vnpt.vn",
  "Port": 587,
  "UserCredential": "portal-noreply.kha@vnpt.vn",
  "UserCredentialName": "VNPT_CRM",
  "UPass": "G3g@Ht%H",
  "EnableSsl": false
}
09:30:22.223 AM PushEmail END
09:30:24.004 AM PushEmail START
09:30:24.019 AM IsOnline
09:30:24.035 AM {
  "Host": "email.vnpt.vn",
  "Port": 587,
  "UserCredential": "portal-noreply.kha@vnpt.vn",
  "UserCredentialName": "VNPT_CRM",
  "UPass": "G3g@Ht%H",
  "EnableSsl": false
}
09:30:25.238 AM PushEmail END
09:30:32.754 AM PushEmail START
09:30:32.770 AM IsOnline
09:30:32.785 AM {
  "Host": "email.vnpt.vn",
  "Port": 587,
  "UserCredential": "portal-noreply.kha@vnpt.vn",
  "UserCredentialName": "VNPT_CRM",
  "UPass": "G3g@Ht%H",
  "EnableSsl": false
}
09:30:33.723 AM PushEmail END
09:30:35.410 AM PushEmail START
09:30:35.426 AM IsOnline
09:30:35.426 AM {
  "Host": "email.vnpt.vn",
  "Port": 587,
  "UserCredential": "portal-noreply.kha@vnpt.vn",
  "UserCredentialName": "VNPT_CRM",
  "UPass": "G3g@Ht%H",
  "EnableSsl": false
}
09:30:37.066 AM PushEmail END
09:30:38.832 AM PushEmail START
09:30:38.848 AM IsOnline
09:30:38.848 AM {
  "Host": "email.vnpt.vn",
  "Port": 587,
  "UserCredential": "portal-noreply.kha@vnpt.vn",
  "UserCredentialName": "VNPT_CRM",
  "UPass": "G3g@Ht%H",
  "EnableSsl": false
}
09:30:39.816 AM PushEmail END
09:30:41.488 AM PushEmail START
09:30:41.520 AM IsOnline
09:30:41.520 AM {
  "Host": "email.vnpt.vn",
  "Port": 587,
  "UserCredential": "portal-noreply.kha@vnpt.vn",
  "UserCredentialName": "VNPT_CRM",
  "UPass": "G3g@Ht%H",
  "EnableSsl": false
}
09:30:42.473 AM PushEmail END
09:30:44.051 AM PushEmail START
09:30:44.066 AM IsOnline
09:30:44.066 AM {
  "Host": "email.vnpt.vn",
  "Port": 587,
  "UserCredential": "portal-noreply.kha@vnpt.vn",
  "UserCredentialName": "VNPT_CRM",
  "UPass": "G3g@Ht%H",
  "EnableSsl": false
}
09:30:45.098 AM PushEmail END
09:30:46.941 AM PushEmail START
09:30:46.957 AM IsOnline
09:30:46.957 AM {
  "Host": "email.vnpt.vn",
  "Port": 587,
  "UserCredential": "portal-noreply.kha@vnpt.vn",
  "UserCredentialName": "VNPT_CRM",
  "UPass": "G3g@Ht%H",
  "EnableSsl": false
}
09:30:47.988 AM PushEmail END
09:30:49.754 AM PushEmail START
09:30:49.785 AM IsOnline
09:30:49.785 AM {
  "Host": "email.vnpt.vn",
  "Port": 587,
  "UserCredential": "portal-noreply.kha@vnpt.vn",
  "UserCredentialName": "VNPT_CRM",
  "UPass": "G3g@Ht%H",
  "EnableSsl": false
}
09:30:50.785 AM PushEmail END
09:30:52.520 AM PushEmail START
09:30:52.535 AM IsOnline
09:30:52.551 AM {
  "Host": "email.vnpt.vn",
  "Port": 587,
  "UserCredential": "portal-noreply.kha@vnpt.vn",
  "UserCredentialName": "VNPT_CRM",
  "UPass": "G3g@Ht%H",
  "EnableSsl": false
}
09:30:53.535 AM PushEmail END
09:30:55.191 AM PushEmail START
09:30:55.270 AM IsOnline
09:30:55.270 AM {
  "Host": "email.vnpt.vn",
  "Port": 587,
  "UserCredential": "portal-noreply.kha@vnpt.vn",
  "UserCredentialName": "VNPT_CRM",
  "UPass": "G3g@Ht%H",
  "EnableSsl": false
}
09:30:56.941 AM PushEmail END
09:30:58.629 AM PushEmail START
09:30:58.707 AM IsOnline
09:30:58.707 AM {
  "Host": "email.vnpt.vn",
  "Port": 587,
  "UserCredential": "portal-noreply.kha@vnpt.vn",
  "UserCredentialName": "VNPT_CRM",
  "UPass": "G3g@Ht%H",
  "EnableSsl": false
}
09:30:59.770 AM PushEmail END
09:31:53.707 AM PushEmail START
09:31:53.723 AM IsOnline
09:31:53.738 AM {
  "Host": "email.vnpt.vn",
  "Port": 587,
  "UserCredential": "portal-noreply.kha@vnpt.vn",
  "UserCredentialName": "VNPT_CRM",
  "UPass": "G3g@Ht%H",
  "EnableSsl": false
}
09:31:54.723 AM PushEmail END
09:31:56.582 AM PushEmail START
09:31:56.598 AM IsOnline
09:31:56.598 AM {
  "Host": "email.vnpt.vn",
  "Port": 587,
  "UserCredential": "portal-noreply.kha@vnpt.vn",
  "UserCredentialName": "VNPT_CRM",
  "UPass": "G3g@Ht%H",
  "EnableSsl": false
}
09:31:57.676 AM PushEmail END
09:31:59.317 AM PushEmail START
09:31:59.332 AM IsOnline
09:31:59.332 AM {
  "Host": "email.vnpt.vn",
  "Port": 587,
  "UserCredential": "portal-noreply.kha@vnpt.vn",
  "UserCredentialName": "VNPT_CRM",
  "UPass": "G3g@Ht%H",
  "EnableSsl": false
}
09:32:01.082 AM PushEmail END
09:32:02.660 AM PushEmail START
09:32:02.692 AM IsOnline
09:32:02.692 AM {
  "Host": "email.vnpt.vn",
  "Port": 587,
  "UserCredential": "portal-noreply.kha@vnpt.vn",
  "UserCredentialName": "VNPT_CRM",
  "UPass": "G3g@Ht%H",
  "EnableSsl": false
}
09:32:03.723 AM PushEmail END
09:32:05.238 AM PushEmail START
09:32:05.254 AM IsOnline
09:32:05.270 AM {
  "Host": "email.vnpt.vn",
  "Port": 587,
  "UserCredential": "portal-noreply.kha@vnpt.vn",
  "UserCredentialName": "VNPT_CRM",
  "UPass": "G3g@Ht%H",
  "EnableSsl": false
}
09:32:06.410 AM PushEmail END
09:32:07.770 AM PushEmail START
09:32:07.801 AM IsOnline
09:32:07.801 AM {
  "Host": "email.vnpt.vn",
  "Port": 587,
  "UserCredential": "portal-noreply.kha@vnpt.vn",
  "UserCredentialName": "VNPT_CRM",
  "UPass": "G3g@Ht%H",
  "EnableSsl": false
}
09:32:07.988 AM PushEmail START
09:32:08.020 AM IsOnline
09:32:08.020 AM {
  "Host": "email.vnpt.vn",
  "Port": 587,
  "UserCredential": "portal-noreply.kha@vnpt.vn",
  "UserCredentialName": "VNPT_CRM",
  "UPass": "G3g@Ht%H",
  "EnableSsl": false
}
09:32:08.942 AM PushEmail END
09:32:09.817 AM PushEmail END
09:32:10.582 AM PushEmail START
09:32:10.676 AM IsOnline
09:32:10.692 AM {
  "Host": "email.vnpt.vn",
  "Port": 587,
  "UserCredential": "portal-noreply.kha@vnpt.vn",
  "UserCredentialName": "VNPT_CRM",
  "UPass": "G3g@Ht%H",
  "EnableSsl": false
}
09:32:11.520 AM PushEmail START
09:32:11.535 AM IsOnline
09:32:11.535 AM {
  "Host": "email.vnpt.vn",
  "Port": 587,
  "UserCredential": "portal-noreply.kha@vnpt.vn",
  "UserCredentialName": "VNPT_CRM",
  "UPass": "G3g@Ht%H",
  "EnableSsl": false
}
09:32:12.410 AM PushEmail END
09:32:13.145 AM PushEmail END
09:32:14.270 AM PushEmail START
09:32:14.285 AM IsOnline
09:32:14.301 AM {
  "Host": "email.vnpt.vn",
  "Port": 587,
  "UserCredential": "portal-noreply.kha@vnpt.vn",
  "UserCredentialName": "VNPT_CRM",
  "UPass": "G3g@Ht%H",
  "EnableSsl": false
}
09:32:14.801 AM PushEmail START
09:32:14.832 AM IsOnline
09:32:14.832 AM {
  "Host": "email.vnpt.vn",
  "Port": 587,
  "UserCredential": "portal-noreply.kha@vnpt.vn",
  "UserCredentialName": "VNPT_CRM",
  "UPass": "G3g@Ht%H",
  "EnableSsl": false
}
09:32:15.332 AM PushEmail END
09:32:16.410 AM PushEmail END
09:32:17.223 AM PushEmail START
09:32:17.238 AM IsOnline
09:32:17.238 AM {
  "Host": "email.vnpt.vn",
  "Port": 587,
  "UserCredential": "portal-noreply.kha@vnpt.vn",
  "UserCredentialName": "VNPT_CRM",
  "UPass": "G3g@Ht%H",
  "EnableSsl": false
}
09:32:18.098 AM PushEmail START
09:32:18.113 AM IsOnline
09:32:18.113 AM {
  "Host": "email.vnpt.vn",
  "Port": 587,
  "UserCredential": "portal-noreply.kha@vnpt.vn",
  "UserCredentialName": "VNPT_CRM",
  "UPass": "G3g@Ht%H",
  "EnableSsl": false
}
09:32:18.254 AM PushEmail END
09:32:19.082 AM PushEmail END
09:32:20.113 AM PushEmail START
09:32:20.145 AM IsOnline
09:32:20.192 AM {
  "Host": "email.vnpt.vn",
  "Port": 587,
  "UserCredential": "portal-noreply.kha@vnpt.vn",
  "UserCredentialName": "VNPT_CRM",
  "UPass": "G3g@Ht%H",
  "EnableSsl": false
}
09:32:20.832 AM PushEmail START
09:32:20.848 AM IsOnline
09:32:20.848 AM {
  "Host": "email.vnpt.vn",
  "Port": 587,
  "UserCredential": "portal-noreply.kha@vnpt.vn",
  "UserCredentialName": "VNPT_CRM",
  "UPass": "G3g@Ht%H",
  "EnableSsl": false
}
09:32:21.817 AM PushEmail END
09:32:21.848 AM PushEmail END
09:32:23.660 AM PushEmail START
09:32:23.676 AM IsOnline
09:32:23.676 AM {
  "Host": "email.vnpt.vn",
  "Port": 587,
  "UserCredential": "portal-noreply.kha@vnpt.vn",
  "UserCredentialName": "VNPT_CRM",
  "UPass": "G3g@Ht%H",
  "EnableSsl": false
}
09:32:24.910 AM PushEmail END
09:32:26.692 AM PushEmail START
09:32:26.723 AM IsOnline
09:32:26.723 AM {
  "Host": "email.vnpt.vn",
  "Port": 587,
  "UserCredential": "portal-noreply.kha@vnpt.vn",
  "UserCredentialName": "VNPT_CRM",
  "UPass": "G3g@Ht%H",
  "EnableSsl": false
}
09:32:27.895 AM PushEmail END
09:32:29.535 AM PushEmail START
09:32:29.567 AM IsOnline
09:32:29.567 AM {
  "Host": "email.vnpt.vn",
  "Port": 587,
  "UserCredential": "portal-noreply.kha@vnpt.vn",
  "UserCredentialName": "VNPT_CRM",
  "UPass": "G3g@Ht%H",
  "EnableSsl": false
}
09:32:30.551 AM PushEmail END
09:32:32.442 AM PushEmail START
09:32:32.457 AM IsOnline
09:32:32.457 AM {
  "Host": "email.vnpt.vn",
  "Port": 587,
  "UserCredential": "portal-noreply.kha@vnpt.vn",
  "UserCredentialName": "VNPT_CRM",
  "UPass": "G3g@Ht%H",
  "EnableSsl": false
}
09:32:33.410 AM PushEmail END
09:32:35.160 AM PushEmail START
09:32:35.192 AM IsOnline
09:32:35.192 AM {
  "Host": "email.vnpt.vn",
  "Port": 587,
  "UserCredential": "portal-noreply.kha@vnpt.vn",
  "UserCredentialName": "VNPT_CRM",
  "UPass": "G3g@Ht%H",
  "EnableSsl": false
}
09:32:36.629 AM PushEmail END
09:32:38.098 AM PushEmail START
09:32:38.113 AM IsOnline
09:32:38.129 AM {
  "Host": "email.vnpt.vn",
  "Port": 587,
  "UserCredential": "portal-noreply.kha@vnpt.vn",
  "UserCredentialName": "VNPT_CRM",
  "UPass": "G3g@Ht%H",
  "EnableSsl": false
}
09:32:39.676 AM PushEmail END
09:32:41.285 AM PushEmail START
09:32:41.317 AM IsOnline
09:32:41.317 AM {
  "Host": "email.vnpt.vn",
  "Port": 587,
  "UserCredential": "portal-noreply.kha@vnpt.vn",
  "UserCredentialName": "VNPT_CRM",
  "UPass": "G3g@Ht%H",
  "EnableSsl": false
}
09:32:42.332 AM PushEmail END
09:32:44.020 AM PushEmail START
09:32:44.035 AM IsOnline
09:32:44.035 AM {
  "Host": "email.vnpt.vn",
  "Port": 587,
  "UserCredential": "portal-noreply.kha@vnpt.vn",
  "UserCredentialName": "VNPT_CRM",
  "UPass": "G3g@Ht%H",
  "EnableSsl": false
}
09:32:45.301 AM PushEmail END
09:32:46.988 AM PushEmail START
09:32:47.004 AM IsOnline
09:32:47.020 AM {
  "Host": "email.vnpt.vn",
  "Port": 587,
  "UserCredential": "portal-noreply.kha@vnpt.vn",
  "UserCredentialName": "VNPT_CRM",
  "UPass": "G3g@Ht%H",
  "EnableSsl": false
}
09:32:48.035 AM PushEmail END
09:41:34.568 AM PushEmail START
09:41:34.583 AM IsOnline
09:41:34.599 AM {
  "Host": "email.vnpt.vn",
  "Port": 587,
  "UserCredential": "portal-noreply.kha@vnpt.vn",
  "UserCredentialName": "VNPT_CRM",
  "UPass": "G3g@Ht%H",
  "EnableSsl": false
}
09:41:35.568 AM PushEmail END
09:41:37.380 AM PushEmail START
09:41:37.411 AM IsOnline
09:41:37.411 AM {
  "Host": "email.vnpt.vn",
  "Port": 587,
  "UserCredential": "portal-noreply.kha@vnpt.vn",
  "UserCredentialName": "VNPT_CRM",
  "UPass": "G3g@Ht%H",
  "EnableSsl": false
}
09:41:38.427 AM PushEmail END
09:41:39.958 AM PushEmail START
09:41:39.974 AM IsOnline
09:41:39.989 AM {
  "Host": "email.vnpt.vn",
  "Port": 587,
  "UserCredential": "portal-noreply.kha@vnpt.vn",
  "UserCredentialName": "VNPT_CRM",
  "UPass": "G3g@Ht%H",
  "EnableSsl": false
}
09:41:41.036 AM PushEmail END
09:41:42.802 AM PushEmail START
09:41:42.818 AM IsOnline
09:41:42.833 AM {
  "Host": "email.vnpt.vn",
  "Port": 587,
  "UserCredential": "portal-noreply.kha@vnpt.vn",
  "UserCredentialName": "VNPT_CRM",
  "UPass": "G3g@Ht%H",
  "EnableSsl": false
}
09:41:43.818 AM PushEmail END
09:41:45.193 AM PushEmail START
09:41:45.208 AM IsOnline
09:41:45.208 AM {
  "Host": "email.vnpt.vn",
  "Port": 587,
  "UserCredential": "portal-noreply.kha@vnpt.vn",
  "UserCredentialName": "VNPT_CRM",
  "UPass": "G3g@Ht%H",
  "EnableSsl": false
}
09:41:45.661 AM PushEmail START
09:41:45.677 AM IsOnline
09:41:45.677 AM {
  "Host": "email.vnpt.vn",
  "Port": 587,
  "UserCredential": "portal-noreply.kha@vnpt.vn",
  "UserCredentialName": "VNPT_CRM",
  "UPass": "G3g@Ht%H",
  "EnableSsl": false
}
09:41:46.614 AM PushEmail END
09:41:46.755 AM PushEmail END
09:41:48.193 AM PushEmail START
09:41:48.224 AM IsOnline
09:41:48.224 AM {
  "Host": "email.vnpt.vn",
  "Port": 587,
  "UserCredential": "portal-noreply.kha@vnpt.vn",
  "UserCredentialName": "VNPT_CRM",
  "UPass": "G3g@Ht%H",
  "EnableSsl": false
}
09:41:48.240 AM PushEmail START
09:41:48.255 AM IsOnline
09:41:48.255 AM {
  "Host": "email.vnpt.vn",
  "Port": 587,
  "UserCredential": "portal-noreply.kha@vnpt.vn",
  "UserCredentialName": "VNPT_CRM",
  "UPass": "G3g@Ht%H",
  "EnableSsl": false
}
09:41:49.208 AM PushEmail END
09:41:49.724 AM PushEmail END
09:41:50.943 AM PushEmail START
09:41:50.958 AM IsOnline
09:41:50.974 AM {
  "Host": "email.vnpt.vn",
  "Port": 587,
  "UserCredential": "portal-noreply.kha@vnpt.vn",
  "UserCredentialName": "VNPT_CRM",
  "UPass": "G3g@Ht%H",
  "EnableSsl": false
}
09:41:51.583 AM PushEmail START
09:41:51.599 AM IsOnline
09:41:51.599 AM {
  "Host": "email.vnpt.vn",
  "Port": 587,
  "UserCredential": "portal-noreply.kha@vnpt.vn",
  "UserCredentialName": "VNPT_CRM",
  "UPass": "G3g@Ht%H",
  "EnableSsl": false
}
09:41:52.443 AM PushEmail END
09:41:52.505 AM PushEmail END
09:41:54.333 AM PushEmail START
09:41:54.349 AM IsOnline
09:41:54.365 AM {
  "Host": "email.vnpt.vn",
  "Port": 587,
  "UserCredential": "portal-noreply.kha@vnpt.vn",
  "UserCredentialName": "VNPT_CRM",
  "UPass": "G3g@Ht%H",
  "EnableSsl": false
}
09:41:54.521 AM mscorlib The process cannot access the file 'D:\website\crm.vnptkhanhhoa.vn\public_html\Logs\2026-06-08_LogsFile.log' because it is being used by another process.
09:41:54.521 AM Stack: at System.IO.__Error.WinIOError(Int32 errorCode, String maybeFullPath)
   at System.IO.FileStream.Init(String path, FileMode mode, FileAccess access, Int32 rights, Boolean useRights, FileShare share, Int32 bufferSize, FileOptions options, SECURITY_ATTRIBUTES secAttrs, String msgPath, Boolean bFromProxy, Boolean useLongPath, Boolean checkHost)
   at System.IO.FileStream..ctor(String path, FileMode mode, FileAccess access, FileShare share, Int32 bufferSize, FileOptions options, String msgPath, Boolean bFromProxy, Boolean useLongPath, Boolean checkHost)
   at System.IO.StreamWriter.CreateFile(String path, Boolean append, Boolean checkHost)
   at System.IO.StreamWriter..ctor(String path, Boolean append, Encoding encoding, Int32 bufferSize, Boolean checkHost)
   at System.IO.StreamWriter..ctor(String path, Boolean append, Encoding encoding)
   at System.IO.File.InternalAppendAllText(String path, String contents, Encoding encoding)
   at TSFramework.Libs.Models.Log.LogWriter.FlushLogToFile()
   at TSFramework.Libs.Models.Log.LogWriter.WriteToLog(String message)
   at TSFramework.Libs.Providers.MailProvider.PushEmail(List`1 lstMails)
   at Core.Cate.Services.MailTemplateService.SendByTemplateCode(String templateCode, String toEmail, String jsonData, String createdBy)
09:41:55.443 AM PushEmail END
09:41:56.083 AM PushEmail START
09:41:56.099 AM IsOnline
09:41:56.115 AM {
  "Host": "email.vnpt.vn",
  "Port": 587,
  "UserCredential": "portal-noreply.kha@vnpt.vn",
  "UserCredentialName": "VNPT_CRM",
  "UPass": "G3g@Ht%H",
  "EnableSsl": false
}
09:41:57.068 AM PushEmail END
09:41:57.271 AM PushEmail START
09:41:57.286 AM IsOnline
09:41:57.302 AM {
  "Host": "email.vnpt.vn",
  "Port": 587,
  "UserCredential": "portal-noreply.kha@vnpt.vn",
  "UserCredentialName": "VNPT_CRM",
  "UPass": "G3g@Ht%H",
  "EnableSsl": false
}
09:41:58.318 AM PushEmail END
09:41:58.786 AM PushEmail START
09:41:58.818 AM IsOnline
09:41:58.818 AM {
  "Host": "email.vnpt.vn",
  "Port": 587,
  "UserCredential": "portal-noreply.kha@vnpt.vn",
  "UserCredentialName": "VNPT_CRM",
  "UPass": "G3g@Ht%H",
  "EnableSsl": false
}
09:41:59.911 AM PushEmail START
09:41:59.927 AM IsOnline
09:41:59.927 AM {
  "Host": "email.vnpt.vn",
  "Port": 587,
  "UserCredential": "portal-noreply.kha@vnpt.vn",
  "UserCredentialName": "VNPT_CRM",
  "UPass": "G3g@Ht%H",
  "EnableSsl": false
}
09:41:59.958 AM PushEmail END
09:42:00.865 AM PushEmail END
09:42:01.380 AM PushEmail START
09:42:01.396 AM IsOnline
09:42:01.411 AM {
  "Host": "email.vnpt.vn",
  "Port": 587,
  "UserCredential": "portal-noreply.kha@vnpt.vn",
  "UserCredentialName": "VNPT_CRM",
  "UPass": "G3g@Ht%H",
  "EnableSsl": false
}
09:42:02.411 AM PushEmail END
09:42:02.458 AM PushEmail START
09:42:02.474 AM IsOnline
09:42:02.474 AM {
  "Host": "email.vnpt.vn",
  "Port": 587,
  "UserCredential": "portal-noreply.kha@vnpt.vn",
  "UserCredentialName": "VNPT_CRM",
  "UPass": "G3g@Ht%H",
  "EnableSsl": false
}
09:42:03.849 AM PushEmail START
09:42:03.865 AM IsOnline
09:42:03.865 AM {
  "Host": "email.vnpt.vn",
  "Port": 587,
  "UserCredential": "portal-noreply.kha@vnpt.vn",
  "UserCredentialName": "VNPT_CRM",
  "UPass": "G3g@Ht%H",
  "EnableSsl": false
}
09:42:04.130 AM PushEmail END
09:42:04.818 AM PushEmail END
09:42:06.708 AM PushEmail START
09:42:06.755 AM IsOnline
09:42:06.755 AM {
  "Host": "email.vnpt.vn",
  "Port": 587,
  "UserCredential": "portal-noreply.kha@vnpt.vn",
  "UserCredentialName": "VNPT_CRM",
  "UPass": "G3g@Ht%H",
  "EnableSsl": false
}
09:42:07.755 AM PushEmail END
09:42:09.286 AM PushEmail START
09:42:09.318 AM IsOnline
09:42:09.333 AM {
  "Host": "email.vnpt.vn",
  "Port": 587,
  "UserCredential": "portal-noreply.kha@vnpt.vn",
  "UserCredentialName": "VNPT_CRM",
  "UPass": "G3g@Ht%H",
  "EnableSsl": false
}
09:42:15.927 AM PushEmail END
09:42:17.458 AM PushEmail START
09:42:17.490 AM IsOnline
09:42:17.490 AM {
  "Host": "email.vnpt.vn",
  "Port": 587,
  "UserCredential": "portal-noreply.kha@vnpt.vn",
  "UserCredentialName": "VNPT_CRM",
  "UPass": "G3g@Ht%H",
  "EnableSsl": false
}
09:42:18.818 AM PushEmail END
09:42:20.505 AM PushEmail START
09:42:20.521 AM IsOnline
09:42:20.521 AM {
  "Host": "email.vnpt.vn",
  "Port": 587,
  "UserCredential": "portal-noreply.kha@vnpt.vn",
  "UserCredentialName": "VNPT_CRM",
  "UPass": "G3g@Ht%H",
  "EnableSsl": false
}
09:42:21.583 AM PushEmail END
09:42:23.255 AM PushEmail START
09:42:23.271 AM IsOnline
09:42:23.286 AM {
  "Host": "email.vnpt.vn",
  "Port": 587,
  "UserCredential": "portal-noreply.kha@vnpt.vn",
  "UserCredentialName": "VNPT_CRM",
  "UPass": "G3g@Ht%H",
  "EnableSsl": false
}
09:42:24.286 AM PushEmail END
09:42:26.130 AM PushEmail START
09:42:26.146 AM IsOnline
09:42:26.161 AM {
  "Host": "email.vnpt.vn",
  "Port": 587,
  "UserCredential": "portal-noreply.kha@vnpt.vn",
  "UserCredentialName": "VNPT_CRM",
  "UPass": "G3g@Ht%H",
  "EnableSsl": false
}
09:42:27.318 AM PushEmail END
09:58:03.773 AM PushEmail START
09:58:03.804 AM IsOnline
09:58:03.804 AM {
  "Host": "email.vnpt.vn",
  "Port": 587,
  "UserCredential": "portal-noreply.kha@vnpt.vn",
  "UserCredentialName": "VNPT_CRM",
  "UPass": "G3g@Ht%H",
  "EnableSsl": false
}
09:58:04.257 AM PushEmail START
09:58:04.288 AM IsOnline
09:58:04.288 AM {
  "Host": "email.vnpt.vn",
  "Port": 587,
  "UserCredential": "portal-noreply.kha@vnpt.vn",
  "UserCredentialName": "VNPT_CRM",
  "UPass": "G3g@Ht%H",
  "EnableSsl": false
}
09:58:05.148 AM PushEmail END
09:58:05.179 AM PushEmail END
09:58:06.991 AM PushEmail START
09:58:07.007 AM IsOnline
09:58:07.007 AM {
  "Host": "email.vnpt.vn",
  "Port": 587,
  "UserCredential": "portal-noreply.kha@vnpt.vn",
  "UserCredentialName": "VNPT_CRM",
  "UPass": "G3g@Ht%H",
  "EnableSsl": false
}
09:58:08.398 AM PushEmail END
09:58:10.085 AM PushEmail START
09:58:10.116 AM IsOnline
09:58:10.116 AM {
  "Host": "email.vnpt.vn",
  "Port": 587,
  "UserCredential": "portal-noreply.kha@vnpt.vn",
  "UserCredentialName": "VNPT_CRM",
  "UPass": "G3g@Ht%H",
  "EnableSsl": false
}
09:58:10.976 AM PushEmail END
09:58:12.788 AM PushEmail START
09:58:12.804 AM IsOnline
09:58:12.804 AM {
  "Host": "email.vnpt.vn",
  "Port": 587,
  "UserCredential": "portal-noreply.kha@vnpt.vn",
  "UserCredentialName": "VNPT_CRM",
  "UPass": "G3g@Ht%H",
  "EnableSsl": false
}
09:58:13.710 AM PushEmail END
09:58:15.319 AM PushEmail START
09:58:15.351 AM IsOnline
09:58:15.351 AM {
  "Host": "email.vnpt.vn",
  "Port": 587,
  "UserCredential": "portal-noreply.kha@vnpt.vn",
  "UserCredentialName": "VNPT_CRM",
  "UPass": "G3g@Ht%H",
  "EnableSsl": false
}
09:58:17.648 AM PushEmail START
09:58:17.663 AM IsOnline
09:58:17.663 AM {
  "Host": "email.vnpt.vn",
  "Port": 587,
  "UserCredential": "portal-noreply.kha@vnpt.vn",
  "UserCredentialName": "VNPT_CRM",
  "UPass": "G3g@Ht%H",
  "EnableSsl": false
}
09:58:19.694 AM PushEmail END
09:58:20.148 AM PushEmail START
09:58:20.163 AM IsOnline
09:58:20.179 AM {
  "Host": "email.vnpt.vn",
  "Port": 587,
  "UserCredential": "portal-noreply.kha@vnpt.vn",
  "UserCredentialName": "VNPT_CRM",
  "UPass": "G3g@Ht%H",
  "EnableSsl": false
}
09:58:21.069 AM PushEmail END
09:58:21.976 AM PushEmail END
09:58:22.710 AM PushEmail START
09:58:22.726 AM IsOnline
09:58:22.726 AM {
  "Host": "email.vnpt.vn",
  "Port": 587,
  "UserCredential": "portal-noreply.kha@vnpt.vn",
  "UserCredentialName": "VNPT_CRM",
  "UPass": "G3g@Ht%H",
  "EnableSsl": false
}
09:58:23.679 AM PushEmail END
09:58:23.773 AM PushEmail START
09:58:23.804 AM IsOnline
09:58:23.804 AM {
  "Host": "email.vnpt.vn",
  "Port": 587,
  "UserCredential": "portal-noreply.kha@vnpt.vn",
  "UserCredentialName": "VNPT_CRM",
  "UPass": "G3g@Ht%H",
  "EnableSsl": false
}
09:58:24.648 AM PushEmail END
09:58:25.366 AM PushEmail START
09:58:25.398 AM IsOnline
09:58:25.398 AM {
  "Host": "email.vnpt.vn",
  "Port": 587,
  "UserCredential": "portal-noreply.kha@vnpt.vn",
  "UserCredentialName": "VNPT_CRM",
  "UPass": "G3g@Ht%H",
  "EnableSsl": false
}
09:58:26.413 AM PushEmail START
09:58:26.429 AM IsOnline
09:58:26.429 AM {
  "Host": "email.vnpt.vn",
  "Port": 587,
  "UserCredential": "portal-noreply.kha@vnpt.vn",
  "UserCredentialName": "VNPT_CRM",
  "UPass": "G3g@Ht%H",
  "EnableSsl": false
}
09:58:26.819 AM PushEmail END
09:58:27.288 AM PushEmail END
09:58:28.507 AM PushEmail START
09:58:28.538 AM IsOnline
09:58:28.538 AM {
  "Host": "email.vnpt.vn",
  "Port": 587,
  "UserCredential": "portal-noreply.kha@vnpt.vn",
  "UserCredentialName": "VNPT_CRM",
  "UPass": "G3g@Ht%H",
  "EnableSsl": false
}
09:58:29.429 AM PushEmail END
09:58:29.491 AM PushEmail START
09:58:29.507 AM IsOnline
09:58:29.523 AM {
  "Host": "email.vnpt.vn",
  "Port": 587,
  "UserCredential": "portal-noreply.kha@vnpt.vn",
  "UserCredentialName": "VNPT_CRM",
  "UPass": "G3g@Ht%H",
  "EnableSsl": false
}
09:58:30.569 AM PushEmail END
09:58:31.257 AM PushEmail START
09:58:31.288 AM IsOnline
09:58:31.288 AM {
  "Host": "email.vnpt.vn",
  "Port": 587,
  "UserCredential": "portal-noreply.kha@vnpt.vn",
  "UserCredentialName": "VNPT_CRM",
  "UPass": "G3g@Ht%H",
  "EnableSsl": false
}
09:58:32.273 AM PushEmail START
09:58:32.288 AM IsOnline
09:58:32.288 AM {
  "Host": "email.vnpt.vn",
  "Port": 587,
  "UserCredential": "portal-noreply.kha@vnpt.vn",
  "UserCredentialName": "VNPT_CRM",
  "UPass": "G3g@Ht%H",
  "EnableSsl": false
}
09:58:33.194 AM PushEmail END
09:58:34.601 AM PushEmail START
09:58:34.616 AM IsOnline
09:58:34.616 AM {
  "Host": "email.vnpt.vn",
  "Port": 587,
  "UserCredential": "portal-noreply.kha@vnpt.vn",
  "UserCredentialName": "VNPT_CRM",
  "UPass": "G3g@Ht%H",
  "EnableSsl": false
}
09:58:35.288 AM PushEmail START
09:58:35.304 AM IsOnline
09:58:35.304 AM {
  "Host": "email.vnpt.vn",
  "Port": 587,
  "UserCredential": "portal-noreply.kha@vnpt.vn",
  "UserCredentialName": "VNPT_CRM",
  "UPass": "G3g@Ht%H",
  "EnableSsl": false
}
09:58:35.913 AM PushEmail END
09:58:36.179 AM PushEmail END
09:58:37.601 AM PushEmail END
09:58:37.741 AM PushEmail START
09:58:37.757 AM IsOnline
09:58:37.757 AM {
  "Host": "email.vnpt.vn",
  "Port": 587,
  "UserCredential": "portal-noreply.kha@vnpt.vn",
  "UserCredentialName": "VNPT_CRM",
  "UPass": "G3g@Ht%H",
  "EnableSsl": false
}
09:58:37.976 AM PushEmail START
09:58:38.007 AM IsOnline
09:58:38.007 AM {
  "Host": "email.vnpt.vn",
  "Port": 587,
  "UserCredential": "portal-noreply.kha@vnpt.vn",
  "UserCredentialName": "VNPT_CRM",
  "UPass": "G3g@Ht%H",
  "EnableSsl": false
}
09:58:39.257 AM PushEmail START
09:58:39.288 AM IsOnline
09:58:39.288 AM {
  "Host": "email.vnpt.vn",
  "Port": 587,
  "UserCredential": "portal-noreply.kha@vnpt.vn",
  "UserCredentialName": "VNPT_CRM",
  "UPass": "G3g@Ht%H",
  "EnableSsl": false
}
09:58:39.335 AM PushEmail END
09:58:39.913 AM PushEmail END
09:58:40.210 AM PushEmail END
09:58:40.976 AM PushEmail START
09:58:41.007 AM IsOnline
09:58:41.007 AM {
  "Host": "email.vnpt.vn",
  "Port": 587,
  "UserCredential": "portal-noreply.kha@vnpt.vn",
  "UserCredentialName": "VNPT_CRM",
  "UPass": "G3g@Ht%H",
  "EnableSsl": false
}
09:58:41.851 AM PushEmail START
09:58:41.866 AM IsOnline
09:58:41.866 AM {
  "Host": "email.vnpt.vn",
  "Port": 587,
  "UserCredential": "portal-noreply.kha@vnpt.vn",
  "UserCredentialName": "VNPT_CRM",
  "UPass": "G3g@Ht%H",
  "EnableSsl": false
}
09:58:41.960 AM PushEmail END
09:58:42.851 AM PushEmail END
09:58:43.491 AM PushEmail START
09:58:43.507 AM IsOnline
09:58:43.507 AM {
  "Host": "email.vnpt.vn",
  "Port": 587,
  "UserCredential": "portal-noreply.kha@vnpt.vn",
  "UserCredentialName": "VNPT_CRM",
  "UPass": "G3g@Ht%H",
  "EnableSsl": false
}
09:58:44.835 AM PushEmail START
09:58:44.851 AM PushEmail END
09:58:44.851 AM IsOnline
09:58:44.851 AM {
  "Host": "email.vnpt.vn",
  "Port": 587,
  "UserCredential": "portal-noreply.kha@vnpt.vn",
  "UserCredentialName": "VNPT_CRM",
  "UPass": "G3g@Ht%H",
  "EnableSsl": false
}
09:58:45.882 AM PushEmail END
09:58:46.210 AM PushEmail START
09:58:46.226 AM IsOnline
09:58:46.241 AM {
  "Host": "email.vnpt.vn",
  "Port": 587,
  "UserCredential": "portal-noreply.kha@vnpt.vn",
  "UserCredentialName": "VNPT_CRM",
  "UPass": "G3g@Ht%H",
  "EnableSsl": false
}
09:58:47.179 AM PushEmail END
09:58:47.398 AM PushEmail START
09:58:47.413 AM IsOnline
09:58:47.429 AM {
  "Host": "email.vnpt.vn",
  "Port": 587,
  "UserCredential": "portal-noreply.kha@vnpt.vn",
  "UserCredentialName": "VNPT_CRM",
  "UPass": "G3g@Ht%H",
  "EnableSsl": false
}
09:58:48.476 AM PushEmail END
09:58:50.257 AM PushEmail START
09:58:50.288 AM IsOnline
09:58:50.288 AM {
  "Host": "email.vnpt.vn",
  "Port": 587,
  "UserCredential": "portal-noreply.kha@vnpt.vn",
  "UserCredentialName": "VNPT_CRM",
  "UPass": "G3g@Ht%H",
  "EnableSsl": false
}
09:58:51.257 AM PushEmail END
09:58:53.101 AM PushEmail START
09:58:53.116 AM IsOnline
09:58:53.116 AM {
  "Host": "email.vnpt.vn",
  "Port": 587,
  "UserCredential": "portal-noreply.kha@vnpt.vn",
  "UserCredentialName": "VNPT_CRM",
  "UPass": "G3g@Ht%H",
  "EnableSsl": false
}
09:58:54.257 AM PushEmail END
09:59:17.866 AM PushEmail START
09:59:17.898 AM IsOnline
09:59:17.898 AM {
  "Host": "email.vnpt.vn",
  "Port": 587,
  "UserCredential": "portal-noreply.kha@vnpt.vn",
  "UserCredentialName": "VNPT_CRM",
  "UPass": "G3g@Ht%H",
  "EnableSsl": false
}
09:59:18.929 AM PushEmail END
09:59:20.773 AM PushEmail START
09:59:20.788 AM IsOnline
09:59:20.804 AM {
  "Host": "email.vnpt.vn",
  "Port": 587,
  "UserCredential": "portal-noreply.kha@vnpt.vn",
  "UserCredentialName": "VNPT_CRM",
  "UPass": "G3g@Ht%H",
  "EnableSsl": false
}
09:59:21.773 AM PushEmail END
09:59:23.257 AM PushEmail START
09:59:23.288 AM IsOnline
09:59:23.288 AM {
  "Host": "email.vnpt.vn",
  "Port": 587,
  "UserCredential": "portal-noreply.kha@vnpt.vn",
  "UserCredentialName": "VNPT_CRM",
  "UPass": "G3g@Ht%H",
  "EnableSsl": false
}
09:59:24.320 AM PushEmail END
09:59:26.023 AM PushEmail START
09:59:26.038 AM IsOnline
09:59:26.054 AM {
  "Host": "email.vnpt.vn",
  "Port": 587,
  "UserCredential": "portal-noreply.kha@vnpt.vn",
  "UserCredentialName": "VNPT_CRM",
  "UPass": "G3g@Ht%H",
  "EnableSsl": false
}
09:59:26.960 AM PushEmail END
09:59:28.538 AM PushEmail START
09:59:28.570 AM IsOnline
09:59:28.570 AM {
  "Host": "email.vnpt.vn",
  "Port": 587,
  "UserCredential": "portal-noreply.kha@vnpt.vn",
  "UserCredentialName": "VNPT_CRM",
  "UPass": "G3g@Ht%H",
  "EnableSsl": false
}
09:59:29.491 AM PushEmail END
09:59:31.257 AM PushEmail START
09:59:31.273 AM IsOnline
09:59:31.273 AM {
  "Host": "email.vnpt.vn",
  "Port": 587,
  "UserCredential": "portal-noreply.kha@vnpt.vn",
  "UserCredentialName": "VNPT_CRM",
  "UPass": "G3g@Ht%H",
  "EnableSsl": false
}
09:59:32.179 AM PushEmail END
09:59:33.804 AM PushEmail START
09:59:33.820 AM IsOnline
09:59:33.835 AM {
  "Host": "email.vnpt.vn",
  "Port": 587,
  "UserCredential": "portal-noreply.kha@vnpt.vn",
  "UserCredentialName": "VNPT_CRM",
  "UPass": "G3g@Ht%H",
  "EnableSsl": false
}
09:59:34.710 AM PushEmail END
09:59:36.460 AM PushEmail START
09:59:36.476 AM IsOnline
09:59:36.491 AM {
  "Host": "email.vnpt.vn",
  "Port": 587,
  "UserCredential": "portal-noreply.kha@vnpt.vn",
  "UserCredentialName": "VNPT_CRM",
  "UPass": "G3g@Ht%H",
  "EnableSsl": false
}
09:59:37.413 AM PushEmail END
09:59:38.898 AM PushEmail START
09:59:38.913 AM IsOnline
09:59:38.929 AM {
  "Host": "email.vnpt.vn",
  "Port": 587,
  "UserCredential": "portal-noreply.kha@vnpt.vn",
  "UserCredentialName": "VNPT_CRM",
  "UPass": "G3g@Ht%H",
  "EnableSsl": false
}
09:59:40.476 AM PushEmail END
09:59:42.179 AM PushEmail START
09:59:42.210 AM IsOnline
09:59:42.210 AM {
  "Host": "email.vnpt.vn",
  "Port": 587,
  "UserCredential": "portal-noreply.kha@vnpt.vn",
  "UserCredentialName": "VNPT_CRM",
  "UPass": "G3g@Ht%H",
  "EnableSsl": false
}
09:59:43.195 AM PushEmail END
09:59:45.116 AM PushEmail START
09:59:45.148 AM IsOnline
09:59:45.148 AM {
  "Host": "email.vnpt.vn",
  "Port": 587,
  "UserCredential": "portal-noreply.kha@vnpt.vn",
  "UserCredentialName": "VNPT_CRM",
  "UPass": "G3g@Ht%H",
  "EnableSsl": false
}
09:59:46.226 AM PushEmail END
09:59:47.882 AM PushEmail START
09:59:47.898 AM IsOnline
09:59:47.898 AM {
  "Host": "email.vnpt.vn",
  "Port": 587,
  "UserCredential": "portal-noreply.kha@vnpt.vn",
  "UserCredentialName": "VNPT_CRM",
  "UPass": "G3g@Ht%H",
  "EnableSsl": false
}
09:59:48.804 AM PushEmail END
09:59:50.617 AM PushEmail START
09:59:50.632 AM IsOnline
09:59:50.648 AM {
  "Host": "email.vnpt.vn",
  "Port": 587,
  "UserCredential": "portal-noreply.kha@vnpt.vn",
  "UserCredentialName": "VNPT_CRM",
  "UPass": "G3g@Ht%H",
  "EnableSsl": false
}
09:59:51.570 AM PushEmail END
09:59:53.257 AM PushEmail START
09:59:53.273 AM IsOnline
09:59:53.288 AM {
  "Host": "email.vnpt.vn",
  "Port": 587,
  "UserCredential": "portal-noreply.kha@vnpt.vn",
  "UserCredentialName": "VNPT_CRM",
  "UPass": "G3g@Ht%H",
  "EnableSsl": false
}
09:59:54.179 AM PushEmail END
10:00:41.773 AM PushEmail START
10:00:41.851 AM IsOnline
10:00:41.851 AM {
  "Host": "email.vnpt.vn",
  "Port": 587,
  "UserCredential": "portal-noreply.kha@vnpt.vn",
  "UserCredentialName": "VNPT_CRM",
  "UPass": "G3g@Ht%H",
  "EnableSsl": false
}
10:00:43.132 AM PushEmail END
10:00:44.835 AM PushEmail START
10:00:44.867 AM IsOnline
10:00:44.867 AM {
  "Host": "email.vnpt.vn",
  "Port": 587,
  "UserCredential": "portal-noreply.kha@vnpt.vn",
  "UserCredentialName": "VNPT_CRM",
  "UPass": "G3g@Ht%H",
  "EnableSsl": false
}
10:00:47.288 AM PushEmail END
10:00:49.117 AM PushEmail START
10:00:49.132 AM IsOnline
10:00:49.132 AM {
  "Host": "email.vnpt.vn",
  "Port": 587,
  "UserCredential": "portal-noreply.kha@vnpt.vn",
  "UserCredentialName": "VNPT_CRM",
  "UPass": "G3g@Ht%H",
  "EnableSsl": false
}
10:00:50.054 AM PushEmail END
10:00:51.804 AM PushEmail START
10:00:51.820 AM IsOnline
10:00:51.835 AM {
  "Host": "email.vnpt.vn",
  "Port": 587,
  "UserCredential": "portal-noreply.kha@vnpt.vn",
  "UserCredentialName": "VNPT_CRM",
  "UPass": "G3g@Ht%H",
  "EnableSsl": false
}
10:00:52.757 AM PushEmail END
10:00:54.367 AM PushEmail START
10:00:54.382 AM IsOnline
10:00:54.398 AM {
  "Host": "email.vnpt.vn",
  "Port": 587,
  "UserCredential": "portal-noreply.kha@vnpt.vn",
  "UserCredentialName": "VNPT_CRM",
  "UPass": "G3g@Ht%H",
  "EnableSsl": false
}
10:00:55.335 AM PushEmail END
10:00:57.226 AM PushEmail START
10:00:57.242 AM IsOnline
10:00:57.242 AM {
  "Host": "email.vnpt.vn",
  "Port": 587,
  "UserCredential": "portal-noreply.kha@vnpt.vn",
  "UserCredentialName": "VNPT_CRM",
  "UPass": "G3g@Ht%H",
  "EnableSsl": false
}
10:00:58.179 AM PushEmail END
10:00:59.617 AM PushEmail START
10:00:59.632 AM IsOnline
10:00:59.648 AM {
  "Host": "email.vnpt.vn",
  "Port": 587,
  "UserCredential": "portal-noreply.kha@vnpt.vn",
  "UserCredentialName": "VNPT_CRM",
  "UPass": "G3g@Ht%H",
  "EnableSsl": false
}
10:01:00.617 AM PushEmail END
10:01:02.226 AM PushEmail START
10:01:02.242 AM IsOnline
10:01:02.242 AM {
  "Host": "email.vnpt.vn",
  "Port": 587,
  "UserCredential": "portal-noreply.kha@vnpt.vn",
  "UserCredentialName": "VNPT_CRM",
  "UPass": "G3g@Ht%H",
  "EnableSsl": false
}
10:01:03.210 AM PushEmail END
10:01:04.679 AM PushEmail START
10:01:04.695 AM IsOnline
10:01:04.695 AM {
  "Host": "email.vnpt.vn",
  "Port": 587,
  "UserCredential": "portal-noreply.kha@vnpt.vn",
  "UserCredentialName": "VNPT_CRM",
  "UPass": "G3g@Ht%H",
  "EnableSsl": false
}
10:01:05.648 AM PushEmail END
10:03:34.226 AM PushEmail START
10:03:34.258 AM IsOnline
10:03:34.258 AM {
  "Host": "email.vnpt.vn",
  "Port": 587,
  "UserCredential": "portal-noreply.kha@vnpt.vn",
  "UserCredentialName": "VNPT_CRM",
  "UPass": "G3g@Ht%H",
  "EnableSsl": false
}
10:03:35.304 AM PushEmail END
10:03:36.883 AM PushEmail START
10:03:36.898 AM IsOnline
10:03:36.898 AM {
  "Host": "email.vnpt.vn",
  "Port": 587,
  "UserCredential": "portal-noreply.kha@vnpt.vn",
  "UserCredentialName": "VNPT_CRM",
  "UPass": "G3g@Ht%H",
  "EnableSsl": false
}
10:03:37.820 AM PushEmail END
10:03:39.789 AM PushEmail START
10:03:39.820 AM IsOnline
10:03:39.820 AM {
  "Host": "email.vnpt.vn",
  "Port": 587,
  "UserCredential": "portal-noreply.kha@vnpt.vn",
  "UserCredentialName": "VNPT_CRM",
  "UPass": "G3g@Ht%H",
  "EnableSsl": false
}
10:03:40.726 AM PushEmail END
10:03:42.414 AM PushEmail START
10:03:42.445 AM IsOnline
10:03:42.445 AM {
  "Host": "email.vnpt.vn",
  "Port": 587,
  "UserCredential": "portal-noreply.kha@vnpt.vn",
  "UserCredentialName": "VNPT_CRM",
  "UPass": "G3g@Ht%H",
  "EnableSsl": false
}
10:03:43.476 AM PushEmail END
10:03:45.304 AM PushEmail START
10:03:45.336 AM IsOnline
10:03:45.336 AM {
  "Host": "email.vnpt.vn",
  "Port": 587,
  "UserCredential": "portal-noreply.kha@vnpt.vn",
  "UserCredentialName": "VNPT_CRM",
  "UPass": "G3g@Ht%H",
  "EnableSsl": false
}
10:03:46.289 AM PushEmail END
10:03:46.804 AM PushEmail START
10:03:46.836 AM IsOnline
10:03:46.836 AM {
  "Host": "email.vnpt.vn",
  "Port": 587,
  "UserCredential": "portal-noreply.kha@vnpt.vn",
  "UserCredentialName": "VNPT_CRM",
  "UPass": "G3g@Ht%H",
  "EnableSsl": false
}
10:03:47.914 AM PushEmail START
10:03:47.945 AM IsOnline
10:03:47.945 AM {
  "Host": "email.vnpt.vn",
  "Port": 587,
  "UserCredential": "portal-noreply.kha@vnpt.vn",
  "UserCredentialName": "VNPT_CRM",
  "UPass": "G3g@Ht%H",
  "EnableSsl": false
}
10:03:48.008 AM PushEmail END
10:03:48.851 AM PushEmail END
10:03:49.773 AM PushEmail START
10:03:49.820 AM IsOnline
10:03:49.820 AM {
  "Host": "email.vnpt.vn",
  "Port": 587,
  "UserCredential": "portal-noreply.kha@vnpt.vn",
  "UserCredentialName": "VNPT_CRM",
  "UPass": "G3g@Ht%H",
  "EnableSsl": false
}
10:03:50.570 AM PushEmail START
10:03:50.586 AM IsOnline
10:03:50.586 AM {
  "Host": "email.vnpt.vn",
  "Port": 587,
  "UserCredential": "portal-noreply.kha@vnpt.vn",
  "UserCredentialName": "VNPT_CRM",
  "UPass": "G3g@Ht%H",
  "EnableSsl": false
}
10:03:50.804 AM PushEmail END
10:03:52.039 AM PushEmail END
10:03:52.398 AM PushEmail START
10:03:52.414 AM IsOnline
10:03:52.429 AM {
  "Host": "email.vnpt.vn",
  "Port": 587,
  "UserCredential": "portal-noreply.kha@vnpt.vn",
  "UserCredentialName": "VNPT_CRM",
  "UPass": "G3g@Ht%H",
  "EnableSsl": false
}
10:03:53.304 AM PushEmail END
10:03:53.648 AM PushEmail START
10:03:53.664 AM IsOnline
10:03:53.679 AM {
  "Host": "email.vnpt.vn",
  "Port": 587,
  "UserCredential": "portal-noreply.kha@vnpt.vn",
  "UserCredentialName": "VNPT_CRM",
  "UPass": "G3g@Ht%H",
  "EnableSsl": false
}
10:03:54.554 AM PushEmail END
10:03:54.914 AM PushEmail START
10:03:54.929 AM IsOnline
10:03:54.945 AM {
  "Host": "email.vnpt.vn",
  "Port": 587,
  "UserCredential": "portal-noreply.kha@vnpt.vn",
  "UserCredentialName": "VNPT_CRM",
  "UPass": "G3g@Ht%H",
  "EnableSsl": false
}
10:03:55.851 AM PushEmail END
10:03:56.133 AM PushEmail START
10:03:56.164 AM IsOnline
10:03:56.164 AM {
  "Host": "email.vnpt.vn",
  "Port": 587,
  "UserCredential": "portal-noreply.kha@vnpt.vn",
  "UserCredentialName": "VNPT_CRM",
  "UPass": "G3g@Ht%H",
  "EnableSsl": false
}
10:03:57.117 AM PushEmail END
10:03:57.570 AM PushEmail START
10:03:57.586 AM IsOnline
10:03:57.586 AM {
  "Host": "email.vnpt.vn",
  "Port": 587,
  "UserCredential": "portal-noreply.kha@vnpt.vn",
  "UserCredentialName": "VNPT_CRM",
  "UPass": "G3g@Ht%H",
  "EnableSsl": false
}
10:03:58.695 AM PushEmail START
10:03:58.711 AM IsOnline
10:03:58.711 AM {
  "Host": "email.vnpt.vn",
  "Port": 587,
  "UserCredential": "portal-noreply.kha@vnpt.vn",
  "UserCredentialName": "VNPT_CRM",
  "UPass": "G3g@Ht%H",
  "EnableSsl": false
}
10:03:58.773 AM PushEmail END
10:03:59.648 AM PushEmail END
10:04:00.336 AM PushEmail START
10:04:00.351 AM IsOnline
10:04:00.367 AM {
  "Host": "email.vnpt.vn",
  "Port": 587,
  "UserCredential": "portal-noreply.kha@vnpt.vn",
  "UserCredentialName": "VNPT_CRM",
  "UPass": "G3g@Ht%H",
  "EnableSsl": false
}
10:04:01.289 AM PushEmail START
10:04:01.304 AM PushEmail END
10:04:01.320 AM IsOnline
10:04:01.320 AM {
  "Host": "email.vnpt.vn",
  "Port": 587,
  "UserCredential": "portal-noreply.kha@vnpt.vn",
  "UserCredentialName": "VNPT_CRM",
  "UPass": "G3g@Ht%H",
  "EnableSsl": false
}
10:04:02.226 AM PushEmail END
10:04:03.242 AM PushEmail START
10:04:03.258 AM IsOnline
10:04:03.258 AM {
  "Host": "email.vnpt.vn",
  "Port": 587,
  "UserCredential": "portal-noreply.kha@vnpt.vn",
  "UserCredentialName": "VNPT_CRM",
  "UPass": "G3g@Ht%H",
  "EnableSsl": false
}
10:04:04.258 AM PushEmail END
10:04:05.820 AM PushEmail START
10:04:05.851 AM IsOnline
10:04:05.851 AM {
  "Host": "email.vnpt.vn",
  "Port": 587,
  "UserCredential": "portal-noreply.kha@vnpt.vn",
  "UserCredentialName": "VNPT_CRM",
  "UPass": "G3g@Ht%H",
  "EnableSsl": false
}
10:04:06.758 AM PushEmail END
10:04:08.429 AM PushEmail START
10:04:08.445 AM IsOnline
10:04:08.461 AM {
  "Host": "email.vnpt.vn",
  "Port": 587,
  "UserCredential": "portal-noreply.kha@vnpt.vn",
  "UserCredentialName": "VNPT_CRM",
  "UPass": "G3g@Ht%H",
  "EnableSsl": false
}
10:04:09.367 AM PushEmail END
10:04:11.086 AM PushEmail START
10:04:11.101 AM IsOnline
10:04:11.117 AM {
  "Host": "email.vnpt.vn",
  "Port": 587,
  "UserCredential": "portal-noreply.kha@vnpt.vn",
  "UserCredentialName": "VNPT_CRM",
  "UPass": "G3g@Ht%H",
  "EnableSsl": false
}
10:04:12.086 AM PushEmail END
10:04:13.789 AM PushEmail START
10:04:13.804 AM IsOnline
10:04:13.804 AM {
  "Host": "email.vnpt.vn",
  "Port": 587,
  "UserCredential": "portal-noreply.kha@vnpt.vn",
  "UserCredentialName": "VNPT_CRM",
  "UPass": "G3g@Ht%H",
  "EnableSsl": false
}
10:04:14.695 AM PushEmail END
10:04:16.336 AM PushEmail START
10:04:16.351 AM IsOnline
10:04:16.367 AM {
  "Host": "email.vnpt.vn",
  "Port": 587,
  "UserCredential": "portal-noreply.kha@vnpt.vn",
  "UserCredentialName": "VNPT_CRM",
  "UPass": "G3g@Ht%H",
  "EnableSsl": false
}
10:04:17.258 AM PushEmail END
10:04:19.117 AM PushEmail START
10:04:19.133 AM IsOnline
10:04:19.133 AM {
  "Host": "email.vnpt.vn",
  "Port": 587,
  "UserCredential": "portal-noreply.kha@vnpt.vn",
  "UserCredentialName": "VNPT_CRM",
  "UPass": "G3g@Ht%H",
  "EnableSsl": false
}
10:04:20.039 AM PushEmail END
10:04:21.789 AM PushEmail START
10:04:21.805 AM IsOnline
10:04:21.820 AM {
  "Host": "email.vnpt.vn",
  "Port": 587,
  "UserCredential": "portal-noreply.kha@vnpt.vn",
  "UserCredentialName": "VNPT_CRM",
  "UPass": "G3g@Ht%H",
  "EnableSsl": false
}
10:04:22.726 AM PushEmail END
10:21:42.713 AM System.Web.Mvc The view 'Error' or its master was not found or no view engine supports the searched locations. The following locations were searched:
~/Areas/Cate/Views/TaskManagement/Error.aspx
~/Areas/Cate/Views/TaskManagement/Error.ascx
~/Areas/Cate/Views/Shared/Error.aspx
~/Areas/Cate/Views/Shared/Error.ascx
~/Views/TaskManagement/Error.aspx
~/Views/TaskManagement/Error.ascx
~/Views/Shared/Error.aspx
~/Views/Shared/Error.ascx
~/Areas/Cate/Views/TaskManagement/Error.cshtml
~/Areas/Cate/Views/TaskManagement/Error.vbhtml
~/Areas/Cate/Views/Shared/Error.cshtml
~/Areas/Cate/Views/Shared/Error.vbhtml
~/Views/TaskManagement/Error.cshtml
~/Views/TaskManagement/Error.vbhtml
~/Views/Shared/Error.cshtml
~/Views/Shared/Error.vbhtml
10:21:42.728 AM Stack: at System.Web.Mvc.ViewResult.FindView(ControllerContext context)
   at System.Web.Mvc.ViewResultBase.ExecuteResult(ControllerContext context)
   at System.Web.Mvc.Async.AsyncControllerActionInvoker.<>c__DisplayClass3_1.<BeginInvokeAction>b__1(IAsyncResult asyncResult)
   at System.Web.Mvc.Async.AsyncControllerActionInvoker.EndInvokeAction(IAsyncResult asyncResult)
   at System.Web.Mvc.Controller.<>c.<BeginExecuteCore>b__152_1(IAsyncResult asyncResult, ExecuteCoreState innerState)
   at System.Web.Mvc.Async.AsyncResultWrapper.WrappedAsyncVoid`1.CallEndDelegate(IAsyncResult asyncResult)
   at System.Web.Mvc.Controller.EndExecuteCore(IAsyncResult asyncResult)
   at System.Web.Mvc.Async.AsyncResultWrapper.WrappedAsyncVoid`1.CallEndDelegate(IAsyncResult asyncResult)
   at System.Web.Mvc.Controller.EndExecute(IAsyncResult asyncResult)
   at System.Web.Mvc.MvcHandler.<>c.<BeginProcessRequest>b__20_1(IAsyncResult asyncResult, ProcessRequestState innerState)
   at System.Web.Mvc.Async.AsyncResultWrapper.WrappedAsyncVoid`1.CallEndDelegate(IAsyncResult asyncResult)
   at System.Web.Mvc.MvcHandler.EndProcessRequest(IAsyncResult asyncResult)
   at System.Web.HttpApplication.CallHandlerExecutionStep.System.Web.HttpApplication.IExecutionStep.Execute()
   at System.Web.HttpApplication.ExecuteStepImpl(IExecutionStep step)
   at System.Web.HttpApplication.ExecuteStep(IExecutionStep step, Boolean& completedSynchronously)
10:47:41.528 AM System.Web.Mvc The controller for path '/Cate/IsPermit' was not found or does not implement IController.
10:47:41.528 AM Stack: at System.Web.Mvc.DefaultControllerFactory.GetControllerInstance(RequestContext requestContext, Type controllerType)
   at System.Web.Mvc.MvcHandler.ProcessRequestInit(HttpContextBase httpContext, IController& controller, IControllerFactory& factory)
   at System.Web.Mvc.MvcHandler.BeginProcessRequest(HttpContextBase httpContext, AsyncCallback callback, Object state)
   at System.Web.HttpApplication.CallHandlerExecutionStep.System.Web.HttpApplication.IExecutionStep.Execute()
   at System.Web.HttpApplication.ExecuteStepImpl(IExecutionStep step)
   at System.Web.HttpApplication.ExecuteStep(IExecutionStep step, Boolean& completedSynchronously)
10:47:41.559 AM System.Web.Mvc The controller for path '/Cate/IsPermit' was not found or does not implement IController.
10:47:41.559 AM Stack: at System.Web.Mvc.DefaultControllerFactory.GetControllerInstance(RequestContext requestContext, Type controllerType)
   at System.Web.Mvc.MvcHandler.ProcessRequestInit(HttpContextBase httpContext, IController& controller, IControllerFactory& factory)
   at System.Web.Mvc.MvcHandler.BeginProcessRequest(HttpContextBase httpContext, AsyncCallback callback, Object state)
   at System.Web.HttpApplication.CallHandlerExecutionStep.System.Web.HttpApplication.IExecutionStep.Execute()
   at System.Web.HttpApplication.ExecuteStepImpl(IExecutionStep step)
   at System.Web.HttpApplication.ExecuteStep(IExecutionStep step, Boolean& completedSynchronously)
10:47:42.122 AM System.Web.Mvc The controller for path '/Cate/IsPermit' was not found or does not implement IController.
10:47:42.122 AM Stack: at System.Web.Mvc.DefaultControllerFactory.GetControllerInstance(RequestContext requestContext, Type controllerType)
   at System.Web.Mvc.MvcHandler.ProcessRequestInit(HttpContextBase httpContext, IController& controller, IControllerFactory& factory)
   at System.Web.Mvc.MvcHandler.BeginProcessRequest(HttpContextBase httpContext, AsyncCallback callback, Object state)
   at System.Web.HttpApplication.CallHandlerExecutionStep.System.Web.HttpApplication.IExecutionStep.Execute()
   at System.Web.HttpApplication.ExecuteStepImpl(IExecutionStep step)
   at System.Web.HttpApplication.ExecuteStep(IExecutionStep step, Boolean& completedSynchronously)
10:47:42.153 AM System.Web.Mvc The controller for path '/Cate/IsPermit' was not found or does not implement IController.
10:47:42.153 AM Stack: at System.Web.Mvc.DefaultControllerFactory.GetControllerInstance(RequestContext requestContext, Type controllerType)
   at System.Web.Mvc.MvcHandler.ProcessRequestInit(HttpContextBase httpContext, IController& controller, IControllerFactory& factory)
   at System.Web.Mvc.MvcHandler.BeginProcessRequest(HttpContextBase httpContext, AsyncCallback callback, Object state)
   at System.Web.HttpApplication.CallHandlerExecutionStep.System.Web.HttpApplication.IExecutionStep.Execute()
   at System.Web.HttpApplication.ExecuteStepImpl(IExecutionStep step)
   at System.Web.HttpApplication.ExecuteStep(IExecutionStep step, Boolean& completedSynchronously)
10:47:42.184 AM System.Web.Mvc The controller for path '/Cate/IsPermit' was not found or does not implement IController.
10:47:42.184 AM Stack: at System.Web.Mvc.DefaultControllerFactory.GetControllerInstance(RequestContext requestContext, Type controllerType)
   at System.Web.Mvc.MvcHandler.ProcessRequestInit(HttpContextBase httpContext, IController& controller, IControllerFactory& factory)
   at System.Web.Mvc.MvcHandler.BeginProcessRequest(HttpContextBase httpContext, AsyncCallback callback, Object state)
   at System.Web.HttpApplication.CallHandlerExecutionStep.System.Web.HttpApplication.IExecutionStep.Execute()
   at System.Web.HttpApplication.ExecuteStepImpl(IExecutionStep step)
   at System.Web.HttpApplication.ExecuteStep(IExecutionStep step, Boolean& completedSynchronously)
10:47:42.216 AM System.Web.Mvc The controller for path '/Cate/IsPermit' was not found or does not implement IController.
10:47:42.216 AM Stack: at System.Web.Mvc.DefaultControllerFactory.GetControllerInstance(RequestContext requestContext, Type controllerType)
   at System.Web.Mvc.MvcHandler.ProcessRequestInit(HttpContextBase httpContext, IController& controller, IControllerFactory& factory)
   at System.Web.Mvc.MvcHandler.BeginProcessRequest(HttpContextBase httpContext, AsyncCallback callback, Object state)
   at System.Web.HttpApplication.CallHandlerExecutionStep.System.Web.HttpApplication.IExecutionStep.Execute()
   at System.Web.HttpApplication.ExecuteStepImpl(IExecutionStep step)
   at System.Web.HttpApplication.ExecuteStep(IExecutionStep step, Boolean& completedSynchronously)
10:47:42.247 AM System.Web.Mvc The controller for path '/Cate/IsPermit' was not found or does not implement IController.
10:47:42.247 AM Stack: at System.Web.Mvc.DefaultControllerFactory.GetControllerInstance(RequestContext requestContext, Type controllerType)
   at System.Web.Mvc.MvcHandler.ProcessRequestInit(HttpContextBase httpContext, IController& controller, IControllerFactory& factory)
   at System.Web.Mvc.MvcHandler.BeginProcessRequest(HttpContextBase httpContext, AsyncCallback callback, Object state)
   at System.Web.HttpApplication.CallHandlerExecutionStep.System.Web.HttpApplication.IExecutionStep.Execute()
   at System.Web.HttpApplication.ExecuteStepImpl(IExecutionStep step)
   at System.Web.HttpApplication.ExecuteStep(IExecutionStep step, Boolean& completedSynchronously)
10:47:42.278 AM System.Web.Mvc The controller for path '/Cate/IsPermit' was not found or does not implement IController.
10:47:42.278 AM Stack: at System.Web.Mvc.DefaultControllerFactory.GetControllerInstance(RequestContext requestContext, Type controllerType)
   at System.Web.Mvc.MvcHandler.ProcessRequestInit(HttpContextBase httpContext, IController& controller, IControllerFactory& factory)
   at System.Web.Mvc.MvcHandler.BeginProcessRequest(HttpContextBase httpContext, AsyncCallback callback, Object state)
   at System.Web.HttpApplication.CallHandlerExecutionStep.System.Web.HttpApplication.IExecutionStep.Execute()
   at System.Web.HttpApplication.ExecuteStepImpl(IExecutionStep step)
   at System.Web.HttpApplication.ExecuteStep(IExecutionStep step, Boolean& completedSynchronously)
10:47:42.309 AM System.Web.Mvc The controller for path '/Cate/IsPermit' was not found or does not implement IController.
10:47:42.309 AM Stack: at System.Web.Mvc.DefaultControllerFactory.GetControllerInstance(RequestContext requestContext, Type controllerType)
   at System.Web.Mvc.MvcHandler.ProcessRequestInit(HttpContextBase httpContext, IController& controller, IControllerFactory& factory)
   at System.Web.Mvc.MvcHandler.BeginProcessRequest(HttpContextBase httpContext, AsyncCallback callback, Object state)
   at System.Web.HttpApplication.CallHandlerExecutionStep.System.Web.HttpApplication.IExecutionStep.Execute()
   at System.Web.HttpApplication.ExecuteStepImpl(IExecutionStep step)
   at System.Web.HttpApplication.ExecuteStep(IExecutionStep step, Boolean& completedSynchronously)
10:47:42.341 AM System.Web.Mvc The controller for path '/Cate/IsPermit' was not found or does not implement IController.
10:47:42.341 AM Stack: at System.Web.Mvc.DefaultControllerFactory.GetControllerInstance(RequestContext requestContext, Type controllerType)
   at System.Web.Mvc.MvcHandler.ProcessRequestInit(HttpContextBase httpContext, IController& controller, IControllerFactory& factory)
   at System.Web.Mvc.MvcHandler.BeginProcessRequest(HttpContextBase httpContext, AsyncCallback callback, Object state)
   at System.Web.HttpApplication.CallHandlerExecutionStep.System.Web.HttpApplication.IExecutionStep.Execute()
   at System.Web.HttpApplication.ExecuteStepImpl(IExecutionStep step)
   at System.Web.HttpApplication.ExecuteStep(IExecutionStep step, Boolean& completedSynchronously)
10:47:42.372 AM System.Web.Mvc The controller for path '/Cate/IsPermit' was not found or does not implement IController.
10:47:42.372 AM Stack: at System.Web.Mvc.DefaultControllerFactory.GetControllerInstance(RequestContext requestContext, Type controllerType)
   at System.Web.Mvc.MvcHandler.ProcessRequestInit(HttpContextBase httpContext, IController& controller, IControllerFactory& factory)
   at System.Web.Mvc.MvcHandler.BeginProcessRequest(HttpContextBase httpContext, AsyncCallback callback, Object state)
   at System.Web.HttpApplication.CallHandlerExecutionStep.System.Web.HttpApplication.IExecutionStep.Execute()
   at System.Web.HttpApplication.ExecuteStepImpl(IExecutionStep step)
   at System.Web.HttpApplication.ExecuteStep(IExecutionStep step, Boolean& completedSynchronously)
10:47:42.419 AM System.Web.Mvc The controller for path '/Cate/IsPermit' was not found or does not implement IController.
10:47:42.419 AM Stack: at System.Web.Mvc.DefaultControllerFactory.GetControllerInstance(RequestContext requestContext, Type controllerType)
   at System.Web.Mvc.MvcHandler.ProcessRequestInit(HttpContextBase httpContext, IController& controller, IControllerFactory& factory)
   at System.Web.Mvc.MvcHandler.BeginProcessRequest(HttpContextBase httpContext, AsyncCallback callback, Object state)
   at System.Web.HttpApplication.CallHandlerExecutionStep.System.Web.HttpApplication.IExecutionStep.Execute()
   at System.Web.HttpApplication.ExecuteStepImpl(IExecutionStep step)
   at System.Web.HttpApplication.ExecuteStep(IExecutionStep step, Boolean& completedSynchronously)
10:47:42.450 AM System.Web.Mvc The controller for path '/Cate/IsPermit' was not found or does not implement IController.
10:47:42.450 AM Stack: at System.Web.Mvc.DefaultControllerFactory.GetControllerInstance(RequestContext requestContext, Type controllerType)
   at System.Web.Mvc.MvcHandler.ProcessRequestInit(HttpContextBase httpContext, IController& controller, IControllerFactory& factory)
   at System.Web.Mvc.MvcHandler.BeginProcessRequest(HttpContextBase httpContext, AsyncCallback callback, Object state)
   at System.Web.HttpApplication.CallHandlerExecutionStep.System.Web.HttpApplication.IExecutionStep.Execute()
   at System.Web.HttpApplication.ExecuteStepImpl(IExecutionStep step)
   at System.Web.HttpApplication.ExecuteStep(IExecutionStep step, Boolean& completedSynchronously)
10:47:42.481 AM System.Web.Mvc The controller for path '/Cate/IsPermit' was not found or does not implement IController.
10:47:42.481 AM Stack: at System.Web.Mvc.DefaultControllerFactory.GetControllerInstance(RequestContext requestContext, Type controllerType)
   at System.Web.Mvc.MvcHandler.ProcessRequestInit(HttpContextBase httpContext, IController& controller, IControllerFactory& factory)
   at System.Web.Mvc.MvcHandler.BeginProcessRequest(HttpContextBase httpContext, AsyncCallback callback, Object state)
   at System.Web.HttpApplication.CallHandlerExecutionStep.System.Web.HttpApplication.IExecutionStep.Execute()
   at System.Web.HttpApplication.ExecuteStepImpl(IExecutionStep step)
   at System.Web.HttpApplication.ExecuteStep(IExecutionStep step, Boolean& completedSynchronously)
10:47:42.512 AM System.Web.Mvc The controller for path '/Cate/IsPermit' was not found or does not implement IController.
10:47:42.512 AM Stack: at System.Web.Mvc.DefaultControllerFactory.GetControllerInstance(RequestContext requestContext, Type controllerType)
   at System.Web.Mvc.MvcHandler.ProcessRequestInit(HttpContextBase httpContext, IController& controller, IControllerFactory& factory)
   at System.Web.Mvc.MvcHandler.BeginProcessRequest(HttpContextBase httpContext, AsyncCallback callback, Object state)
   at System.Web.HttpApplication.CallHandlerExecutionStep.System.Web.HttpApplication.IExecutionStep.Execute()
   at System.Web.HttpApplication.ExecuteStepImpl(IExecutionStep step)
   at System.Web.HttpApplication.ExecuteStep(IExecutionStep step, Boolean& completedSynchronously)
10:47:42.544 AM System.Web.Mvc The controller for path '/Cate/IsPermit' was not found or does not implement IController.
10:47:42.544 AM Stack: at System.Web.Mvc.DefaultControllerFactory.GetControllerInstance(RequestContext requestContext, Type controllerType)
   at System.Web.Mvc.MvcHandler.ProcessRequestInit(HttpContextBase httpContext, IController& controller, IControllerFactory& factory)
   at System.Web.Mvc.MvcHandler.BeginProcessRequest(HttpContextBase httpContext, AsyncCallback callback, Object state)
   at System.Web.HttpApplication.CallHandlerExecutionStep.System.Web.HttpApplication.IExecutionStep.Execute()
   at System.Web.HttpApplication.ExecuteStepImpl(IExecutionStep step)
   at System.Web.HttpApplication.ExecuteStep(IExecutionStep step, Boolean& completedSynchronously)
10:47:42.575 AM System.Web.Mvc The controller for path '/Cate/IsPermit' was not found or does not implement IController.
10:47:42.575 AM Stack: at System.Web.Mvc.DefaultControllerFactory.GetControllerInstance(RequestContext requestContext, Type controllerType)
   at System.Web.Mvc.MvcHandler.ProcessRequestInit(HttpContextBase httpContext, IController& controller, IControllerFactory& factory)
   at System.Web.Mvc.MvcHandler.BeginProcessRequest(HttpContextBase httpContext, AsyncCallback callback, Object state)
   at System.Web.HttpApplication.CallHandlerExecutionStep.System.Web.HttpApplication.IExecutionStep.Execute()
   at System.Web.HttpApplication.ExecuteStepImpl(IExecutionStep step)
   at System.Web.HttpApplication.ExecuteStep(IExecutionStep step, Boolean& completedSynchronously)
10:47:42.606 AM System.Web.Mvc The controller for path '/Cate/IsPermit' was not found or does not implement IController.
10:47:42.606 AM Stack: at System.Web.Mvc.DefaultControllerFactory.GetControllerInstance(RequestContext requestContext, Type controllerType)
   at System.Web.Mvc.MvcHandler.ProcessRequestInit(HttpContextBase httpContext, IController& controller, IControllerFactory& factory)
   at System.Web.Mvc.MvcHandler.BeginProcessRequest(HttpContextBase httpContext, AsyncCallback callback, Object state)
   at System.Web.HttpApplication.CallHandlerExecutionStep.System.Web.HttpApplication.IExecutionStep.Execute()
   at System.Web.HttpApplication.ExecuteStepImpl(IExecutionStep step)
   at System.Web.HttpApplication.ExecuteStep(IExecutionStep step, Boolean& completedSynchronously)
10:47:42.637 AM System.Web.Mvc The controller for path '/Cate/IsPermit' was not found or does not implement IController.
10:47:42.637 AM Stack: at System.Web.Mvc.DefaultControllerFactory.GetControllerInstance(RequestContext requestContext, Type controllerType)
   at System.Web.Mvc.MvcHandler.ProcessRequestInit(HttpContextBase httpContext, IController& controller, IControllerFactory& factory)
   at System.Web.Mvc.MvcHandler.BeginProcessRequest(HttpContextBase httpContext, AsyncCallback callback, Object state)
   at System.Web.HttpApplication.CallHandlerExecutionStep.System.Web.HttpApplication.IExecutionStep.Execute()
   at System.Web.HttpApplication.ExecuteStepImpl(IExecutionStep step)
   at System.Web.HttpApplication.ExecuteStep(IExecutionStep step, Boolean& completedSynchronously)
10:47:42.669 AM System.Web.Mvc The controller for path '/Cate/IsPermit' was not found or does not implement IController.
10:47:42.669 AM Stack: at System.Web.Mvc.DefaultControllerFactory.GetControllerInstance(RequestContext requestContext, Type controllerType)
   at System.Web.Mvc.MvcHandler.ProcessRequestInit(HttpContextBase httpContext, IController& controller, IControllerFactory& factory)
   at System.Web.Mvc.MvcHandler.BeginProcessRequest(HttpContextBase httpContext, AsyncCallback callback, Object state)
   at System.Web.HttpApplication.CallHandlerExecutionStep.System.Web.HttpApplication.IExecutionStep.Execute()
   at System.Web.HttpApplication.ExecuteStepImpl(IExecutionStep step)
   at System.Web.HttpApplication.ExecuteStep(IExecutionStep step, Boolean& completedSynchronously)
10:47:42.700 AM System.Web.Mvc The controller for path '/Cate/IsPermit' was not found or does not implement IController.
10:47:42.700 AM Stack: at System.Web.Mvc.DefaultControllerFactory.GetControllerInstance(RequestContext requestContext, Type controllerType)
   at System.Web.Mvc.MvcHandler.ProcessRequestInit(HttpContextBase httpContext, IController& controller, IControllerFactory& factory)
   at System.Web.Mvc.MvcHandler.BeginProcessRequest(HttpContextBase httpContext, AsyncCallback callback, Object state)
   at System.Web.HttpApplication.CallHandlerExecutionStep.System.Web.HttpApplication.IExecutionStep.Execute()
   at System.Web.HttpApplication.ExecuteStepImpl(IExecutionStep step)
   at System.Web.HttpApplication.ExecuteStep(IExecutionStep step, Boolean& completedSynchronously)
10:47:42.731 AM System.Web.Mvc The controller for path '/Cate/IsPermit' was not found or does not implement IController.
10:47:42.731 AM Stack: at System.Web.Mvc.DefaultControllerFactory.GetControllerInstance(RequestContext requestContext, Type controllerType)
   at System.Web.Mvc.MvcHandler.ProcessRequestInit(HttpContextBase httpContext, IController& controller, IControllerFactory& factory)
   at System.Web.Mvc.MvcHandler.BeginProcessRequest(HttpContextBase httpContext, AsyncCallback callback, Object state)
   at System.Web.HttpApplication.CallHandlerExecutionStep.System.Web.HttpApplication.IExecutionStep.Execute()
   at System.Web.HttpApplication.ExecuteStepImpl(IExecutionStep step)
   at System.Web.HttpApplication.ExecuteStep(IExecutionStep step, Boolean& completedSynchronously)
10:47:42.762 AM System.Web.Mvc The controller for path '/Cate/IsPermit' was not found or does not implement IController.
10:47:42.762 AM Stack: at System.Web.Mvc.DefaultControllerFactory.GetControllerInstance(RequestContext requestContext, Type controllerType)
   at System.Web.Mvc.MvcHandler.ProcessRequestInit(HttpContextBase httpContext, IController& controller, IControllerFactory& factory)
   at System.Web.Mvc.MvcHandler.BeginProcessRequest(HttpContextBase httpContext, AsyncCallback callback, Object state)
   at System.Web.HttpApplication.CallHandlerExecutionStep.System.Web.HttpApplication.IExecutionStep.Execute()
   at System.Web.HttpApplication.ExecuteStepImpl(IExecutionStep step)
   at System.Web.HttpApplication.ExecuteStep(IExecutionStep step, Boolean& completedSynchronously)
10:47:42.794 AM System.Web.Mvc The controller for path '/Cate/IsPermit' was not found or does not implement IController.
10:47:42.794 AM Stack: at System.Web.Mvc.DefaultControllerFactory.GetControllerInstance(RequestContext requestContext, Type controllerType)
   at System.Web.Mvc.MvcHandler.ProcessRequestInit(HttpContextBase httpContext, IController& controller, IControllerFactory& factory)
   at System.Web.Mvc.MvcHandler.BeginProcessRequest(HttpContextBase httpContext, AsyncCallback callback, Object state)
   at System.Web.HttpApplication.CallHandlerExecutionStep.System.Web.HttpApplication.IExecutionStep.Execute()
   at System.Web.HttpApplication.ExecuteStepImpl(IExecutionStep step)
   at System.Web.HttpApplication.ExecuteStep(IExecutionStep step, Boolean& completedSynchronously)
10:47:42.872 AM System.Web.Mvc The controller for path '/Cate/IsPermit' was not found or does not implement IController.
10:47:42.872 AM Stack: at System.Web.Mvc.DefaultControllerFactory.GetControllerInstance(RequestContext requestContext, Type controllerType)
   at System.Web.Mvc.MvcHandler.ProcessRequestInit(HttpContextBase httpContext, IController& controller, IControllerFactory& factory)
   at System.Web.Mvc.MvcHandler.BeginProcessRequest(HttpContextBase httpContext, AsyncCallback callback, Object state)
   at System.Web.HttpApplication.CallHandlerExecutionStep.System.Web.HttpApplication.IExecutionStep.Execute()
   at System.Web.HttpApplication.ExecuteStepImpl(IExecutionStep step)
   at System.Web.HttpApplication.ExecuteStep(IExecutionStep step, Boolean& completedSynchronously)
10:47:42.950 AM System.Web.Mvc The controller for path '/Cate/IsPermit' was not found or does not implement IController.
10:47:42.950 AM Stack: at System.Web.Mvc.DefaultControllerFactory.GetControllerInstance(RequestContext requestContext, Type controllerType)
   at System.Web.Mvc.MvcHandler.ProcessRequestInit(HttpContextBase httpContext, IController& controller, IControllerFactory& factory)
   at System.Web.Mvc.MvcHandler.BeginProcessRequest(HttpContextBase httpContext, AsyncCallback callback, Object state)
   at System.Web.HttpApplication.CallHandlerExecutionStep.System.Web.HttpApplication.IExecutionStep.Execute()
   at System.Web.HttpApplication.ExecuteStepImpl(IExecutionStep step)
   at System.Web.HttpApplication.ExecuteStep(IExecutionStep step, Boolean& completedSynchronously)
10:47:42.981 AM System.Web.Mvc The controller for path '/Cate/IsPermit' was not found or does not implement IController.
10:47:42.981 AM Stack: at System.Web.Mvc.DefaultControllerFactory.GetControllerInstance(RequestContext requestContext, Type controllerType)
   at System.Web.Mvc.MvcHandler.ProcessRequestInit(HttpContextBase httpContext, IController& controller, IControllerFactory& factory)
   at System.Web.Mvc.MvcHandler.BeginProcessRequest(HttpContextBase httpContext, AsyncCallback callback, Object state)
   at System.Web.HttpApplication.CallHandlerExecutionStep.System.Web.HttpApplication.IExecutionStep.Execute()
   at System.Web.HttpApplication.ExecuteStepImpl(IExecutionStep step)
   at System.Web.HttpApplication.ExecuteStep(IExecutionStep step, Boolean& completedSynchronously)
10:47:43.012 AM System.Web.Mvc The controller for path '/Cate/IsPermit' was not found or does not implement IController.
10:47:43.012 AM Stack: at System.Web.Mvc.DefaultControllerFactory.GetControllerInstance(RequestContext requestContext, Type controllerType)
   at System.Web.Mvc.MvcHandler.ProcessRequestInit(HttpContextBase httpContext, IController& controller, IControllerFactory& factory)
   at System.Web.Mvc.MvcHandler.BeginProcessRequest(HttpContextBase httpContext, AsyncCallback callback, Object state)
   at System.Web.HttpApplication.CallHandlerExecutionStep.System.Web.HttpApplication.IExecutionStep.Execute()
   at System.Web.HttpApplication.ExecuteStepImpl(IExecutionStep step)
   at System.Web.HttpApplication.ExecuteStep(IExecutionStep step, Boolean& completedSynchronously)
10:47:43.059 AM System.Web.Mvc The controller for path '/Cate/IsPermit' was not found or does not implement IController.
10:47:43.059 AM Stack: at System.Web.Mvc.DefaultControllerFactory.GetControllerInstance(RequestContext requestContext, Type controllerType)
   at System.Web.Mvc.MvcHandler.ProcessRequestInit(HttpContextBase httpContext, IController& controller, IControllerFactory& factory)
   at System.Web.Mvc.MvcHandler.BeginProcessRequest(HttpContextBase httpContext, AsyncCallback callback, Object state)
   at System.Web.HttpApplication.CallHandlerExecutionStep.System.Web.HttpApplication.IExecutionStep.Execute()
   at System.Web.HttpApplication.ExecuteStepImpl(IExecutionStep step)
   at System.Web.HttpApplication.ExecuteStep(IExecutionStep step, Boolean& completedSynchronously)
10:47:43.091 AM System.Web.Mvc The controller for path '/Cate/IsPermit' was not found or does not implement IController.
10:47:43.091 AM Stack: at System.Web.Mvc.DefaultControllerFactory.GetControllerInstance(RequestContext requestContext, Type controllerType)
   at System.Web.Mvc.MvcHandler.ProcessRequestInit(HttpContextBase httpContext, IController& controller, IControllerFactory& factory)
   at System.Web.Mvc.MvcHandler.BeginProcessRequest(HttpContextBase httpContext, AsyncCallback callback, Object state)
   at System.Web.HttpApplication.CallHandlerExecutionStep.System.Web.HttpApplication.IExecutionStep.Execute()
   at System.Web.HttpApplication.ExecuteStepImpl(IExecutionStep step)
   at System.Web.HttpApplication.ExecuteStep(IExecutionStep step, Boolean& completedSynchronously)
10:49:32.075 AM System.Web.Mvc The controller for path '/Cate/IsPermit' was not found or does not implement IController.
10:49:32.075 AM Stack: at System.Web.Mvc.DefaultControllerFactory.GetControllerInstance(RequestContext requestContext, Type controllerType)
   at System.Web.Mvc.MvcHandler.ProcessRequestInit(HttpContextBase httpContext, IController& controller, IControllerFactory& factory)
   at System.Web.Mvc.MvcHandler.BeginProcessRequest(HttpContextBase httpContext, AsyncCallback callback, Object state)
   at System.Web.HttpApplication.CallHandlerExecutionStep.System.Web.HttpApplication.IExecutionStep.Execute()
   at System.Web.HttpApplication.ExecuteStepImpl(IExecutionStep step)
   at System.Web.HttpApplication.ExecuteStep(IExecutionStep step, Boolean& completedSynchronously)
10:49:32.122 AM System.Web.Mvc The controller for path '/Cate/IsPermit' was not found or does not implement IController.
10:49:32.122 AM Stack: at System.Web.Mvc.DefaultControllerFactory.GetControllerInstance(RequestContext requestContext, Type controllerType)
   at System.Web.Mvc.MvcHandler.ProcessRequestInit(HttpContextBase httpContext, IController& controller, IControllerFactory& factory)
   at System.Web.Mvc.MvcHandler.BeginProcessRequest(HttpContextBase httpContext, AsyncCallback callback, Object state)
   at System.Web.HttpApplication.CallHandlerExecutionStep.System.Web.HttpApplication.IExecutionStep.Execute()
   at System.Web.HttpApplication.ExecuteStepImpl(IExecutionStep step)
   at System.Web.HttpApplication.ExecuteStep(IExecutionStep step, Boolean& completedSynchronously)
10:49:32.153 AM System.Web.Mvc The controller for path '/Cate/IsPermit' was not found or does not implement IController.
10:49:32.153 AM Stack: at System.Web.Mvc.DefaultControllerFactory.GetControllerInstance(RequestContext requestContext, Type controllerType)
   at System.Web.Mvc.MvcHandler.ProcessRequestInit(HttpContextBase httpContext, IController& controller, IControllerFactory& factory)
   at System.Web.Mvc.MvcHandler.BeginProcessRequest(HttpContextBase httpContext, AsyncCallback callback, Object state)
   at System.Web.HttpApplication.CallHandlerExecutionStep.System.Web.HttpApplication.IExecutionStep.Execute()
   at System.Web.HttpApplication.ExecuteStepImpl(IExecutionStep step)
   at System.Web.HttpApplication.ExecuteStep(IExecutionStep step, Boolean& completedSynchronously)
10:49:32.185 AM System.Web.Mvc The controller for path '/Cate/IsPermit' was not found or does not implement IController.
10:49:32.185 AM Stack: at System.Web.Mvc.DefaultControllerFactory.GetControllerInstance(RequestContext requestContext, Type controllerType)
   at System.Web.Mvc.MvcHandler.ProcessRequestInit(HttpContextBase httpContext, IController& controller, IControllerFactory& factory)
   at System.Web.Mvc.MvcHandler.BeginProcessRequest(HttpContextBase httpContext, AsyncCallback callback, Object state)
   at System.Web.HttpApplication.CallHandlerExecutionStep.System.Web.HttpApplication.IExecutionStep.Execute()
   at System.Web.HttpApplication.ExecuteStepImpl(IExecutionStep step)
   at System.Web.HttpApplication.ExecuteStep(IExecutionStep step, Boolean& completedSynchronously)
10:49:32.216 AM System.Web.Mvc The controller for path '/Cate/IsPermit' was not found or does not implement IController.
10:49:32.216 AM Stack: at System.Web.Mvc.DefaultControllerFactory.GetControllerInstance(RequestContext requestContext, Type controllerType)
   at System.Web.Mvc.MvcHandler.ProcessRequestInit(HttpContextBase httpContext, IController& controller, IControllerFactory& factory)
   at System.Web.Mvc.MvcHandler.BeginProcessRequest(HttpContextBase httpContext, AsyncCallback callback, Object state)
   at System.Web.HttpApplication.CallHandlerExecutionStep.System.Web.HttpApplication.IExecutionStep.Execute()
   at System.Web.HttpApplication.ExecuteStepImpl(IExecutionStep step)
   at System.Web.HttpApplication.ExecuteStep(IExecutionStep step, Boolean& completedSynchronously)
10:49:32.263 AM System.Web.Mvc The controller for path '/Cate/IsPermit' was not found or does not implement IController.
10:49:32.263 AM Stack: at System.Web.Mvc.DefaultControllerFactory.GetControllerInstance(RequestContext requestContext, Type controllerType)
   at System.Web.Mvc.MvcHandler.ProcessRequestInit(HttpContextBase httpContext, IController& controller, IControllerFactory& factory)
   at System.Web.Mvc.MvcHandler.BeginProcessRequest(HttpContextBase httpContext, AsyncCallback callback, Object state)
   at System.Web.HttpApplication.CallHandlerExecutionStep.System.Web.HttpApplication.IExecutionStep.Execute()
   at System.Web.HttpApplication.ExecuteStepImpl(IExecutionStep step)
   at System.Web.HttpApplication.ExecuteStep(IExecutionStep step, Boolean& completedSynchronously)
10:49:32.294 AM System.Web.Mvc The controller for path '/Cate/IsPermit' was not found or does not implement IController.
10:49:32.294 AM Stack: at System.Web.Mvc.DefaultControllerFactory.GetControllerInstance(RequestContext requestContext, Type controllerType)
   at System.Web.Mvc.MvcHandler.ProcessRequestInit(HttpContextBase httpContext, IController& controller, IControllerFactory& factory)
   at System.Web.Mvc.MvcHandler.BeginProcessRequest(HttpContextBase httpContext, AsyncCallback callback, Object state)
   at System.Web.HttpApplication.CallHandlerExecutionStep.System.Web.HttpApplication.IExecutionStep.Execute()
   at System.Web.HttpApplication.ExecuteStepImpl(IExecutionStep step)
   at System.Web.HttpApplication.ExecuteStep(IExecutionStep step, Boolean& completedSynchronously)
10:49:32.325 AM System.Web.Mvc The controller for path '/Cate/IsPermit' was not found or does not implement IController.
10:49:32.325 AM Stack: at System.Web.Mvc.DefaultControllerFactory.GetControllerInstance(RequestContext requestContext, Type controllerType)
   at System.Web.Mvc.MvcHandler.ProcessRequestInit(HttpContextBase httpContext, IController& controller, IControllerFactory& factory)
   at System.Web.Mvc.MvcHandler.BeginProcessRequest(HttpContextBase httpContext, AsyncCallback callback, Object state)
   at System.Web.HttpApplication.CallHandlerExecutionStep.System.Web.HttpApplication.IExecutionStep.Execute()
   at System.Web.HttpApplication.ExecuteStepImpl(IExecutionStep step)
   at System.Web.HttpApplication.ExecuteStep(IExecutionStep step, Boolean& completedSynchronously)
10:49:32.356 AM System.Web.Mvc The controller for path '/Cate/IsPermit' was not found or does not implement IController.
10:49:32.356 AM Stack: at System.Web.Mvc.DefaultControllerFactory.GetControllerInstance(RequestContext requestContext, Type controllerType)
   at System.Web.Mvc.MvcHandler.ProcessRequestInit(HttpContextBase httpContext, IController& controller, IControllerFactory& factory)
   at System.Web.Mvc.MvcHandler.BeginProcessRequest(HttpContextBase httpContext, AsyncCallback callback, Object state)
   at System.Web.HttpApplication.CallHandlerExecutionStep.System.Web.HttpApplication.IExecutionStep.Execute()
   at System.Web.HttpApplication.ExecuteStepImpl(IExecutionStep step)
   at System.Web.HttpApplication.ExecuteStep(IExecutionStep step, Boolean& completedSynchronously)
10:49:32.388 AM System.Web.Mvc The controller for path '/Cate/IsPermit' was not found or does not implement IController.
10:49:32.388 AM Stack: at System.Web.Mvc.DefaultControllerFactory.GetControllerInstance(RequestContext requestContext, Type controllerType)
   at System.Web.Mvc.MvcHandler.ProcessRequestInit(HttpContextBase httpContext, IController& controller, IControllerFactory& factory)
   at System.Web.Mvc.MvcHandler.BeginProcessRequest(HttpContextBase httpContext, AsyncCallback callback, Object state)
   at System.Web.HttpApplication.CallHandlerExecutionStep.System.Web.HttpApplication.IExecutionStep.Execute()
   at System.Web.HttpApplication.ExecuteStepImpl(IExecutionStep step)
   at System.Web.HttpApplication.ExecuteStep(IExecutionStep step, Boolean& completedSynchronously)
03:16:10.902 PM System.Web.Mvc The controller for path '/Cate/IsPermit' was not found or does not implement IController.
03:16:10.902 PM Stack: at System.Web.Mvc.DefaultControllerFactory.GetControllerInstance(RequestContext requestContext, Type controllerType)
   at System.Web.Mvc.MvcHandler.ProcessRequestInit(HttpContextBase httpContext, IController& controller, IControllerFactory& factory)
   at System.Web.Mvc.MvcHandler.BeginProcessRequest(HttpContextBase httpContext, AsyncCallback callback, Object state)
   at System.Web.HttpApplication.CallHandlerExecutionStep.System.Web.HttpApplication.IExecutionStep.Execute()
   at System.Web.HttpApplication.ExecuteStepImpl(IExecutionStep step)
   at System.Web.HttpApplication.ExecuteStep(IExecutionStep step, Boolean& completedSynchronously)
03:16:10.902 PM System.Web.Mvc The controller for path '/Cate/IsPermit' was not found or does not implement IController.
03:16:10.902 PM Stack: at System.Web.Mvc.DefaultControllerFactory.GetControllerInstance(RequestContext requestContext, Type controllerType)
   at System.Web.Mvc.MvcHandler.ProcessRequestInit(HttpContextBase httpContext, IController& controller, IControllerFactory& factory)
   at System.Web.Mvc.MvcHandler.BeginProcessRequest(HttpContextBase httpContext, AsyncCallback callback, Object state)
   at System.Web.HttpApplication.CallHandlerExecutionStep.System.Web.HttpApplication.IExecutionStep.Execute()
   at System.Web.HttpApplication.ExecuteStepImpl(IExecutionStep step)
   at System.Web.HttpApplication.ExecuteStep(IExecutionStep step, Boolean& completedSynchronously)
03:16:10.917 PM System.Web.Mvc The controller for path '/Cate/IsPermit' was not found or does not implement IController.
03:16:10.917 PM Stack: at System.Web.Mvc.DefaultControllerFactory.GetControllerInstance(RequestContext requestContext, Type controllerType)
   at System.Web.Mvc.MvcHandler.ProcessRequestInit(HttpContextBase httpContext, IController& controller, IControllerFactory& factory)
   at System.Web.Mvc.MvcHandler.BeginProcessRequest(HttpContextBase httpContext, AsyncCallback callback, Object state)
   at System.Web.HttpApplication.CallHandlerExecutionStep.System.Web.HttpApplication.IExecutionStep.Execute()
   at System.Web.HttpApplication.ExecuteStepImpl(IExecutionStep step)
   at System.Web.HttpApplication.ExecuteStep(IExecutionStep step, Boolean& completedSynchronously)
03:16:10.917 PM System.Web.Mvc The controller for path '/Cate/IsPermit' was not found or does not implement IController.
03:16:10.917 PM Stack: at System.Web.Mvc.DefaultControllerFactory.GetControllerInstance(RequestContext requestContext, Type controllerType)
   at System.Web.Mvc.MvcHandler.ProcessRequestInit(HttpContextBase httpContext, IController& controller, IControllerFactory& factory)
   at System.Web.Mvc.MvcHandler.BeginProcessRequest(HttpContextBase httpContext, AsyncCallback callback, Object state)
   at System.Web.HttpApplication.CallHandlerExecutionStep.System.Web.HttpApplication.IExecutionStep.Execute()
   at System.Web.HttpApplication.ExecuteStepImpl(IExecutionStep step)
   at System.Web.HttpApplication.ExecuteStep(IExecutionStep step, Boolean& completedSynchronously)
03:16:10.933 PM System.Web.Mvc The controller for path '/Cate/IsPermit' was not found or does not implement IController.
03:16:10.933 PM Stack: at System.Web.Mvc.DefaultControllerFactory.GetControllerInstance(RequestContext requestContext, Type controllerType)
   at System.Web.Mvc.MvcHandler.ProcessRequestInit(HttpContextBase httpContext, IController& controller, IControllerFactory& factory)
   at System.Web.Mvc.MvcHandler.BeginProcessRequest(HttpContextBase httpContext, AsyncCallback callback, Object state)
   at System.Web.HttpApplication.CallHandlerExecutionStep.System.Web.HttpApplication.IExecutionStep.Execute()
   at System.Web.HttpApplication.ExecuteStepImpl(IExecutionStep step)
   at System.Web.HttpApplication.ExecuteStep(IExecutionStep step, Boolean& completedSynchronously)
03:16:10.933 PM System.Web.Mvc The controller for path '/Cate/IsPermit' was not found or does not implement IController.
03:16:10.933 PM Stack: at System.Web.Mvc.DefaultControllerFactory.GetControllerInstance(RequestContext requestContext, Type controllerType)
   at System.Web.Mvc.MvcHandler.ProcessRequestInit(HttpContextBase httpContext, IController& controller, IControllerFactory& factory)
   at System.Web.Mvc.MvcHandler.BeginProcessRequest(HttpContextBase httpContext, AsyncCallback callback, Object state)
   at System.Web.HttpApplication.CallHandlerExecutionStep.System.Web.HttpApplication.IExecutionStep.Execute()
   at System.Web.HttpApplication.ExecuteStepImpl(IExecutionStep step)
   at System.Web.HttpApplication.ExecuteStep(IExecutionStep step, Boolean& completedSynchronously)
03:16:11.464 PM System.Web.Mvc The controller for path '/Cate/IsPermit' was not found or does not implement IController.
03:16:11.464 PM Stack: at System.Web.Mvc.DefaultControllerFactory.GetControllerInstance(RequestContext requestContext, Type controllerType)
   at System.Web.Mvc.MvcHandler.ProcessRequestInit(HttpContextBase httpContext, IController& controller, IControllerFactory& factory)
   at System.Web.Mvc.MvcHandler.BeginProcessRequest(HttpContextBase httpContext, AsyncCallback callback, Object state)
   at System.Web.HttpApplication.CallHandlerExecutionStep.System.Web.HttpApplication.IExecutionStep.Execute()
   at System.Web.HttpApplication.ExecuteStepImpl(IExecutionStep step)
   at System.Web.HttpApplication.ExecuteStep(IExecutionStep step, Boolean& completedSynchronously)
03:16:11.464 PM System.Web.Mvc The controller for path '/Cate/IsPermit' was not found or does not implement IController.
03:16:11.464 PM Stack: at System.Web.Mvc.DefaultControllerFactory.GetControllerInstance(RequestContext requestContext, Type controllerType)
   at System.Web.Mvc.MvcHandler.ProcessRequestInit(HttpContextBase httpContext, IController& controller, IControllerFactory& factory)
   at System.Web.Mvc.MvcHandler.BeginProcessRequest(HttpContextBase httpContext, AsyncCallback callback, Object state)
   at System.Web.HttpApplication.CallHandlerExecutionStep.System.Web.HttpApplication.IExecutionStep.Execute()
   at System.Web.HttpApplication.ExecuteStepImpl(IExecutionStep step)
   at System.Web.HttpApplication.ExecuteStep(IExecutionStep step, Boolean& completedSynchronously)
03:16:11.480 PM System.Web.Mvc The controller for path '/Cate/IsPermit' was not found or does not implement IController.
03:16:11.480 PM Stack: at System.Web.Mvc.DefaultControllerFactory.GetControllerInstance(RequestContext requestContext, Type controllerType)
   at System.Web.Mvc.MvcHandler.ProcessRequestInit(HttpContextBase httpContext, IController& controller, IControllerFactory& factory)
   at System.Web.Mvc.MvcHandler.BeginProcessRequest(HttpContextBase httpContext, AsyncCallback callback, Object state)
   at System.Web.HttpApplication.CallHandlerExecutionStep.System.Web.HttpApplication.IExecutionStep.Execute()
   at System.Web.HttpApplication.ExecuteStepImpl(IExecutionStep step)
   at System.Web.HttpApplication.ExecuteStep(IExecutionStep step, Boolean& completedSynchronously)
03:16:11.480 PM System.Web.Mvc The controller for path '/Cate/IsPermit' was not found or does not implement IController.
03:16:11.480 PM Stack: at System.Web.Mvc.DefaultControllerFactory.GetControllerInstance(RequestContext requestContext, Type controllerType)
   at System.Web.Mvc.MvcHandler.ProcessRequestInit(HttpContextBase httpContext, IController& controller, IControllerFactory& factory)
   at System.Web.Mvc.MvcHandler.BeginProcessRequest(HttpContextBase httpContext, AsyncCallback callback, Object state)
   at System.Web.HttpApplication.CallHandlerExecutionStep.System.Web.HttpApplication.IExecutionStep.Execute()
   at System.Web.HttpApplication.ExecuteStepImpl(IExecutionStep step)
   at System.Web.HttpApplication.ExecuteStep(IExecutionStep step, Boolean& completedSynchronously)
03:16:11.480 PM System.Web.Mvc The controller for path '/Cate/IsPermit' was not found or does not implement IController.
03:16:11.480 PM Stack: at System.Web.Mvc.DefaultControllerFactory.GetControllerInstance(RequestContext requestContext, Type controllerType)
   at System.Web.Mvc.MvcHandler.ProcessRequestInit(HttpContextBase httpContext, IController& controller, IControllerFactory& factory)
   at System.Web.Mvc.MvcHandler.BeginProcessRequest(HttpContextBase httpContext, AsyncCallback callback, Object state)
   at System.Web.HttpApplication.CallHandlerExecutionStep.System.Web.HttpApplication.IExecutionStep.Execute()
   at System.Web.HttpApplication.ExecuteStepImpl(IExecutionStep step)
   at System.Web.HttpApplication.ExecuteStep(IExecutionStep step, Boolean& completedSynchronously)
03:16:11.495 PM System.Web.Mvc The controller for path '/Cate/IsPermit' was not found or does not implement IController.
03:16:11.495 PM Stack: at System.Web.Mvc.DefaultControllerFactory.GetControllerInstance(RequestContext requestContext, Type controllerType)
   at System.Web.Mvc.MvcHandler.ProcessRequestInit(HttpContextBase httpContext, IController& controller, IControllerFactory& factory)
   at System.Web.Mvc.MvcHandler.BeginProcessRequest(HttpContextBase httpContext, AsyncCallback callback, Object state)
   at System.Web.HttpApplication.CallHandlerExecutionStep.System.Web.HttpApplication.IExecutionStep.Execute()
   at System.Web.HttpApplication.ExecuteStepImpl(IExecutionStep step)
   at System.Web.HttpApplication.ExecuteStep(IExecutionStep step, Boolean& completedSynchronously)
03:16:11.495 PM System.Web.Mvc The controller for path '/Cate/IsPermit' was not found or does not implement IController.
03:16:11.495 PM Stack: at System.Web.Mvc.DefaultControllerFactory.GetControllerInstance(RequestContext requestContext, Type controllerType)
   at System.Web.Mvc.MvcHandler.ProcessRequestInit(HttpContextBase httpContext, IController& controller, IControllerFactory& factory)
   at System.Web.Mvc.MvcHandler.BeginProcessRequest(HttpContextBase httpContext, AsyncCallback callback, Object state)
   at System.Web.HttpApplication.CallHandlerExecutionStep.System.Web.HttpApplication.IExecutionStep.Execute()
   at System.Web.HttpApplication.ExecuteStepImpl(IExecutionStep step)
   at System.Web.HttpApplication.ExecuteStep(IExecutionStep step, Boolean& completedSynchronously)
03:16:11.511 PM System.Web.Mvc The controller for path '/Cate/IsPermit' was not found or does not implement IController.
03:16:11.511 PM Stack: at System.Web.Mvc.DefaultControllerFactory.GetControllerInstance(RequestContext requestContext, Type controllerType)
   at System.Web.Mvc.MvcHandler.ProcessRequestInit(HttpContextBase httpContext, IController& controller, IControllerFactory& factory)
   at System.Web.Mvc.MvcHandler.BeginProcessRequest(HttpContextBase httpContext, AsyncCallback callback, Object state)
   at System.Web.HttpApplication.CallHandlerExecutionStep.System.Web.HttpApplication.IExecutionStep.Execute()
   at System.Web.HttpApplication.ExecuteStepImpl(IExecutionStep step)
   at System.Web.HttpApplication.ExecuteStep(IExecutionStep step, Boolean& completedSynchronously)
03:16:11.511 PM System.Web.Mvc The controller for path '/Cate/IsPermit' was not found or does not implement IController.
03:16:11.511 PM Stack: at System.Web.Mvc.DefaultControllerFactory.GetControllerInstance(RequestContext requestContext, Type controllerType)
   at System.Web.Mvc.MvcHandler.ProcessRequestInit(HttpContextBase httpContext, IController& controller, IControllerFactory& factory)
   at System.Web.Mvc.MvcHandler.BeginProcessRequest(HttpContextBase httpContext, AsyncCallback callback, Object state)
   at System.Web.HttpApplication.CallHandlerExecutionStep.System.Web.HttpApplication.IExecutionStep.Execute()
   at System.Web.HttpApplication.ExecuteStepImpl(IExecutionStep step)
   at System.Web.HttpApplication.ExecuteStep(IExecutionStep step, Boolean& completedSynchronously)
03:16:11.527 PM System.Web.Mvc The controller for path '/Cate/IsPermit' was not found or does not implement IController.
03:16:11.527 PM Stack: at System.Web.Mvc.DefaultControllerFactory.GetControllerInstance(RequestContext requestContext, Type controllerType)
   at System.Web.Mvc.MvcHandler.ProcessRequestInit(HttpContextBase httpContext, IController& controller, IControllerFactory& factory)
   at System.Web.Mvc.MvcHandler.BeginProcessRequest(HttpContextBase httpContext, AsyncCallback callback, Object state)
   at System.Web.HttpApplication.CallHandlerExecutionStep.System.Web.HttpApplication.IExecutionStep.Execute()
   at System.Web.HttpApplication.ExecuteStepImpl(IExecutionStep step)
   at System.Web.HttpApplication.ExecuteStep(IExecutionStep step, Boolean& completedSynchronously)
03:16:11.527 PM System.Web.Mvc The controller for path '/Cate/IsPermit' was not found or does not implement IController.
03:16:11.527 PM Stack: at System.Web.Mvc.DefaultControllerFactory.GetControllerInstance(RequestContext requestContext, Type controllerType)
   at System.Web.Mvc.MvcHandler.ProcessRequestInit(HttpContextBase httpContext, IController& controller, IControllerFactory& factory)
   at System.Web.Mvc.MvcHandler.BeginProcessRequest(HttpContextBase httpContext, AsyncCallback callback, Object state)
   at System.Web.HttpApplication.CallHandlerExecutionStep.System.Web.HttpApplication.IExecutionStep.Execute()
   at System.Web.HttpApplication.ExecuteStepImpl(IExecutionStep step)
   at System.Web.HttpApplication.ExecuteStep(IExecutionStep step, Boolean& completedSynchronously)
03:16:11.527 PM System.Web.Mvc The controller for path '/Cate/IsPermit' was not found or does not implement IController.
03:16:11.527 PM Stack: at System.Web.Mvc.DefaultControllerFactory.GetControllerInstance(RequestContext requestContext, Type controllerType)
   at System.Web.Mvc.MvcHandler.ProcessRequestInit(HttpContextBase httpContext, IController& controller, IControllerFactory& factory)
   at System.Web.Mvc.MvcHandler.BeginProcessRequest(HttpContextBase httpContext, AsyncCallback callback, Object state)
   at System.Web.HttpApplication.CallHandlerExecutionStep.System.Web.HttpApplication.IExecutionStep.Execute()
   at System.Web.HttpApplication.ExecuteStepImpl(IExecutionStep step)
   at System.Web.HttpApplication.ExecuteStep(IExecutionStep step, Boolean& completedSynchronously)
03:16:11.542 PM System.Web.Mvc The controller for path '/Cate/IsPermit' was not found or does not implement IController.
03:16:11.542 PM Stack: at System.Web.Mvc.DefaultControllerFactory.GetControllerInstance(RequestContext requestContext, Type controllerType)
   at System.Web.Mvc.MvcHandler.ProcessRequestInit(HttpContextBase httpContext, IController& controller, IControllerFactory& factory)
   at System.Web.Mvc.MvcHandler.BeginProcessRequest(HttpContextBase httpContext, AsyncCallback callback, Object state)
   at System.Web.HttpApplication.CallHandlerExecutionStep.System.Web.HttpApplication.IExecutionStep.Execute()
   at System.Web.HttpApplication.ExecuteStepImpl(IExecutionStep step)
   at System.Web.HttpApplication.ExecuteStep(IExecutionStep step, Boolean& completedSynchronously)
03:16:11.542 PM System.Web.Mvc The controller for path '/Cate/IsPermit' was not found or does not implement IController.
03:16:11.542 PM Stack: at System.Web.Mvc.DefaultControllerFactory.GetControllerInstance(RequestContext requestContext, Type controllerType)
   at System.Web.Mvc.MvcHandler.ProcessRequestInit(HttpContextBase httpContext, IController& controller, IControllerFactory& factory)
   at System.Web.Mvc.MvcHandler.BeginProcessRequest(HttpContextBase httpContext, AsyncCallback callback, Object state)
   at System.Web.HttpApplication.CallHandlerExecutionStep.System.Web.HttpApplication.IExecutionStep.Execute()
   at System.Web.HttpApplication.ExecuteStepImpl(IExecutionStep step)
   at System.Web.HttpApplication.ExecuteStep(IExecutionStep step, Boolean& completedSynchronously)
03:16:11.558 PM System.Web.Mvc The controller for path '/Cate/IsPermit' was not found or does not implement IController.
03:16:11.558 PM Stack: at System.Web.Mvc.DefaultControllerFactory.GetControllerInstance(RequestContext requestContext, Type controllerType)
   at System.Web.Mvc.MvcHandler.ProcessRequestInit(HttpContextBase httpContext, IController& controller, IControllerFactory& factory)
   at System.Web.Mvc.MvcHandler.BeginProcessRequest(HttpContextBase httpContext, AsyncCallback callback, Object state)
   at System.Web.HttpApplication.CallHandlerExecutionStep.System.Web.HttpApplication.IExecutionStep.Execute()
   at System.Web.HttpApplication.ExecuteStepImpl(IExecutionStep step)
   at System.Web.HttpApplication.ExecuteStep(IExecutionStep step, Boolean& completedSynchronously)
03:16:11.558 PM System.Web.Mvc The controller for path '/Cate/IsPermit' was not found or does not implement IController.
03:16:11.558 PM Stack: at System.Web.Mvc.DefaultControllerFactory.GetControllerInstance(RequestContext requestContext, Type controllerType)
   at System.Web.Mvc.MvcHandler.ProcessRequestInit(HttpContextBase httpContext, IController& controller, IControllerFactory& factory)
   at System.Web.Mvc.MvcHandler.BeginProcessRequest(HttpContextBase httpContext, AsyncCallback callback, Object state)
   at System.Web.HttpApplication.CallHandlerExecutionStep.System.Web.HttpApplication.IExecutionStep.Execute()
   at System.Web.HttpApplication.ExecuteStepImpl(IExecutionStep step)
   at System.Web.HttpApplication.ExecuteStep(IExecutionStep step, Boolean& completedSynchronously)
03:16:11.573 PM System.Web.Mvc The controller for path '/Cate/IsPermit' was not found or does not implement IController.
03:16:11.573 PM Stack: at System.Web.Mvc.DefaultControllerFactory.GetControllerInstance(RequestContext requestContext, Type controllerType)
   at System.Web.Mvc.MvcHandler.ProcessRequestInit(HttpContextBase httpContext, IController& controller, IControllerFactory& factory)
   at System.Web.Mvc.MvcHandler.BeginProcessRequest(HttpContextBase httpContext, AsyncCallback callback, Object state)
   at System.Web.HttpApplication.CallHandlerExecutionStep.System.Web.HttpApplication.IExecutionStep.Execute()
   at System.Web.HttpApplication.ExecuteStepImpl(IExecutionStep step)
   at System.Web.HttpApplication.ExecuteStep(IExecutionStep step, Boolean& completedSynchronously)
03:16:11.573 PM System.Web.Mvc The controller for path '/Cate/IsPermit' was not found or does not implement IController.
03:16:11.573 PM Stack: at System.Web.Mvc.DefaultControllerFactory.GetControllerInstance(RequestContext requestContext, Type controllerType)
   at System.Web.Mvc.MvcHandler.ProcessRequestInit(HttpContextBase httpContext, IController& controller, IControllerFactory& factory)
   at System.Web.Mvc.MvcHandler.BeginProcessRequest(HttpContextBase httpContext, AsyncCallback callback, Object state)
   at System.Web.HttpApplication.CallHandlerExecutionStep.System.Web.HttpApplication.IExecutionStep.Execute()
   at System.Web.HttpApplication.ExecuteStepImpl(IExecutionStep step)
   at System.Web.HttpApplication.ExecuteStep(IExecutionStep step, Boolean& completedSynchronously)
03:16:11.573 PM System.Web.Mvc The controller for path '/Cate/IsPermit' was not found or does not implement IController.
03:16:11.573 PM Stack: at System.Web.Mvc.DefaultControllerFactory.GetControllerInstance(RequestContext requestContext, Type controllerType)
   at System.Web.Mvc.MvcHandler.ProcessRequestInit(HttpContextBase httpContext, IController& controller, IControllerFactory& factory)
   at System.Web.Mvc.MvcHandler.BeginProcessRequest(HttpContextBase httpContext, AsyncCallback callback, Object state)
   at System.Web.HttpApplication.CallHandlerExecutionStep.System.Web.HttpApplication.IExecutionStep.Execute()
   at System.Web.HttpApplication.ExecuteStepImpl(IExecutionStep step)
   at System.Web.HttpApplication.ExecuteStep(IExecutionStep step, Boolean& completedSynchronously)
03:16:12.105 PM System.Web.Mvc The controller for path '/Cate/IsPermit' was not found or does not implement IController.
03:16:12.105 PM Stack: at System.Web.Mvc.DefaultControllerFactory.GetControllerInstance(RequestContext requestContext, Type controllerType)
   at System.Web.Mvc.MvcHandler.ProcessRequestInit(HttpContextBase httpContext, IController& controller, IControllerFactory& factory)
   at System.Web.Mvc.MvcHandler.BeginProcessRequest(HttpContextBase httpContext, AsyncCallback callback, Object state)
   at System.Web.HttpApplication.CallHandlerExecutionStep.System.Web.HttpApplication.IExecutionStep.Execute()
   at System.Web.HttpApplication.ExecuteStepImpl(IExecutionStep step)
   at System.Web.HttpApplication.ExecuteStep(IExecutionStep step, Boolean& completedSynchronously)
03:16:12.120 PM System.Web.Mvc The controller for path '/Cate/IsPermit' was not found or does not implement IController.
03:16:12.120 PM Stack: at System.Web.Mvc.DefaultControllerFactory.GetControllerInstance(RequestContext requestContext, Type controllerType)
   at System.Web.Mvc.MvcHandler.ProcessRequestInit(HttpContextBase httpContext, IController& controller, IControllerFactory& factory)
   at System.Web.Mvc.MvcHandler.BeginProcessRequest(HttpContextBase httpContext, AsyncCallback callback, Object state)
   at System.Web.HttpApplication.CallHandlerExecutionStep.System.Web.HttpApplication.IExecutionStep.Execute()
   at System.Web.HttpApplication.ExecuteStepImpl(IExecutionStep step)
   at System.Web.HttpApplication.ExecuteStep(IExecutionStep step, Boolean& completedSynchronously)
03:16:12.120 PM System.Web.Mvc The controller for path '/Cate/IsPermit' was not found or does not implement IController.
03:16:12.120 PM Stack: at System.Web.Mvc.DefaultControllerFactory.GetControllerInstance(RequestContext requestContext, Type controllerType)
   at System.Web.Mvc.MvcHandler.ProcessRequestInit(HttpContextBase httpContext, IController& controller, IControllerFactory& factory)
   at System.Web.Mvc.MvcHandler.BeginProcessRequest(HttpContextBase httpContext, AsyncCallback callback, Object state)
   at System.Web.HttpApplication.CallHandlerExecutionStep.System.Web.HttpApplication.IExecutionStep.Execute()
   at System.Web.HttpApplication.ExecuteStepImpl(IExecutionStep step)
   at System.Web.HttpApplication.ExecuteStep(IExecutionStep step, Boolean& completedSynchronously)
03:16:12.136 PM System.Web.Mvc The controller for path '/Cate/IsPermit' was not found or does not implement IController.
03:16:12.136 PM Stack: at System.Web.Mvc.DefaultControllerFactory.GetControllerInstance(RequestContext requestContext, Type controllerType)
   at System.Web.Mvc.MvcHandler.ProcessRequestInit(HttpContextBase httpContext, IController& controller, IControllerFactory& factory)
   at System.Web.Mvc.MvcHandler.BeginProcessRequest(HttpContextBase httpContext, AsyncCallback callback, Object state)
   at System.Web.HttpApplication.CallHandlerExecutionStep.System.Web.HttpApplication.IExecutionStep.Execute()
   at System.Web.HttpApplication.ExecuteStepImpl(IExecutionStep step)
   at System.Web.HttpApplication.ExecuteStep(IExecutionStep step, Boolean& completedSynchronously)
03:16:12.136 PM System.Web.Mvc The controller for path '/Cate/IsPermit' was not found or does not implement IController.
03:16:12.136 PM Stack: at System.Web.Mvc.DefaultControllerFactory.GetControllerInstance(RequestContext requestContext, Type controllerType)
   at System.Web.Mvc.MvcHandler.ProcessRequestInit(HttpContextBase httpContext, IController& controller, IControllerFactory& factory)
   at System.Web.Mvc.MvcHandler.BeginProcessRequest(HttpContextBase httpContext, AsyncCallback callback, Object state)
   at System.Web.HttpApplication.CallHandlerExecutionStep.System.Web.HttpApplication.IExecutionStep.Execute()
   at System.Web.HttpApplication.ExecuteStepImpl(IExecutionStep step)
   at System.Web.HttpApplication.ExecuteStep(IExecutionStep step, Boolean& completedSynchronously)
03:16:25.245 PM System.Web.Mvc The controller for path '/Cate/IsPermit' was not found or does not implement IController.
03:16:25.245 PM Stack: at System.Web.Mvc.DefaultControllerFactory.GetControllerInstance(RequestContext requestContext, Type controllerType)
   at System.Web.Mvc.MvcHandler.ProcessRequestInit(HttpContextBase httpContext, IController& controller, IControllerFactory& factory)
   at System.Web.Mvc.MvcHandler.BeginProcessRequest(HttpContextBase httpContext, AsyncCallback callback, Object state)
   at System.Web.HttpApplication.CallHandlerExecutionStep.System.Web.HttpApplication.IExecutionStep.Execute()
   at System.Web.HttpApplication.ExecuteStepImpl(IExecutionStep step)
   at System.Web.HttpApplication.ExecuteStep(IExecutionStep step, Boolean& completedSynchronously)
03:16:25.261 PM System.Web.Mvc The controller for path '/Cate/IsPermit' was not found or does not implement IController.
03:16:25.261 PM Stack: at System.Web.Mvc.DefaultControllerFactory.GetControllerInstance(RequestContext requestContext, Type controllerType)
   at System.Web.Mvc.MvcHandler.ProcessRequestInit(HttpContextBase httpContext, IController& controller, IControllerFactory& factory)
   at System.Web.Mvc.MvcHandler.BeginProcessRequest(HttpContextBase httpContext, AsyncCallback callback, Object state)
   at System.Web.HttpApplication.CallHandlerExecutionStep.System.Web.HttpApplication.IExecutionStep.Execute()
   at System.Web.HttpApplication.ExecuteStepImpl(IExecutionStep step)
   at System.Web.HttpApplication.ExecuteStep(IExecutionStep step, Boolean& completedSynchronously)
03:16:25.261 PM System.Web.Mvc The controller for path '/Cate/IsPermit' was not found or does not implement IController.
03:16:25.261 PM Stack: at System.Web.Mvc.DefaultControllerFactory.GetControllerInstance(RequestContext requestContext, Type controllerType)
   at System.Web.Mvc.MvcHandler.ProcessRequestInit(HttpContextBase httpContext, IController& controller, IControllerFactory& factory)
   at System.Web.Mvc.MvcHandler.BeginProcessRequest(HttpContextBase httpContext, AsyncCallback callback, Object state)
   at System.Web.HttpApplication.CallHandlerExecutionStep.System.Web.HttpApplication.IExecutionStep.Execute()
   at System.Web.HttpApplication.ExecuteStepImpl(IExecutionStep step)
   at System.Web.HttpApplication.ExecuteStep(IExecutionStep step, Boolean& completedSynchronously)
03:16:25.277 PM System.Web.Mvc The controller for path '/Cate/IsPermit' was not found or does not implement IController.
03:16:25.277 PM Stack: at System.Web.Mvc.DefaultControllerFactory.GetControllerInstance(RequestContext requestContext, Type controllerType)
   at System.Web.Mvc.MvcHandler.ProcessRequestInit(HttpContextBase httpContext, IController& controller, IControllerFactory& factory)
   at System.Web.Mvc.MvcHandler.BeginProcessRequest(HttpContextBase httpContext, AsyncCallback callback, Object state)
   at System.Web.HttpApplication.CallHandlerExecutionStep.System.Web.HttpApplication.IExecutionStep.Execute()
   at System.Web.HttpApplication.ExecuteStepImpl(IExecutionStep step)
   at System.Web.HttpApplication.ExecuteStep(IExecutionStep step, Boolean& completedSynchronously)
03:16:25.277 PM System.Web.Mvc The controller for path '/Cate/IsPermit' was not found or does not implement IController.
03:16:25.277 PM Stack: at System.Web.Mvc.DefaultControllerFactory.GetControllerInstance(RequestContext requestContext, Type controllerType)
   at System.Web.Mvc.MvcHandler.ProcessRequestInit(HttpContextBase httpContext, IController& controller, IControllerFactory& factory)
   at System.Web.Mvc.MvcHandler.BeginProcessRequest(HttpContextBase httpContext, AsyncCallback callback, Object state)
   at System.Web.HttpApplication.CallHandlerExecutionStep.System.Web.HttpApplication.IExecutionStep.Execute()
   at System.Web.HttpApplication.ExecuteStepImpl(IExecutionStep step)
   at System.Web.HttpApplication.ExecuteStep(IExecutionStep step, Boolean& completedSynchronously)
03:16:25.292 PM System.Web.Mvc The controller for path '/Cate/IsPermit' was not found or does not implement IController.
03:16:25.292 PM Stack: at System.Web.Mvc.DefaultControllerFactory.GetControllerInstance(RequestContext requestContext, Type controllerType)
   at System.Web.Mvc.MvcHandler.ProcessRequestInit(HttpContextBase httpContext, IController& controller, IControllerFactory& factory)
   at System.Web.Mvc.MvcHandler.BeginProcessRequest(HttpContextBase httpContext, AsyncCallback callback, Object state)
   at System.Web.HttpApplication.CallHandlerExecutionStep.System.Web.HttpApplication.IExecutionStep.Execute()
   at System.Web.HttpApplication.ExecuteStepImpl(IExecutionStep step)
   at System.Web.HttpApplication.ExecuteStep(IExecutionStep step, Boolean& completedSynchronously)
03:16:25.292 PM System.Web.Mvc The controller for path '/Cate/IsPermit' was not found or does not implement IController.
03:16:25.292 PM Stack: at System.Web.Mvc.DefaultControllerFactory.GetControllerInstance(RequestContext requestContext, Type controllerType)
   at System.Web.Mvc.MvcHandler.ProcessRequestInit(HttpContextBase httpContext, IController& controller, IControllerFactory& factory)
   at System.Web.Mvc.MvcHandler.BeginProcessRequest(HttpContextBase httpContext, AsyncCallback callback, Object state)
   at System.Web.HttpApplication.CallHandlerExecutionStep.System.Web.HttpApplication.IExecutionStep.Execute()
   at System.Web.HttpApplication.ExecuteStepImpl(IExecutionStep step)
   at System.Web.HttpApplication.ExecuteStep(IExecutionStep step, Boolean& completedSynchronously)
03:16:25.292 PM System.Web.Mvc The controller for path '/Cate/IsPermit' was not found or does not implement IController.
03:16:25.292 PM Stack: at System.Web.Mvc.DefaultControllerFactory.GetControllerInstance(RequestContext requestContext, Type controllerType)
   at System.Web.Mvc.MvcHandler.ProcessRequestInit(HttpContextBase httpContext, IController& controller, IControllerFactory& factory)
   at System.Web.Mvc.MvcHandler.BeginProcessRequest(HttpContextBase httpContext, AsyncCallback callback, Object state)
   at System.Web.HttpApplication.CallHandlerExecutionStep.System.Web.HttpApplication.IExecutionStep.Execute()
   at System.Web.HttpApplication.ExecuteStepImpl(IExecutionStep step)
   at System.Web.HttpApplication.ExecuteStep(IExecutionStep step, Boolean& completedSynchronously)
03:16:25.308 PM System.Web.Mvc The controller for path '/Cate/IsPermit' was not found or does not implement IController.
03:16:25.308 PM Stack: at System.Web.Mvc.DefaultControllerFactory.GetControllerInstance(RequestContext requestContext, Type controllerType)
   at System.Web.Mvc.MvcHandler.ProcessRequestInit(HttpContextBase httpContext, IController& controller, IControllerFactory& factory)
   at System.Web.Mvc.MvcHandler.BeginProcessRequest(HttpContextBase httpContext, AsyncCallback callback, Object state)
   at System.Web.HttpApplication.CallHandlerExecutionStep.System.Web.HttpApplication.IExecutionStep.Execute()
   at System.Web.HttpApplication.ExecuteStepImpl(IExecutionStep step)
   at System.Web.HttpApplication.ExecuteStep(IExecutionStep step, Boolean& completedSynchronously)
03:16:25.308 PM System.Web.Mvc The controller for path '/Cate/IsPermit' was not found or does not implement IController.
03:16:25.308 PM Stack: at System.Web.Mvc.DefaultControllerFactory.GetControllerInstance(RequestContext requestContext, Type controllerType)
   at System.Web.Mvc.MvcHandler.ProcessRequestInit(HttpContextBase httpContext, IController& controller, IControllerFactory& factory)
   at System.Web.Mvc.MvcHandler.BeginProcessRequest(HttpContextBase httpContext, AsyncCallback callback, Object state)
   at System.Web.HttpApplication.CallHandlerExecutionStep.System.Web.HttpApplication.IExecutionStep.Execute()
   at System.Web.HttpApplication.ExecuteStepImpl(IExecutionStep step)
   at System.Web.HttpApplication.ExecuteStep(IExecutionStep step, Boolean& completedSynchronously)
03:16:25.448 PM System.Web.Mvc The controller for path '/Cate/IsPermit' was not found or does not implement IController.
03:16:25.448 PM Stack: at System.Web.Mvc.DefaultControllerFactory.GetControllerInstance(RequestContext requestContext, Type controllerType)
   at System.Web.Mvc.MvcHandler.ProcessRequestInit(HttpContextBase httpContext, IController& controller, IControllerFactory& factory)
   at System.Web.Mvc.MvcHandler.BeginProcessRequest(HttpContextBase httpContext, AsyncCallback callback, Object state)
   at System.Web.HttpApplication.CallHandlerExecutionStep.System.Web.HttpApplication.IExecutionStep.Execute()
   at System.Web.HttpApplication.ExecuteStepImpl(IExecutionStep step)
   at System.Web.HttpApplication.ExecuteStep(IExecutionStep step, Boolean& completedSynchronously)
03:16:25.464 PM System.Web.Mvc The controller for path '/Cate/IsPermit' was not found or does not implement IController.
03:16:25.464 PM Stack: at System.Web.Mvc.DefaultControllerFactory.GetControllerInstance(RequestContext requestContext, Type controllerType)
   at System.Web.Mvc.MvcHandler.ProcessRequestInit(HttpContextBase httpContext, IController& controller, IControllerFactory& factory)
   at System.Web.Mvc.MvcHandler.BeginProcessRequest(HttpContextBase httpContext, AsyncCallback callback, Object state)
   at System.Web.HttpApplication.CallHandlerExecutionStep.System.Web.HttpApplication.IExecutionStep.Execute()
   at System.Web.HttpApplication.ExecuteStepImpl(IExecutionStep step)
   at System.Web.HttpApplication.ExecuteStep(IExecutionStep step, Boolean& completedSynchronously)
03:16:25.464 PM System.Web.Mvc The controller for path '/Cate/IsPermit' was not found or does not implement IController.
03:16:25.480 PM Stack: at System.Web.Mvc.DefaultControllerFactory.GetControllerInstance(RequestContext requestContext, Type controllerType)
   at System.Web.Mvc.MvcHandler.ProcessRequestInit(HttpContextBase httpContext, IController& controller, IControllerFactory& factory)
   at System.Web.Mvc.MvcHandler.BeginProcessRequest(HttpContextBase httpContext, AsyncCallback callback, Object state)
   at System.Web.HttpApplication.CallHandlerExecutionStep.System.Web.HttpApplication.IExecutionStep.Execute()
   at System.Web.HttpApplication.ExecuteStepImpl(IExecutionStep step)
   at System.Web.HttpApplication.ExecuteStep(IExecutionStep step, Boolean& completedSynchronously)
03:16:25.480 PM System.Web.Mvc The controller for path '/Cate/IsPermit' was not found or does not implement IController.
03:16:25.480 PM Stack: at System.Web.Mvc.DefaultControllerFactory.GetControllerInstance(RequestContext requestContext, Type controllerType)
   at System.Web.Mvc.MvcHandler.ProcessRequestInit(HttpContextBase httpContext, IController& controller, IControllerFactory& factory)
   at System.Web.Mvc.MvcHandler.BeginProcessRequest(HttpContextBase httpContext, AsyncCallback callback, Object state)
   at System.Web.HttpApplication.CallHandlerExecutionStep.System.Web.HttpApplication.IExecutionStep.Execute()
   at System.Web.HttpApplication.ExecuteStepImpl(IExecutionStep step)
   at System.Web.HttpApplication.ExecuteStep(IExecutionStep step, Boolean& completedSynchronously)
03:16:25.480 PM System.Web.Mvc The controller for path '/Cate/IsPermit' was not found or does not implement IController.
03:16:25.480 PM Stack: at System.Web.Mvc.DefaultControllerFactory.GetControllerInstance(RequestContext requestContext, Type controllerType)
   at System.Web.Mvc.MvcHandler.ProcessRequestInit(HttpContextBase httpContext, IController& controller, IControllerFactory& factory)
   at System.Web.Mvc.MvcHandler.BeginProcessRequest(HttpContextBase httpContext, AsyncCallback callback, Object state)
   at System.Web.HttpApplication.CallHandlerExecutionStep.System.Web.HttpApplication.IExecutionStep.Execute()
   at System.Web.HttpApplication.ExecuteStepImpl(IExecutionStep step)
   at System.Web.HttpApplication.ExecuteStep(IExecutionStep step, Boolean& completedSynchronously)
03:16:25.495 PM System.Web.Mvc The controller for path '/Cate/IsPermit' was not found or does not implement IController.
03:16:25.495 PM Stack: at System.Web.Mvc.DefaultControllerFactory.GetControllerInstance(RequestContext requestContext, Type controllerType)
   at System.Web.Mvc.MvcHandler.ProcessRequestInit(HttpContextBase httpContext, IController& controller, IControllerFactory& factory)
   at System.Web.Mvc.MvcHandler.BeginProcessRequest(HttpContextBase httpContext, AsyncCallback callback, Object state)
   at System.Web.HttpApplication.CallHandlerExecutionStep.System.Web.HttpApplication.IExecutionStep.Execute()
   at System.Web.HttpApplication.ExecuteStepImpl(IExecutionStep step)
   at System.Web.HttpApplication.ExecuteStep(IExecutionStep step, Boolean& completedSynchronously)
03:16:25.495 PM System.Web.Mvc The controller for path '/Cate/IsPermit' was not found or does not implement IController.
03:16:25.495 PM Stack: at System.Web.Mvc.DefaultControllerFactory.GetControllerInstance(RequestContext requestContext, Type controllerType)
   at System.Web.Mvc.MvcHandler.ProcessRequestInit(HttpContextBase httpContext, IController& controller, IControllerFactory& factory)
   at System.Web.Mvc.MvcHandler.BeginProcessRequest(HttpContextBase httpContext, AsyncCallback callback, Object state)
   at System.Web.HttpApplication.CallHandlerExecutionStep.System.Web.HttpApplication.IExecutionStep.Execute()
   at System.Web.HttpApplication.ExecuteStepImpl(IExecutionStep step)
   at System.Web.HttpApplication.ExecuteStep(IExecutionStep step, Boolean& completedSynchronously)
03:16:25.511 PM System.Web.Mvc The controller for path '/Cate/IsPermit' was not found or does not implement IController.
03:16:25.511 PM Stack: at System.Web.Mvc.DefaultControllerFactory.GetControllerInstance(RequestContext requestContext, Type controllerType)
   at System.Web.Mvc.MvcHandler.ProcessRequestInit(HttpContextBase httpContext, IController& controller, IControllerFactory& factory)
   at System.Web.Mvc.MvcHandler.BeginProcessRequest(HttpContextBase httpContext, AsyncCallback callback, Object state)
   at System.Web.HttpApplication.CallHandlerExecutionStep.System.Web.HttpApplication.IExecutionStep.Execute()
   at System.Web.HttpApplication.ExecuteStepImpl(IExecutionStep step)
   at System.Web.HttpApplication.ExecuteStep(IExecutionStep step, Boolean& completedSynchronously)
03:16:25.511 PM System.Web.Mvc The controller for path '/Cate/IsPermit' was not found or does not implement IController.
03:16:25.511 PM Stack: at System.Web.Mvc.DefaultControllerFactory.GetControllerInstance(RequestContext requestContext, Type controllerType)
   at System.Web.Mvc.MvcHandler.ProcessRequestInit(HttpContextBase httpContext, IController& controller, IControllerFactory& factory)
   at System.Web.Mvc.MvcHandler.BeginProcessRequest(HttpContextBase httpContext, AsyncCallback callback, Object state)
   at System.Web.HttpApplication.CallHandlerExecutionStep.System.Web.HttpApplication.IExecutionStep.Execute()
   at System.Web.HttpApplication.ExecuteStepImpl(IExecutionStep step)
   at System.Web.HttpApplication.ExecuteStep(IExecutionStep step, Boolean& completedSynchronously)
03:16:25.527 PM System.Web.Mvc The controller for path '/Cate/IsPermit' was not found or does not implement IController.
03:16:25.527 PM Stack: at System.Web.Mvc.DefaultControllerFactory.GetControllerInstance(RequestContext requestContext, Type controllerType)
   at System.Web.Mvc.MvcHandler.ProcessRequestInit(HttpContextBase httpContext, IController& controller, IControllerFactory& factory)
   at System.Web.Mvc.MvcHandler.BeginProcessRequest(HttpContextBase httpContext, AsyncCallback callback, Object state)
   at System.Web.HttpApplication.CallHandlerExecutionStep.System.Web.HttpApplication.IExecutionStep.Execute()
   at System.Web.HttpApplication.ExecuteStepImpl(IExecutionStep step)
   at System.Web.HttpApplication.ExecuteStep(IExecutionStep step, Boolean& completedSynchronously)
03:16:27.292 PM System.Web.Mvc The controller for path '/Cate/IsPermit' was not found or does not implement IController.
03:16:27.292 PM Stack: at System.Web.Mvc.DefaultControllerFactory.GetControllerInstance(RequestContext requestContext, Type controllerType)
   at System.Web.Mvc.MvcHandler.ProcessRequestInit(HttpContextBase httpContext, IController& controller, IControllerFactory& factory)
   at System.Web.Mvc.MvcHandler.BeginProcessRequest(HttpContextBase httpContext, AsyncCallback callback, Object state)
   at System.Web.HttpApplication.CallHandlerExecutionStep.System.Web.HttpApplication.IExecutionStep.Execute()
   at System.Web.HttpApplication.ExecuteStepImpl(IExecutionStep step)
   at System.Web.HttpApplication.ExecuteStep(IExecutionStep step, Boolean& completedSynchronously)
03:16:27.292 PM System.Web.Mvc The controller for path '/Cate/IsPermit' was not found or does not implement IController.
03:16:27.292 PM Stack: at System.Web.Mvc.DefaultControllerFactory.GetControllerInstance(RequestContext requestContext, Type controllerType)
   at System.Web.Mvc.MvcHandler.ProcessRequestInit(HttpContextBase httpContext, IController& controller, IControllerFactory& factory)
   at System.Web.Mvc.MvcHandler.BeginProcessRequest(HttpContextBase httpContext, AsyncCallback callback, Object state)
   at System.Web.HttpApplication.CallHandlerExecutionStep.System.Web.HttpApplication.IExecutionStep.Execute()
   at System.Web.HttpApplication.ExecuteStepImpl(IExecutionStep step)
   at System.Web.HttpApplication.ExecuteStep(IExecutionStep step, Boolean& completedSynchronously)
03:16:27.292 PM System.Web.Mvc The controller for path '/Cate/IsPermit' was not found or does not implement IController.
03:16:27.292 PM Stack: at System.Web.Mvc.DefaultControllerFactory.GetControllerInstance(RequestContext requestContext, Type controllerType)
   at System.Web.Mvc.MvcHandler.ProcessRequestInit(HttpContextBase httpContext, IController& controller, IControllerFactory& factory)
   at System.Web.Mvc.MvcHandler.BeginProcessRequest(HttpContextBase httpContext, AsyncCallback callback, Object state)
   at System.Web.HttpApplication.CallHandlerExecutionStep.System.Web.HttpApplication.IExecutionStep.Execute()
   at System.Web.HttpApplication.ExecuteStepImpl(IExecutionStep step)
   at System.Web.HttpApplication.ExecuteStep(IExecutionStep step, Boolean& completedSynchronously)
03:16:27.308 PM System.Web.Mvc The controller for path '/Cate/IsPermit' was not found or does not implement IController.
03:16:27.308 PM Stack: at System.Web.Mvc.DefaultControllerFactory.GetControllerInstance(RequestContext requestContext, Type controllerType)
   at System.Web.Mvc.MvcHandler.ProcessRequestInit(HttpContextBase httpContext, IController& controller, IControllerFactory& factory)
   at System.Web.Mvc.MvcHandler.BeginProcessRequest(HttpContextBase httpContext, AsyncCallback callback, Object state)
   at System.Web.HttpApplication.CallHandlerExecutionStep.System.Web.HttpApplication.IExecutionStep.Execute()
   at System.Web.HttpApplication.ExecuteStepImpl(IExecutionStep step)
   at System.Web.HttpApplication.ExecuteStep(IExecutionStep step, Boolean& completedSynchronously)
03:16:27.308 PM System.Web.Mvc The controller for path '/Cate/IsPermit' was not found or does not implement IController.
03:16:27.308 PM Stack: at System.Web.Mvc.DefaultControllerFactory.GetControllerInstance(RequestContext requestContext, Type controllerType)
   at System.Web.Mvc.MvcHandler.ProcessRequestInit(HttpContextBase httpContext, IController& controller, IControllerFactory& factory)
   at System.Web.Mvc.MvcHandler.BeginProcessRequest(HttpContextBase httpContext, AsyncCallback callback, Object state)
   at System.Web.HttpApplication.CallHandlerExecutionStep.System.Web.HttpApplication.IExecutionStep.Execute()
   at System.Web.HttpApplication.ExecuteStepImpl(IExecutionStep step)
   at System.Web.HttpApplication.ExecuteStep(IExecutionStep step, Boolean& completedSynchronously)
03:16:27.308 PM System.Web.Mvc The controller for path '/Cate/IsPermit' was not found or does not implement IController.
03:16:27.308 PM Stack: at System.Web.Mvc.DefaultControllerFactory.GetControllerInstance(RequestContext requestContext, Type controllerType)
   at System.Web.Mvc.MvcHandler.ProcessRequestInit(HttpContextBase httpContext, IController& controller, IControllerFactory& factory)
   at System.Web.Mvc.MvcHandler.BeginProcessRequest(HttpContextBase httpContext, AsyncCallback callback, Object state)
   at System.Web.HttpApplication.CallHandlerExecutionStep.System.Web.HttpApplication.IExecutionStep.Execute()
   at System.Web.HttpApplication.ExecuteStepImpl(IExecutionStep step)
   at System.Web.HttpApplication.ExecuteStep(IExecutionStep step, Boolean& completedSynchronously)
03:16:27.324 PM System.Web.Mvc The controller for path '/Cate/IsPermit' was not found or does not implement IController.
03:16:27.324 PM Stack: at System.Web.Mvc.DefaultControllerFactory.GetControllerInstance(RequestContext requestContext, Type controllerType)
   at System.Web.Mvc.MvcHandler.ProcessRequestInit(HttpContextBase httpContext, IController& controller, IControllerFactory& factory)
   at System.Web.Mvc.MvcHandler.BeginProcessRequest(HttpContextBase httpContext, AsyncCallback callback, Object state)
   at System.Web.HttpApplication.CallHandlerExecutionStep.System.Web.HttpApplication.IExecutionStep.Execute()
   at System.Web.HttpApplication.ExecuteStepImpl(IExecutionStep step)
   at System.Web.HttpApplication.ExecuteStep(IExecutionStep step, Boolean& completedSynchronously)
03:16:27.324 PM System.Web.Mvc The controller for path '/Cate/IsPermit' was not found or does not implement IController.
03:16:27.324 PM Stack: at System.Web.Mvc.DefaultControllerFactory.GetControllerInstance(RequestContext requestContext, Type controllerType)
   at System.Web.Mvc.MvcHandler.ProcessRequestInit(HttpContextBase httpContext, IController& controller, IControllerFactory& factory)
   at System.Web.Mvc.MvcHandler.BeginProcessRequest(HttpContextBase httpContext, AsyncCallback callback, Object state)
   at System.Web.HttpApplication.CallHandlerExecutionStep.System.Web.HttpApplication.IExecutionStep.Execute()
   at System.Web.HttpApplication.ExecuteStepImpl(IExecutionStep step)
   at System.Web.HttpApplication.ExecuteStep(IExecutionStep step, Boolean& completedSynchronously)
03:16:27.324 PM System.Web.Mvc The controller for path '/Cate/IsPermit' was not found or does not implement IController.
03:16:27.324 PM Stack: at System.Web.Mvc.DefaultControllerFactory.GetControllerInstance(RequestContext requestContext, Type controllerType)
   at System.Web.Mvc.MvcHandler.ProcessRequestInit(HttpContextBase httpContext, IController& controller, IControllerFactory& factory)
   at System.Web.Mvc.MvcHandler.BeginProcessRequest(HttpContextBase httpContext, AsyncCallback callback, Object state)
   at System.Web.HttpApplication.CallHandlerExecutionStep.System.Web.HttpApplication.IExecutionStep.Execute()
   at System.Web.HttpApplication.ExecuteStepImpl(IExecutionStep step)
   at System.Web.HttpApplication.ExecuteStep(IExecutionStep step, Boolean& completedSynchronously)
03:16:27.339 PM System.Web.Mvc The controller for path '/Cate/IsPermit' was not found or does not implement IController.
03:16:27.339 PM Stack: at System.Web.Mvc.DefaultControllerFactory.GetControllerInstance(RequestContext requestContext, Type controllerType)
   at System.Web.Mvc.MvcHandler.ProcessRequestInit(HttpContextBase httpContext, IController& controller, IControllerFactory& factory)
   at System.Web.Mvc.MvcHandler.BeginProcessRequest(HttpContextBase httpContext, AsyncCallback callback, Object state)
   at System.Web.HttpApplication.CallHandlerExecutionStep.System.Web.HttpApplication.IExecutionStep.Execute()
   at System.Web.HttpApplication.ExecuteStepImpl(IExecutionStep step)
   at System.Web.HttpApplication.ExecuteStep(IExecutionStep step, Boolean& completedSynchronously)
03:16:43.245 PM System.Web.Mvc The controller for path '/Cate/IsPermit' was not found or does not implement IController.
03:16:43.245 PM Stack: at System.Web.Mvc.DefaultControllerFactory.GetControllerInstance(RequestContext requestContext, Type controllerType)
   at System.Web.Mvc.MvcHandler.ProcessRequestInit(HttpContextBase httpContext, IController& controller, IControllerFactory& factory)
   at System.Web.Mvc.MvcHandler.BeginProcessRequest(HttpContextBase httpContext, AsyncCallback callback, Object state)
   at System.Web.HttpApplication.CallHandlerExecutionStep.System.Web.HttpApplication.IExecutionStep.Execute()
   at System.Web.HttpApplication.ExecuteStepImpl(IExecutionStep step)
   at System.Web.HttpApplication.ExecuteStep(IExecutionStep step, Boolean& completedSynchronously)
03:16:43.245 PM System.Web.Mvc The controller for path '/Cate/IsPermit' was not found or does not implement IController.
03:16:43.245 PM Stack: at System.Web.Mvc.DefaultControllerFactory.GetControllerInstance(RequestContext requestContext, Type controllerType)
   at System.Web.Mvc.MvcHandler.ProcessRequestInit(HttpContextBase httpContext, IController& controller, IControllerFactory& factory)
   at System.Web.Mvc.MvcHandler.BeginProcessRequest(HttpContextBase httpContext, AsyncCallback callback, Object state)
   at System.Web.HttpApplication.CallHandlerExecutionStep.System.Web.HttpApplication.IExecutionStep.Execute()
   at System.Web.HttpApplication.ExecuteStepImpl(IExecutionStep step)
   at System.Web.HttpApplication.ExecuteStep(IExecutionStep step, Boolean& completedSynchronously)
03:16:45.949 PM System.Web.Mvc The controller for path '/Cate/IsPermit' was not found or does not implement IController.
03:16:45.949 PM Stack: at System.Web.Mvc.DefaultControllerFactory.GetControllerInstance(RequestContext requestContext, Type controllerType)
   at System.Web.Mvc.MvcHandler.ProcessRequestInit(HttpContextBase httpContext, IController& controller, IControllerFactory& factory)
   at System.Web.Mvc.MvcHandler.BeginProcessRequest(HttpContextBase httpContext, AsyncCallback callback, Object state)
   at System.Web.HttpApplication.CallHandlerExecutionStep.System.Web.HttpApplication.IExecutionStep.Execute()
   at System.Web.HttpApplication.ExecuteStepImpl(IExecutionStep step)
   at System.Web.HttpApplication.ExecuteStep(IExecutionStep step, Boolean& completedSynchronously)
03:16:45.964 PM System.Web.Mvc The controller for path '/Cate/IsPermit' was not found or does not implement IController.
03:16:45.964 PM Stack: at System.Web.Mvc.DefaultControllerFactory.GetControllerInstance(RequestContext requestContext, Type controllerType)
   at System.Web.Mvc.MvcHandler.ProcessRequestInit(HttpContextBase httpContext, IController& controller, IControllerFactory& factory)
   at System.Web.Mvc.MvcHandler.BeginProcessRequest(HttpContextBase httpContext, AsyncCallback callback, Object state)
   at System.Web.HttpApplication.CallHandlerExecutionStep.System.Web.HttpApplication.IExecutionStep.Execute()
   at System.Web.HttpApplication.ExecuteStepImpl(IExecutionStep step)
   at System.Web.HttpApplication.ExecuteStep(IExecutionStep step, Boolean& completedSynchronously)
03:16:45.964 PM System.Web.Mvc The controller for path '/Cate/IsPermit' was not found or does not implement IController.
03:16:45.964 PM Stack: at System.Web.Mvc.DefaultControllerFactory.GetControllerInstance(RequestContext requestContext, Type controllerType)
   at System.Web.Mvc.MvcHandler.ProcessRequestInit(HttpContextBase httpContext, IController& controller, IControllerFactory& factory)
   at System.Web.Mvc.MvcHandler.BeginProcessRequest(HttpContextBase httpContext, AsyncCallback callback, Object state)
   at System.Web.HttpApplication.CallHandlerExecutionStep.System.Web.HttpApplication.IExecutionStep.Execute()
   at System.Web.HttpApplication.ExecuteStepImpl(IExecutionStep step)
   at System.Web.HttpApplication.ExecuteStep(IExecutionStep step, Boolean& completedSynchronously)
03:16:46.480 PM System.Web.Mvc The controller for path '/Cate/IsPermit' was not found or does not implement IController.
03:16:46.480 PM Stack: at System.Web.Mvc.DefaultControllerFactory.GetControllerInstance(RequestContext requestContext, Type controllerType)
   at System.Web.Mvc.MvcHandler.ProcessRequestInit(HttpContextBase httpContext, IController& controller, IControllerFactory& factory)
   at System.Web.Mvc.MvcHandler.BeginProcessRequest(HttpContextBase httpContext, AsyncCallback callback, Object state)
   at System.Web.HttpApplication.CallHandlerExecutionStep.System.Web.HttpApplication.IExecutionStep.Execute()
   at System.Web.HttpApplication.ExecuteStepImpl(IExecutionStep step)
   at System.Web.HttpApplication.ExecuteStep(IExecutionStep step, Boolean& completedSynchronously)
03:16:46.480 PM System.Web.Mvc The controller for path '/Cate/IsPermit' was not found or does not implement IController.
03:16:46.480 PM Stack: at System.Web.Mvc.DefaultControllerFactory.GetControllerInstance(RequestContext requestContext, Type controllerType)
   at System.Web.Mvc.MvcHandler.ProcessRequestInit(HttpContextBase httpContext, IController& controller, IControllerFactory& factory)
   at System.Web.Mvc.MvcHandler.BeginProcessRequest(HttpContextBase httpContext, AsyncCallback callback, Object state)
   at System.Web.HttpApplication.CallHandlerExecutionStep.System.Web.HttpApplication.IExecutionStep.Execute()
   at System.Web.HttpApplication.ExecuteStepImpl(IExecutionStep step)
   at System.Web.HttpApplication.ExecuteStep(IExecutionStep step, Boolean& completedSynchronously)
03:16:46.495 PM System.Web.Mvc The controller for path '/Cate/IsPermit' was not found or does not implement IController.
03:16:46.495 PM Stack: at System.Web.Mvc.DefaultControllerFactory.GetControllerInstance(RequestContext requestContext, Type controllerType)
   at System.Web.Mvc.MvcHandler.ProcessRequestInit(HttpContextBase httpContext, IController& controller, IControllerFactory& factory)
   at System.Web.Mvc.MvcHandler.BeginProcessRequest(HttpContextBase httpContext, AsyncCallback callback, Object state)
   at System.Web.HttpApplication.CallHandlerExecutionStep.System.Web.HttpApplication.IExecutionStep.Execute()
   at System.Web.HttpApplication.ExecuteStepImpl(IExecutionStep step)
   at System.Web.HttpApplication.ExecuteStep(IExecutionStep step, Boolean& completedSynchronously)
03:16:46.495 PM System.Web.Mvc The controller for path '/Cate/IsPermit' was not found or does not implement IController.
03:16:46.495 PM Stack: at System.Web.Mvc.DefaultControllerFactory.GetControllerInstance(RequestContext requestContext, Type controllerType)
   at System.Web.Mvc.MvcHandler.ProcessRequestInit(HttpContextBase httpContext, IController& controller, IControllerFactory& factory)
   at System.Web.Mvc.MvcHandler.BeginProcessRequest(HttpContextBase httpContext, AsyncCallback callback, Object state)
   at System.Web.HttpApplication.CallHandlerExecutionStep.System.Web.HttpApplication.IExecutionStep.Execute()
   at System.Web.HttpApplication.ExecuteStepImpl(IExecutionStep step)
   at System.Web.HttpApplication.ExecuteStep(IExecutionStep step, Boolean& completedSynchronously)
03:16:46.511 PM System.Web.Mvc The controller for path '/Cate/IsPermit' was not found or does not implement IController.
03:16:46.511 PM Stack: at System.Web.Mvc.DefaultControllerFactory.GetControllerInstance(RequestContext requestContext, Type controllerType)
   at System.Web.Mvc.MvcHandler.ProcessRequestInit(HttpContextBase httpContext, IController& controller, IControllerFactory& factory)
   at System.Web.Mvc.MvcHandler.BeginProcessRequest(HttpContextBase httpContext, AsyncCallback callback, Object state)
   at System.Web.HttpApplication.CallHandlerExecutionStep.System.Web.HttpApplication.IExecutionStep.Execute()
   at System.Web.HttpApplication.ExecuteStepImpl(IExecutionStep step)
   at System.Web.HttpApplication.ExecuteStep(IExecutionStep step, Boolean& completedSynchronously)
03:16:46.511 PM System.Web.Mvc The controller for path '/Cate/IsPermit' was not found or does not implement IController.
03:16:46.511 PM Stack: at System.Web.Mvc.DefaultControllerFactory.GetControllerInstance(RequestContext requestContext, Type controllerType)
   at System.Web.Mvc.MvcHandler.ProcessRequestInit(HttpContextBase httpContext, IController& controller, IControllerFactory& factory)
   at System.Web.Mvc.MvcHandler.BeginProcessRequest(HttpContextBase httpContext, AsyncCallback callback, Object state)
   at System.Web.HttpApplication.CallHandlerExecutionStep.System.Web.HttpApplication.IExecutionStep.Execute()
   at System.Web.HttpApplication.ExecuteStepImpl(IExecutionStep step)
   at System.Web.HttpApplication.ExecuteStep(IExecutionStep step, Boolean& completedSynchronously)
03:16:46.527 PM System.Web.Mvc The controller for path '/Cate/IsPermit' was not found or does not implement IController.
03:16:46.527 PM Stack: at System.Web.Mvc.DefaultControllerFactory.GetControllerInstance(RequestContext requestContext, Type controllerType)
   at System.Web.Mvc.MvcHandler.ProcessRequestInit(HttpContextBase httpContext, IController& controller, IControllerFactory& factory)
   at System.Web.Mvc.MvcHandler.BeginProcessRequest(HttpContextBase httpContext, AsyncCallback callback, Object state)
   at System.Web.HttpApplication.CallHandlerExecutionStep.System.Web.HttpApplication.IExecutionStep.Execute()
   at System.Web.HttpApplication.ExecuteStepImpl(IExecutionStep step)
   at System.Web.HttpApplication.ExecuteStep(IExecutionStep step, Boolean& completedSynchronously)
03:16:47.074 PM System.Web.Mvc The controller for path '/Cate/IsPermit' was not found or does not implement IController.
03:16:47.074 PM Stack: at System.Web.Mvc.DefaultControllerFactory.GetControllerInstance(RequestContext requestContext, Type controllerType)
   at System.Web.Mvc.MvcHandler.ProcessRequestInit(HttpContextBase httpContext, IController& controller, IControllerFactory& factory)
   at System.Web.Mvc.MvcHandler.BeginProcessRequest(HttpContextBase httpContext, AsyncCallback callback, Object state)
   at System.Web.HttpApplication.CallHandlerExecutionStep.System.Web.HttpApplication.IExecutionStep.Execute()
   at System.Web.HttpApplication.ExecuteStepImpl(IExecutionStep step)
   at System.Web.HttpApplication.ExecuteStep(IExecutionStep step, Boolean& completedSynchronously)
03:16:47.074 PM System.Web.Mvc The controller for path '/Cate/IsPermit' was not found or does not implement IController.
03:16:47.074 PM Stack: at System.Web.Mvc.DefaultControllerFactory.GetControllerInstance(RequestContext requestContext, Type controllerType)
   at System.Web.Mvc.MvcHandler.ProcessRequestInit(HttpContextBase httpContext, IController& controller, IControllerFactory& factory)
   at System.Web.Mvc.MvcHandler.BeginProcessRequest(HttpContextBase httpContext, AsyncCallback callback, Object state)
   at System.Web.HttpApplication.CallHandlerExecutionStep.System.Web.HttpApplication.IExecutionStep.Execute()
   at System.Web.HttpApplication.ExecuteStepImpl(IExecutionStep step)
   at System.Web.HttpApplication.ExecuteStep(IExecutionStep step, Boolean& completedSynchronously)
03:16:47.074 PM System.Web.Mvc The controller for path '/Cate/IsPermit' was not found or does not implement IController.
03:16:47.074 PM Stack: at System.Web.Mvc.DefaultControllerFactory.GetControllerInstance(RequestContext requestContext, Type controllerType)
   at System.Web.Mvc.MvcHandler.ProcessRequestInit(HttpContextBase httpContext, IController& controller, IControllerFactory& factory)
   at System.Web.Mvc.MvcHandler.BeginProcessRequest(HttpContextBase httpContext, AsyncCallback callback, Object state)
   at System.Web.HttpApplication.CallHandlerExecutionStep.System.Web.HttpApplication.IExecutionStep.Execute()
   at System.Web.HttpApplication.ExecuteStepImpl(IExecutionStep step)
   at System.Web.HttpApplication.ExecuteStep(IExecutionStep step, Boolean& completedSynchronously)
03:16:47.089 PM System.Web.Mvc The controller for path '/Cate/IsPermit' was not found or does not implement IController.
03:16:47.089 PM Stack: at System.Web.Mvc.DefaultControllerFactory.GetControllerInstance(RequestContext requestContext, Type controllerType)
   at System.Web.Mvc.MvcHandler.ProcessRequestInit(HttpContextBase httpContext, IController& controller, IControllerFactory& factory)
   at System.Web.Mvc.MvcHandler.BeginProcessRequest(HttpContextBase httpContext, AsyncCallback callback, Object state)
   at System.Web.HttpApplication.CallHandlerExecutionStep.System.Web.HttpApplication.IExecutionStep.Execute()
   at System.Web.HttpApplication.ExecuteStepImpl(IExecutionStep step)
   at System.Web.HttpApplication.ExecuteStep(IExecutionStep step, Boolean& completedSynchronously)
03:16:47.089 PM System.Web.Mvc The controller for path '/Cate/IsPermit' was not found or does not implement IController.
03:16:47.089 PM Stack: at System.Web.Mvc.DefaultControllerFactory.GetControllerInstance(RequestContext requestContext, Type controllerType)
   at System.Web.Mvc.MvcHandler.ProcessRequestInit(HttpContextBase httpContext, IController& controller, IControllerFactory& factory)
   at System.Web.Mvc.MvcHandler.BeginProcessRequest(HttpContextBase httpContext, AsyncCallback callback, Object state)
   at System.Web.HttpApplication.CallHandlerExecutionStep.System.Web.HttpApplication.IExecutionStep.Execute()
   at System.Web.HttpApplication.ExecuteStepImpl(IExecutionStep step)
   at System.Web.HttpApplication.ExecuteStep(IExecutionStep step, Boolean& completedSynchronously)
03:16:47.105 PM System.Web.Mvc The controller for path '/Cate/IsPermit' was not found or does not implement IController.
03:16:47.105 PM Stack: at System.Web.Mvc.DefaultControllerFactory.GetControllerInstance(RequestContext requestContext, Type controllerType)
   at System.Web.Mvc.MvcHandler.ProcessRequestInit(HttpContextBase httpContext, IController& controller, IControllerFactory& factory)
   at System.Web.Mvc.MvcHandler.BeginProcessRequest(HttpContextBase httpContext, AsyncCallback callback, Object state)
   at System.Web.HttpApplication.CallHandlerExecutionStep.System.Web.HttpApplication.IExecutionStep.Execute()
   at System.Web.HttpApplication.ExecuteStepImpl(IExecutionStep step)
   at System.Web.HttpApplication.ExecuteStep(IExecutionStep step, Boolean& completedSynchronously)
03:16:47.105 PM System.Web.Mvc The controller for path '/Cate/IsPermit' was not found or does not implement IController.
03:16:47.105 PM Stack: at System.Web.Mvc.DefaultControllerFactory.GetControllerInstance(RequestContext requestContext, Type controllerType)
   at System.Web.Mvc.MvcHandler.ProcessRequestInit(HttpContextBase httpContext, IController& controller, IControllerFactory& factory)
   at System.Web.Mvc.MvcHandler.BeginProcessRequest(HttpContextBase httpContext, AsyncCallback callback, Object state)
   at System.Web.HttpApplication.CallHandlerExecutionStep.System.Web.HttpApplication.IExecutionStep.Execute()
   at System.Web.HttpApplication.ExecuteStepImpl(IExecutionStep step)
   at System.Web.HttpApplication.ExecuteStep(IExecutionStep step, Boolean& completedSynchronously)
03:16:47.120 PM System.Web.Mvc The controller for path '/Cate/IsPermit' was not found or does not implement IController.
03:16:47.120 PM Stack: at System.Web.Mvc.DefaultControllerFactory.GetControllerInstance(RequestContext requestContext, Type controllerType)
   at System.Web.Mvc.MvcHandler.ProcessRequestInit(HttpContextBase httpContext, IController& controller, IControllerFactory& factory)
   at System.Web.Mvc.MvcHandler.BeginProcessRequest(HttpContextBase httpContext, AsyncCallback callback, Object state)
   at System.Web.HttpApplication.CallHandlerExecutionStep.System.Web.HttpApplication.IExecutionStep.Execute()
   at System.Web.HttpApplication.ExecuteStepImpl(IExecutionStep step)
   at System.Web.HttpApplication.ExecuteStep(IExecutionStep step, Boolean& completedSynchronously)
03:16:47.120 PM System.Web.Mvc The controller for path '/Cate/IsPermit' was not found or does not implement IController.
03:16:47.120 PM Stack: at System.Web.Mvc.DefaultControllerFactory.GetControllerInstance(RequestContext requestContext, Type controllerType)
   at System.Web.Mvc.MvcHandler.ProcessRequestInit(HttpContextBase httpContext, IController& controller, IControllerFactory& factory)
   at System.Web.Mvc.MvcHandler.BeginProcessRequest(HttpContextBase httpContext, AsyncCallback callback, Object state)
   at System.Web.HttpApplication.CallHandlerExecutionStep.System.Web.HttpApplication.IExecutionStep.Execute()
   at System.Web.HttpApplication.ExecuteStepImpl(IExecutionStep step)
   at System.Web.HttpApplication.ExecuteStep(IExecutionStep step, Boolean& completedSynchronously)
03:16:47.136 PM System.Web.Mvc The controller for path '/Cate/IsPermit' was not found or does not implement IController.
03:16:47.136 PM Stack: at System.Web.Mvc.DefaultControllerFactory.GetControllerInstance(RequestContext requestContext, Type controllerType)
   at System.Web.Mvc.MvcHandler.ProcessRequestInit(HttpContextBase httpContext, IController& controller, IControllerFactory& factory)
   at System.Web.Mvc.MvcHandler.BeginProcessRequest(HttpContextBase httpContext, AsyncCallback callback, Object state)
   at System.Web.HttpApplication.CallHandlerExecutionStep.System.Web.HttpApplication.IExecutionStep.Execute()
   at System.Web.HttpApplication.ExecuteStepImpl(IExecutionStep step)
   at System.Web.HttpApplication.ExecuteStep(IExecutionStep step, Boolean& completedSynchronously)
03:17:43.058 PM System.Web.Mvc The controller for path '/Cate/IsPermit' was not found or does not implement IController.
03:17:43.058 PM Stack: at System.Web.Mvc.DefaultControllerFactory.GetControllerInstance(RequestContext requestContext, Type controllerType)
   at System.Web.Mvc.MvcHandler.ProcessRequestInit(HttpContextBase httpContext, IController& controller, IControllerFactory& factory)
   at System.Web.Mvc.MvcHandler.BeginProcessRequest(HttpContextBase httpContext, AsyncCallback callback, Object state)
   at System.Web.HttpApplication.CallHandlerExecutionStep.System.Web.HttpApplication.IExecutionStep.Execute()
   at System.Web.HttpApplication.ExecuteStepImpl(IExecutionStep step)
   at System.Web.HttpApplication.ExecuteStep(IExecutionStep step, Boolean& completedSynchronously)
03:17:43.058 PM System.Web.Mvc The controller for path '/Cate/IsPermit' was not found or does not implement IController.
03:17:43.058 PM Stack: at System.Web.Mvc.DefaultControllerFactory.GetControllerInstance(RequestContext requestContext, Type controllerType)
   at System.Web.Mvc.MvcHandler.ProcessRequestInit(HttpContextBase httpContext, IController& controller, IControllerFactory& factory)
   at System.Web.Mvc.MvcHandler.BeginProcessRequest(HttpContextBase httpContext, AsyncCallback callback, Object state)
   at System.Web.HttpApplication.CallHandlerExecutionStep.System.Web.HttpApplication.IExecutionStep.Execute()
   at System.Web.HttpApplication.ExecuteStepImpl(IExecutionStep step)
   at System.Web.HttpApplication.ExecuteStep(IExecutionStep step, Boolean& completedSynchronously)
03:17:43.058 PM System.Web.Mvc The controller for path '/Cate/IsPermit' was not found or does not implement IController.
03:17:43.058 PM Stack: at System.Web.Mvc.DefaultControllerFactory.GetControllerInstance(RequestContext requestContext, Type controllerType)
   at System.Web.Mvc.MvcHandler.ProcessRequestInit(HttpContextBase httpContext, IController& controller, IControllerFactory& factory)
   at System.Web.Mvc.MvcHandler.BeginProcessRequest(HttpContextBase httpContext, AsyncCallback callback, Object state)
   at System.Web.HttpApplication.CallHandlerExecutionStep.System.Web.HttpApplication.IExecutionStep.Execute()
   at System.Web.HttpApplication.ExecuteStepImpl(IExecutionStep step)
   at System.Web.HttpApplication.ExecuteStep(IExecutionStep step, Boolean& completedSynchronously)
03:17:43.074 PM System.Web.Mvc The controller for path '/Cate/IsPermit' was not found or does not implement IController.
03:17:43.074 PM Stack: at System.Web.Mvc.DefaultControllerFactory.GetControllerInstance(RequestContext requestContext, Type controllerType)
   at System.Web.Mvc.MvcHandler.ProcessRequestInit(HttpContextBase httpContext, IController& controller, IControllerFactory& factory)
   at System.Web.Mvc.MvcHandler.BeginProcessRequest(HttpContextBase httpContext, AsyncCallback callback, Object state)
   at System.Web.HttpApplication.CallHandlerExecutionStep.System.Web.HttpApplication.IExecutionStep.Execute()
   at System.Web.HttpApplication.ExecuteStepImpl(IExecutionStep step)
   at System.Web.HttpApplication.ExecuteStep(IExecutionStep step, Boolean& completedSynchronously)
03:17:57.574 PM System.Web.Mvc The controller for path '/Cate/IsPermit' was not found or does not implement IController.
03:17:57.574 PM Stack: at System.Web.Mvc.DefaultControllerFactory.GetControllerInstance(RequestContext requestContext, Type controllerType)
   at System.Web.Mvc.MvcHandler.ProcessRequestInit(HttpContextBase httpContext, IController& controller, IControllerFactory& factory)
   at System.Web.Mvc.MvcHandler.BeginProcessRequest(HttpContextBase httpContext, AsyncCallback callback, Object state)
   at System.Web.HttpApplication.CallHandlerExecutionStep.System.Web.HttpApplication.IExecutionStep.Execute()
   at System.Web.HttpApplication.ExecuteStepImpl(IExecutionStep step)
   at System.Web.HttpApplication.ExecuteStep(IExecutionStep step, Boolean& completedSynchronously)
03:17:57.574 PM System.Web.Mvc The controller for path '/Cate/IsPermit' was not found or does not implement IController.
03:17:57.574 PM Stack: at System.Web.Mvc.DefaultControllerFactory.GetControllerInstance(RequestContext requestContext, Type controllerType)
   at System.Web.Mvc.MvcHandler.ProcessRequestInit(HttpContextBase httpContext, IController& controller, IControllerFactory& factory)
   at System.Web.Mvc.MvcHandler.BeginProcessRequest(HttpContextBase httpContext, AsyncCallback callback, Object state)
   at System.Web.HttpApplication.CallHandlerExecutionStep.System.Web.HttpApplication.IExecutionStep.Execute()
   at System.Web.HttpApplication.ExecuteStepImpl(IExecutionStep step)
   at System.Web.HttpApplication.ExecuteStep(IExecutionStep step, Boolean& completedSynchronously)
03:17:59.152 PM System.Web.Mvc The controller for path '/Cate/IsPermit' was not found or does not implement IController.
03:17:59.152 PM Stack: at System.Web.Mvc.DefaultControllerFactory.GetControllerInstance(RequestContext requestContext, Type controllerType)
   at System.Web.Mvc.MvcHandler.ProcessRequestInit(HttpContextBase httpContext, IController& controller, IControllerFactory& factory)
   at System.Web.Mvc.MvcHandler.BeginProcessRequest(HttpContextBase httpContext, AsyncCallback callback, Object state)
   at System.Web.HttpApplication.CallHandlerExecutionStep.System.Web.HttpApplication.IExecutionStep.Execute()
   at System.Web.HttpApplication.ExecuteStepImpl(IExecutionStep step)
   at System.Web.HttpApplication.ExecuteStep(IExecutionStep step, Boolean& completedSynchronously)
03:17:59.152 PM System.Web.Mvc The controller for path '/Cate/IsPermit' was not found or does not implement IController.
03:17:59.152 PM Stack: at System.Web.Mvc.DefaultControllerFactory.GetControllerInstance(RequestContext requestContext, Type controllerType)
   at System.Web.Mvc.MvcHandler.ProcessRequestInit(HttpContextBase httpContext, IController& controller, IControllerFactory& factory)
   at System.Web.Mvc.MvcHandler.BeginProcessRequest(HttpContextBase httpContext, AsyncCallback callback, Object state)
   at System.Web.HttpApplication.CallHandlerExecutionStep.System.Web.HttpApplication.IExecutionStep.Execute()
   at System.Web.HttpApplication.ExecuteStepImpl(IExecutionStep step)
   at System.Web.HttpApplication.ExecuteStep(IExecutionStep step, Boolean& completedSynchronously)
03:17:59.167 PM System.Web.Mvc The controller for path '/Cate/IsPermit' was not found or does not implement IController.
03:17:59.167 PM Stack: at System.Web.Mvc.DefaultControllerFactory.GetControllerInstance(RequestContext requestContext, Type controllerType)
   at System.Web.Mvc.MvcHandler.ProcessRequestInit(HttpContextBase httpContext, IController& controller, IControllerFactory& factory)
   at System.Web.Mvc.MvcHandler.BeginProcessRequest(HttpContextBase httpContext, AsyncCallback callback, Object state)
   at System.Web.HttpApplication.CallHandlerExecutionStep.System.Web.HttpApplication.IExecutionStep.Execute()
   at System.Web.HttpApplication.ExecuteStepImpl(IExecutionStep step)
   at System.Web.HttpApplication.ExecuteStep(IExecutionStep step, Boolean& completedSynchronously)
03:17:59.167 PM System.Web.Mvc The controller for path '/Cate/IsPermit' was not found or does not implement IController.
03:17:59.167 PM Stack: at System.Web.Mvc.DefaultControllerFactory.GetControllerInstance(RequestContext requestContext, Type controllerType)
   at System.Web.Mvc.MvcHandler.ProcessRequestInit(HttpContextBase httpContext, IController& controller, IControllerFactory& factory)
   at System.Web.Mvc.MvcHandler.BeginProcessRequest(HttpContextBase httpContext, AsyncCallback callback, Object state)
   at System.Web.HttpApplication.CallHandlerExecutionStep.System.Web.HttpApplication.IExecutionStep.Execute()
   at System.Web.HttpApplication.ExecuteStepImpl(IExecutionStep step)
   at System.Web.HttpApplication.ExecuteStep(IExecutionStep step, Boolean& completedSynchronously)
03:17:59.183 PM System.Web.Mvc The controller for path '/Cate/IsPermit' was not found or does not implement IController.
03:17:59.183 PM Stack: at System.Web.Mvc.DefaultControllerFactory.GetControllerInstance(RequestContext requestContext, Type controllerType)
   at System.Web.Mvc.MvcHandler.ProcessRequestInit(HttpContextBase httpContext, IController& controller, IControllerFactory& factory)
   at System.Web.Mvc.MvcHandler.BeginProcessRequest(HttpContextBase httpContext, AsyncCallback callback, Object state)
   at System.Web.HttpApplication.CallHandlerExecutionStep.System.Web.HttpApplication.IExecutionStep.Execute()
   at System.Web.HttpApplication.ExecuteStepImpl(IExecutionStep step)
   at System.Web.HttpApplication.ExecuteStep(IExecutionStep step, Boolean& completedSynchronously)
03:17:59.183 PM System.Web.Mvc The controller for path '/Cate/IsPermit' was not found or does not implement IController.
03:17:59.183 PM Stack: at System.Web.Mvc.DefaultControllerFactory.GetControllerInstance(RequestContext requestContext, Type controllerType)
   at System.Web.Mvc.MvcHandler.ProcessRequestInit(HttpContextBase httpContext, IController& controller, IControllerFactory& factory)
   at System.Web.Mvc.MvcHandler.BeginProcessRequest(HttpContextBase httpContext, AsyncCallback callback, Object state)
   at System.Web.HttpApplication.CallHandlerExecutionStep.System.Web.HttpApplication.IExecutionStep.Execute()
   at System.Web.HttpApplication.ExecuteStepImpl(IExecutionStep step)
   at System.Web.HttpApplication.ExecuteStep(IExecutionStep step, Boolean& completedSynchronously)
03:17:59.199 PM System.Web.Mvc The controller for path '/Cate/IsPermit' was not found or does not implement IController.
03:17:59.199 PM Stack: at System.Web.Mvc.DefaultControllerFactory.GetControllerInstance(RequestContext requestContext, Type controllerType)
   at System.Web.Mvc.MvcHandler.ProcessRequestInit(HttpContextBase httpContext, IController& controller, IControllerFactory& factory)
   at System.Web.Mvc.MvcHandler.BeginProcessRequest(HttpContextBase httpContext, AsyncCallback callback, Object state)
   at System.Web.HttpApplication.CallHandlerExecutionStep.System.Web.HttpApplication.IExecutionStep.Execute()
   at System.Web.HttpApplication.ExecuteStepImpl(IExecutionStep step)
   at System.Web.HttpApplication.ExecuteStep(IExecutionStep step, Boolean& completedSynchronously)
03:17:59.214 PM System.Web.Mvc The controller for path '/Cate/IsPermit' was not found or does not implement IController.
03:17:59.214 PM Stack: at System.Web.Mvc.DefaultControllerFactory.GetControllerInstance(RequestContext requestContext, Type controllerType)
   at System.Web.Mvc.MvcHandler.ProcessRequestInit(HttpContextBase httpContext, IController& controller, IControllerFactory& factory)
   at System.Web.Mvc.MvcHandler.BeginProcessRequest(HttpContextBase httpContext, AsyncCallback callback, Object state)
   at System.Web.HttpApplication.CallHandlerExecutionStep.System.Web.HttpApplication.IExecutionStep.Execute()
   at System.Web.HttpApplication.ExecuteStepImpl(IExecutionStep step)
   at System.Web.HttpApplication.ExecuteStep(IExecutionStep step, Boolean& completedSynchronously)
03:18:09.371 PM System.Web.Mvc The controller for path '/Cate/IsPermit' was not found or does not implement IController.
03:18:09.371 PM Stack: at System.Web.Mvc.DefaultControllerFactory.GetControllerInstance(RequestContext requestContext, Type controllerType)
   at System.Web.Mvc.MvcHandler.ProcessRequestInit(HttpContextBase httpContext, IController& controller, IControllerFactory& factory)
   at System.Web.Mvc.MvcHandler.BeginProcessRequest(HttpContextBase httpContext, AsyncCallback callback, Object state)
   at System.Web.HttpApplication.CallHandlerExecutionStep.System.Web.HttpApplication.IExecutionStep.Execute()
   at System.Web.HttpApplication.ExecuteStepImpl(IExecutionStep step)
   at System.Web.HttpApplication.ExecuteStep(IExecutionStep step, Boolean& completedSynchronously)
03:18:09.371 PM System.Web.Mvc The controller for path '/Cate/IsPermit' was not found or does not implement IController.
03:18:09.371 PM Stack: at System.Web.Mvc.DefaultControllerFactory.GetControllerInstance(RequestContext requestContext, Type controllerType)
   at System.Web.Mvc.MvcHandler.ProcessRequestInit(HttpContextBase httpContext, IController& controller, IControllerFactory& factory)
   at System.Web.Mvc.MvcHandler.BeginProcessRequest(HttpContextBase httpContext, AsyncCallback callback, Object state)
   at System.Web.HttpApplication.CallHandlerExecutionStep.System.Web.HttpApplication.IExecutionStep.Execute()
   at System.Web.HttpApplication.ExecuteStepImpl(IExecutionStep step)
   at System.Web.HttpApplication.ExecuteStep(IExecutionStep step, Boolean& completedSynchronously)
03:18:09.386 PM System.Web.Mvc The controller for path '/Cate/IsPermit' was not found or does not implement IController.
03:18:09.386 PM Stack: at System.Web.Mvc.DefaultControllerFactory.GetControllerInstance(RequestContext requestContext, Type controllerType)
   at System.Web.Mvc.MvcHandler.ProcessRequestInit(HttpContextBase httpContext, IController& controller, IControllerFactory& factory)
   at System.Web.Mvc.MvcHandler.BeginProcessRequest(HttpContextBase httpContext, AsyncCallback callback, Object state)
   at System.Web.HttpApplication.CallHandlerExecutionStep.System.Web.HttpApplication.IExecutionStep.Execute()
   at System.Web.HttpApplication.ExecuteStepImpl(IExecutionStep step)
   at System.Web.HttpApplication.ExecuteStep(IExecutionStep step, Boolean& completedSynchronously)
03:18:09.386 PM System.Web.Mvc The controller for path '/Cate/IsPermit' was not found or does not implement IController.
03:18:09.386 PM Stack: at System.Web.Mvc.DefaultControllerFactory.GetControllerInstance(RequestContext requestContext, Type controllerType)
   at System.Web.Mvc.MvcHandler.ProcessRequestInit(HttpContextBase httpContext, IController& controller, IControllerFactory& factory)
   at System.Web.Mvc.MvcHandler.BeginProcessRequest(HttpContextBase httpContext, AsyncCallback callback, Object state)
   at System.Web.HttpApplication.CallHandlerExecutionStep.System.Web.HttpApplication.IExecutionStep.Execute()
   at System.Web.HttpApplication.ExecuteStepImpl(IExecutionStep step)
   at System.Web.HttpApplication.ExecuteStep(IExecutionStep step, Boolean& completedSynchronously)
03:18:09.402 PM System.Web.Mvc The controller for path '/Cate/IsPermit' was not found or does not implement IController.
03:18:09.402 PM Stack: at System.Web.Mvc.DefaultControllerFactory.GetControllerInstance(RequestContext requestContext, Type controllerType)
   at System.Web.Mvc.MvcHandler.ProcessRequestInit(HttpContextBase httpContext, IController& controller, IControllerFactory& factory)
   at System.Web.Mvc.MvcHandler.BeginProcessRequest(HttpContextBase httpContext, AsyncCallback callback, Object state)
   at System.Web.HttpApplication.CallHandlerExecutionStep.System.Web.HttpApplication.IExecutionStep.Execute()
   at System.Web.HttpApplication.ExecuteStepImpl(IExecutionStep step)
   at System.Web.HttpApplication.ExecuteStep(IExecutionStep step, Boolean& completedSynchronously)
03:18:09.402 PM System.Web.Mvc The controller for path '/Cate/IsPermit' was not found or does not implement IController.
03:18:09.402 PM Stack: at System.Web.Mvc.DefaultControllerFactory.GetControllerInstance(RequestContext requestContext, Type controllerType)
   at System.Web.Mvc.MvcHandler.ProcessRequestInit(HttpContextBase httpContext, IController& controller, IControllerFactory& factory)
   at System.Web.Mvc.MvcHandler.BeginProcessRequest(HttpContextBase httpContext, AsyncCallback callback, Object state)
   at System.Web.HttpApplication.CallHandlerExecutionStep.System.Web.HttpApplication.IExecutionStep.Execute()
   at System.Web.HttpApplication.ExecuteStepImpl(IExecutionStep step)
   at System.Web.HttpApplication.ExecuteStep(IExecutionStep step, Boolean& completedSynchronously)
03:18:09.402 PM System.Web.Mvc The controller for path '/Cate/IsPermit' was not found or does not implement IController.
03:18:09.402 PM Stack: at System.Web.Mvc.DefaultControllerFactory.GetControllerInstance(RequestContext requestContext, Type controllerType)
   at System.Web.Mvc.MvcHandler.ProcessRequestInit(HttpContextBase httpContext, IController& controller, IControllerFactory& factory)
   at System.Web.Mvc.MvcHandler.BeginProcessRequest(HttpContextBase httpContext, AsyncCallback callback, Object state)
   at System.Web.HttpApplication.CallHandlerExecutionStep.System.Web.HttpApplication.IExecutionStep.Execute()
   at System.Web.HttpApplication.ExecuteStepImpl(IExecutionStep step)
   at System.Web.HttpApplication.ExecuteStep(IExecutionStep step, Boolean& completedSynchronously)
03:18:09.417 PM System.Web.Mvc The controller for path '/Cate/IsPermit' was not found or does not implement IController.
03:18:09.417 PM Stack: at System.Web.Mvc.DefaultControllerFactory.GetControllerInstance(RequestContext requestContext, Type controllerType)
   at System.Web.Mvc.MvcHandler.ProcessRequestInit(HttpContextBase httpContext, IController& controller, IControllerFactory& factory)
   at System.Web.Mvc.MvcHandler.BeginProcessRequest(HttpContextBase httpContext, AsyncCallback callback, Object state)
   at System.Web.HttpApplication.CallHandlerExecutionStep.System.Web.HttpApplication.IExecutionStep.Execute()
   at System.Web.HttpApplication.ExecuteStepImpl(IExecutionStep step)
   at System.Web.HttpApplication.ExecuteStep(IExecutionStep step, Boolean& completedSynchronously)
03:18:09.433 PM System.Web.Mvc The controller for path '/Cate/IsPermit' was not found or does not implement IController.
03:18:09.433 PM Stack: at System.Web.Mvc.DefaultControllerFactory.GetControllerInstance(RequestContext requestContext, Type controllerType)
   at System.Web.Mvc.MvcHandler.ProcessRequestInit(HttpContextBase httpContext, IController& controller, IControllerFactory& factory)
   at System.Web.Mvc.MvcHandler.BeginProcessRequest(HttpContextBase httpContext, AsyncCallback callback, Object state)
   at System.Web.HttpApplication.CallHandlerExecutionStep.System.Web.HttpApplication.IExecutionStep.Execute()
   at System.Web.HttpApplication.ExecuteStepImpl(IExecutionStep step)
   at System.Web.HttpApplication.ExecuteStep(IExecutionStep step, Boolean& completedSynchronously)
03:18:09.464 PM System.Web.Mvc The controller for path '/Cate/IsPermit' was not found or does not implement IController.
03:18:09.464 PM Stack: at System.Web.Mvc.DefaultControllerFactory.GetControllerInstance(RequestContext requestContext, Type controllerType)
   at System.Web.Mvc.MvcHandler.ProcessRequestInit(HttpContextBase httpContext, IController& controller, IControllerFactory& factory)
   at System.Web.Mvc.MvcHandler.BeginProcessRequest(HttpContextBase httpContext, AsyncCallback callback, Object state)
   at System.Web.HttpApplication.CallHandlerExecutionStep.System.Web.HttpApplication.IExecutionStep.Execute()
   at System.Web.HttpApplication.ExecuteStepImpl(IExecutionStep step)
   at System.Web.HttpApplication.ExecuteStep(IExecutionStep step, Boolean& completedSynchronously)
03:18:09.480 PM System.Web.Mvc The controller for path '/Cate/IsPermit' was not found or does not implement IController.
03:18:09.480 PM Stack: at System.Web.Mvc.DefaultControllerFactory.GetControllerInstance(RequestContext requestContext, Type controllerType)
   at System.Web.Mvc.MvcHandler.ProcessRequestInit(HttpContextBase httpContext, IController& controller, IControllerFactory& factory)
   at System.Web.Mvc.MvcHandler.BeginProcessRequest(HttpContextBase httpContext, AsyncCallback callback, Object state)
   at System.Web.HttpApplication.CallHandlerExecutionStep.System.Web.HttpApplication.IExecutionStep.Execute()
   at System.Web.HttpApplication.ExecuteStepImpl(IExecutionStep step)
   at System.Web.HttpApplication.ExecuteStep(IExecutionStep step, Boolean& completedSynchronously)
03:18:09.496 PM System.Web.Mvc The controller for path '/Cate/IsPermit' was not found or does not implement IController.
03:18:09.496 PM Stack: at System.Web.Mvc.DefaultControllerFactory.GetControllerInstance(RequestContext requestContext, Type controllerType)
   at System.Web.Mvc.MvcHandler.ProcessRequestInit(HttpContextBase httpContext, IController& controller, IControllerFactory& factory)
   at System.Web.Mvc.MvcHandler.BeginProcessRequest(HttpContextBase httpContext, AsyncCallback callback, Object state)
   at System.Web.HttpApplication.CallHandlerExecutionStep.System.Web.HttpApplication.IExecutionStep.Execute()
   at System.Web.HttpApplication.ExecuteStepImpl(IExecutionStep step)
   at System.Web.HttpApplication.ExecuteStep(IExecutionStep step, Boolean& completedSynchronously)
03:18:09.496 PM System.Web.Mvc The controller for path '/Cate/IsPermit' was not found or does not implement IController.
03:18:09.496 PM Stack: at System.Web.Mvc.DefaultControllerFactory.GetControllerInstance(RequestContext requestContext, Type controllerType)
   at System.Web.Mvc.MvcHandler.ProcessRequestInit(HttpContextBase httpContext, IController& controller, IControllerFactory& factory)
   at System.Web.Mvc.MvcHandler.BeginProcessRequest(HttpContextBase httpContext, AsyncCallback callback, Object state)
   at System.Web.HttpApplication.CallHandlerExecutionStep.System.Web.HttpApplication.IExecutionStep.Execute()
   at System.Web.HttpApplication.ExecuteStepImpl(IExecutionStep step)
   at System.Web.HttpApplication.ExecuteStep(IExecutionStep step, Boolean& completedSynchronously)
03:18:09.511 PM System.Web.Mvc The controller for path '/Cate/IsPermit' was not found or does not implement IController.
03:18:09.511 PM Stack: at System.Web.Mvc.DefaultControllerFactory.GetControllerInstance(RequestContext requestContext, Type controllerType)
   at System.Web.Mvc.MvcHandler.ProcessRequestInit(HttpContextBase httpContext, IController& controller, IControllerFactory& factory)
   at System.Web.Mvc.MvcHandler.BeginProcessRequest(HttpContextBase httpContext, AsyncCallback callback, Object state)
   at System.Web.HttpApplication.CallHandlerExecutionStep.System.Web.HttpApplication.IExecutionStep.Execute()
   at System.Web.HttpApplication.ExecuteStepImpl(IExecutionStep step)
   at System.Web.HttpApplication.ExecuteStep(IExecutionStep step, Boolean& completedSynchronously)
03:18:09.527 PM System.Web.Mvc The controller for path '/Cate/IsPermit' was not found or does not implement IController.
03:18:09.527 PM Stack: at System.Web.Mvc.DefaultControllerFactory.GetControllerInstance(RequestContext requestContext, Type controllerType)
   at System.Web.Mvc.MvcHandler.ProcessRequestInit(HttpContextBase httpContext, IController& controller, IControllerFactory& factory)
   at System.Web.Mvc.MvcHandler.BeginProcessRequest(HttpContextBase httpContext, AsyncCallback callback, Object state)
   at System.Web.HttpApplication.CallHandlerExecutionStep.System.Web.HttpApplication.IExecutionStep.Execute()
   at System.Web.HttpApplication.ExecuteStepImpl(IExecutionStep step)
   at System.Web.HttpApplication.ExecuteStep(IExecutionStep step, Boolean& completedSynchronously)
03:18:09.542 PM System.Web.Mvc The controller for path '/Cate/IsPermit' was not found or does not implement IController.
03:18:09.542 PM Stack: at System.Web.Mvc.DefaultControllerFactory.GetControllerInstance(RequestContext requestContext, Type controllerType)
   at System.Web.Mvc.MvcHandler.ProcessRequestInit(HttpContextBase httpContext, IController& controller, IControllerFactory& factory)
   at System.Web.Mvc.MvcHandler.BeginProcessRequest(HttpContextBase httpContext, AsyncCallback callback, Object state)
   at System.Web.HttpApplication.CallHandlerExecutionStep.System.Web.HttpApplication.IExecutionStep.Execute()
   at System.Web.HttpApplication.ExecuteStepImpl(IExecutionStep step)
   at System.Web.HttpApplication.ExecuteStep(IExecutionStep step, Boolean& completedSynchronously)
03:18:09.558 PM System.Web.Mvc The controller for path '/Cate/IsPermit' was not found or does not implement IController.
03:18:09.558 PM Stack: at System.Web.Mvc.DefaultControllerFactory.GetControllerInstance(RequestContext requestContext, Type controllerType)
   at System.Web.Mvc.MvcHandler.ProcessRequestInit(HttpContextBase httpContext, IController& controller, IControllerFactory& factory)
   at System.Web.Mvc.MvcHandler.BeginProcessRequest(HttpContextBase httpContext, AsyncCallback callback, Object state)
   at System.Web.HttpApplication.CallHandlerExecutionStep.System.Web.HttpApplication.IExecutionStep.Execute()
   at System.Web.HttpApplication.ExecuteStepImpl(IExecutionStep step)
   at System.Web.HttpApplication.ExecuteStep(IExecutionStep step, Boolean& completedSynchronously)
03:18:09.558 PM System.Web.Mvc The controller for path '/Cate/IsPermit' was not found or does not implement IController.
03:18:09.558 PM Stack: at System.Web.Mvc.DefaultControllerFactory.GetControllerInstance(RequestContext requestContext, Type controllerType)
   at System.Web.Mvc.MvcHandler.ProcessRequestInit(HttpContextBase httpContext, IController& controller, IControllerFactory& factory)
   at System.Web.Mvc.MvcHandler.BeginProcessRequest(HttpContextBase httpContext, AsyncCallback callback, Object state)
   at System.Web.HttpApplication.CallHandlerExecutionStep.System.Web.HttpApplication.IExecutionStep.Execute()
   at System.Web.HttpApplication.ExecuteStepImpl(IExecutionStep step)
   at System.Web.HttpApplication.ExecuteStep(IExecutionStep step, Boolean& completedSynchronously)
03:18:09.574 PM System.Web.Mvc The controller for path '/Cate/IsPermit' was not found or does not implement IController.
03:18:09.574 PM Stack: at System.Web.Mvc.DefaultControllerFactory.GetControllerInstance(RequestContext requestContext, Type controllerType)
   at System.Web.Mvc.MvcHandler.ProcessRequestInit(HttpContextBase httpContext, IController& controller, IControllerFactory& factory)
   at System.Web.Mvc.MvcHandler.BeginProcessRequest(HttpContextBase httpContext, AsyncCallback callback, Object state)
   at System.Web.HttpApplication.CallHandlerExecutionStep.System.Web.HttpApplication.IExecutionStep.Execute()
   at System.Web.HttpApplication.ExecuteStepImpl(IExecutionStep step)
   at System.Web.HttpApplication.ExecuteStep(IExecutionStep step, Boolean& completedSynchronously)
03:18:09.574 PM System.Web.Mvc The controller for path '/Cate/IsPermit' was not found or does not implement IController.
03:18:09.574 PM Stack: at System.Web.Mvc.DefaultControllerFactory.GetControllerInstance(RequestContext requestContext, Type controllerType)
   at System.Web.Mvc.MvcHandler.ProcessRequestInit(HttpContextBase httpContext, IController& controller, IControllerFactory& factory)
   at System.Web.Mvc.MvcHandler.BeginProcessRequest(HttpContextBase httpContext, AsyncCallback callback, Object state)
   at System.Web.HttpApplication.CallHandlerExecutionStep.System.Web.HttpApplication.IExecutionStep.Execute()
   at System.Web.HttpApplication.ExecuteStepImpl(IExecutionStep step)
   at System.Web.HttpApplication.ExecuteStep(IExecutionStep step, Boolean& completedSynchronously)
03:24:55.090 PM System.Web.Mvc The controller for path '/Cate/IsPermit' was not found or does not implement IController.
03:24:55.090 PM Stack: at System.Web.Mvc.DefaultControllerFactory.GetControllerInstance(RequestContext requestContext, Type controllerType)
   at System.Web.Mvc.MvcHandler.ProcessRequestInit(HttpContextBase httpContext, IController& controller, IControllerFactory& factory)
   at System.Web.Mvc.MvcHandler.BeginProcessRequest(HttpContextBase httpContext, AsyncCallback callback, Object state)
   at System.Web.HttpApplication.CallHandlerExecutionStep.System.Web.HttpApplication.IExecutionStep.Execute()
   at System.Web.HttpApplication.ExecuteStepImpl(IExecutionStep step)
   at System.Web.HttpApplication.ExecuteStep(IExecutionStep step, Boolean& completedSynchronously)
03:24:55.121 PM System.Web.Mvc The controller for path '/Cate/IsPermit' was not found or does not implement IController.
03:24:55.121 PM Stack: at System.Web.Mvc.DefaultControllerFactory.GetControllerInstance(RequestContext requestContext, Type controllerType)
   at System.Web.Mvc.MvcHandler.ProcessRequestInit(HttpContextBase httpContext, IController& controller, IControllerFactory& factory)
   at System.Web.Mvc.MvcHandler.BeginProcessRequest(HttpContextBase httpContext, AsyncCallback callback, Object state)
   at System.Web.HttpApplication.CallHandlerExecutionStep.System.Web.HttpApplication.IExecutionStep.Execute()
   at System.Web.HttpApplication.ExecuteStepImpl(IExecutionStep step)
   at System.Web.HttpApplication.ExecuteStep(IExecutionStep step, Boolean& completedSynchronously)
03:24:55.153 PM System.Web.Mvc The controller for path '/Cate/IsPermit' was not found or does not implement IController.
03:24:55.153 PM Stack: at System.Web.Mvc.DefaultControllerFactory.GetControllerInstance(RequestContext requestContext, Type controllerType)
   at System.Web.Mvc.MvcHandler.ProcessRequestInit(HttpContextBase httpContext, IController& controller, IControllerFactory& factory)
   at System.Web.Mvc.MvcHandler.BeginProcessRequest(HttpContextBase httpContext, AsyncCallback callback, Object state)
   at System.Web.HttpApplication.CallHandlerExecutionStep.System.Web.HttpApplication.IExecutionStep.Execute()
   at System.Web.HttpApplication.ExecuteStepImpl(IExecutionStep step)
   at System.Web.HttpApplication.ExecuteStep(IExecutionStep step, Boolean& completedSynchronously)
03:24:55.184 PM System.Web.Mvc The controller for path '/Cate/IsPermit' was not found or does not implement IController.
03:24:55.184 PM Stack: at System.Web.Mvc.DefaultControllerFactory.GetControllerInstance(RequestContext requestContext, Type controllerType)
   at System.Web.Mvc.MvcHandler.ProcessRequestInit(HttpContextBase httpContext, IController& controller, IControllerFactory& factory)
   at System.Web.Mvc.MvcHandler.BeginProcessRequest(HttpContextBase httpContext, AsyncCallback callback, Object state)
   at System.Web.HttpApplication.CallHandlerExecutionStep.System.Web.HttpApplication.IExecutionStep.Execute()
   at System.Web.HttpApplication.ExecuteStepImpl(IExecutionStep step)
   at System.Web.HttpApplication.ExecuteStep(IExecutionStep step, Boolean& completedSynchronously)
03:24:55.215 PM System.Web.Mvc The controller for path '/Cate/IsPermit' was not found or does not implement IController.
03:24:55.215 PM Stack: at System.Web.Mvc.DefaultControllerFactory.GetControllerInstance(RequestContext requestContext, Type controllerType)
   at System.Web.Mvc.MvcHandler.ProcessRequestInit(HttpContextBase httpContext, IController& controller, IControllerFactory& factory)
   at System.Web.Mvc.MvcHandler.BeginProcessRequest(HttpContextBase httpContext, AsyncCallback callback, Object state)
   at System.Web.HttpApplication.CallHandlerExecutionStep.System.Web.HttpApplication.IExecutionStep.Execute()
   at System.Web.HttpApplication.ExecuteStepImpl(IExecutionStep step)
   at System.Web.HttpApplication.ExecuteStep(IExecutionStep step, Boolean& completedSynchronously)
03:24:55.246 PM System.Web.Mvc The controller for path '/Cate/IsPermit' was not found or does not implement IController.
03:24:55.246 PM Stack: at System.Web.Mvc.DefaultControllerFactory.GetControllerInstance(RequestContext requestContext, Type controllerType)
   at System.Web.Mvc.MvcHandler.ProcessRequestInit(HttpContextBase httpContext, IController& controller, IControllerFactory& factory)
   at System.Web.Mvc.MvcHandler.BeginProcessRequest(HttpContextBase httpContext, AsyncCallback callback, Object state)
   at System.Web.HttpApplication.CallHandlerExecutionStep.System.Web.HttpApplication.IExecutionStep.Execute()
   at System.Web.HttpApplication.ExecuteStepImpl(IExecutionStep step)
   at System.Web.HttpApplication.ExecuteStep(IExecutionStep step, Boolean& completedSynchronously)
03:24:55.278 PM System.Web.Mvc The controller for path '/Cate/IsPermit' was not found or does not implement IController.
03:24:55.278 PM Stack: at System.Web.Mvc.DefaultControllerFactory.GetControllerInstance(RequestContext requestContext, Type controllerType)
   at System.Web.Mvc.MvcHandler.ProcessRequestInit(HttpContextBase httpContext, IController& controller, IControllerFactory& factory)
   at System.Web.Mvc.MvcHandler.BeginProcessRequest(HttpContextBase httpContext, AsyncCallback callback, Object state)
   at System.Web.HttpApplication.CallHandlerExecutionStep.System.Web.HttpApplication.IExecutionStep.Execute()
   at System.Web.HttpApplication.ExecuteStepImpl(IExecutionStep step)
   at System.Web.HttpApplication.ExecuteStep(IExecutionStep step, Boolean& completedSynchronously)
03:24:55.309 PM System.Web.Mvc The controller for path '/Cate/IsPermit' was not found or does not implement IController.
03:24:55.309 PM Stack: at System.Web.Mvc.DefaultControllerFactory.GetControllerInstance(RequestContext requestContext, Type controllerType)
   at System.Web.Mvc.MvcHandler.ProcessRequestInit(HttpContextBase httpContext, IController& controller, IControllerFactory& factory)
   at System.Web.Mvc.MvcHandler.BeginProcessRequest(HttpContextBase httpContext, AsyncCallback callback, Object state)
   at System.Web.HttpApplication.CallHandlerExecutionStep.System.Web.HttpApplication.IExecutionStep.Execute()
   at System.Web.HttpApplication.ExecuteStepImpl(IExecutionStep step)
   at System.Web.HttpApplication.ExecuteStep(IExecutionStep step, Boolean& completedSynchronously)
03:24:55.340 PM System.Web.Mvc The controller for path '/Cate/IsPermit' was not found or does not implement IController.
03:24:55.340 PM Stack: at System.Web.Mvc.DefaultControllerFactory.GetControllerInstance(RequestContext requestContext, Type controllerType)
   at System.Web.Mvc.MvcHandler.ProcessRequestInit(HttpContextBase httpContext, IController& controller, IControllerFactory& factory)
   at System.Web.Mvc.MvcHandler.BeginProcessRequest(HttpContextBase httpContext, AsyncCallback callback, Object state)
   at System.Web.HttpApplication.CallHandlerExecutionStep.System.Web.HttpApplication.IExecutionStep.Execute()
   at System.Web.HttpApplication.ExecuteStepImpl(IExecutionStep step)
   at System.Web.HttpApplication.ExecuteStep(IExecutionStep step, Boolean& completedSynchronously)
03:24:55.371 PM System.Web.Mvc The controller for path '/Cate/IsPermit' was not found or does not implement IController.
03:24:55.371 PM Stack: at System.Web.Mvc.DefaultControllerFactory.GetControllerInstance(RequestContext requestContext, Type controllerType)
   at System.Web.Mvc.MvcHandler.ProcessRequestInit(HttpContextBase httpContext, IController& controller, IControllerFactory& factory)
   at System.Web.Mvc.MvcHandler.BeginProcessRequest(HttpContextBase httpContext, AsyncCallback callback, Object state)
   at System.Web.HttpApplication.CallHandlerExecutionStep.System.Web.HttpApplication.IExecutionStep.Execute()
   at System.Web.HttpApplication.ExecuteStepImpl(IExecutionStep step)
   at System.Web.HttpApplication.ExecuteStep(IExecutionStep step, Boolean& completedSynchronously)
03:24:55.434 PM System.Web.Mvc The controller for path '/Cate/IsPermit' was not found or does not implement IController.
03:24:55.434 PM Stack: at System.Web.Mvc.DefaultControllerFactory.GetControllerInstance(RequestContext requestContext, Type controllerType)
   at System.Web.Mvc.MvcHandler.ProcessRequestInit(HttpContextBase httpContext, IController& controller, IControllerFactory& factory)
   at System.Web.Mvc.MvcHandler.BeginProcessRequest(HttpContextBase httpContext, AsyncCallback callback, Object state)
   at System.Web.HttpApplication.CallHandlerExecutionStep.System.Web.HttpApplication.IExecutionStep.Execute()
   at System.Web.HttpApplication.ExecuteStepImpl(IExecutionStep step)
   at System.Web.HttpApplication.ExecuteStep(IExecutionStep step, Boolean& completedSynchronously)
03:24:55.465 PM System.Web.Mvc The controller for path '/Cate/IsPermit' was not found or does not implement IController.
03:24:55.465 PM Stack: at System.Web.Mvc.DefaultControllerFactory.GetControllerInstance(RequestContext requestContext, Type controllerType)
   at System.Web.Mvc.MvcHandler.ProcessRequestInit(HttpContextBase httpContext, IController& controller, IControllerFactory& factory)
   at System.Web.Mvc.MvcHandler.BeginProcessRequest(HttpContextBase httpContext, AsyncCallback callback, Object state)
   at System.Web.HttpApplication.CallHandlerExecutionStep.System.Web.HttpApplication.IExecutionStep.Execute()
   at System.Web.HttpApplication.ExecuteStepImpl(IExecutionStep step)
   at System.Web.HttpApplication.ExecuteStep(IExecutionStep step, Boolean& completedSynchronously)
03:24:55.496 PM System.Web.Mvc The controller for path '/Cate/IsPermit' was not found or does not implement IController.
03:24:55.496 PM Stack: at System.Web.Mvc.DefaultControllerFactory.GetControllerInstance(RequestContext requestContext, Type controllerType)
   at System.Web.Mvc.MvcHandler.ProcessRequestInit(HttpContextBase httpContext, IController& controller, IControllerFactory& factory)
   at System.Web.Mvc.MvcHandler.BeginProcessRequest(HttpContextBase httpContext, AsyncCallback callback, Object state)
   at System.Web.HttpApplication.CallHandlerExecutionStep.System.Web.HttpApplication.IExecutionStep.Execute()
   at System.Web.HttpApplication.ExecuteStepImpl(IExecutionStep step)
   at System.Web.HttpApplication.ExecuteStep(IExecutionStep step, Boolean& completedSynchronously)
03:24:55.528 PM System.Web.Mvc The controller for path '/Cate/IsPermit' was not found or does not implement IController.
03:24:55.528 PM Stack: at System.Web.Mvc.DefaultControllerFactory.GetControllerInstance(RequestContext requestContext, Type controllerType)
   at System.Web.Mvc.MvcHandler.ProcessRequestInit(HttpContextBase httpContext, IController& controller, IControllerFactory& factory)
   at System.Web.Mvc.MvcHandler.BeginProcessRequest(HttpContextBase httpContext, AsyncCallback callback, Object state)
   at System.Web.HttpApplication.CallHandlerExecutionStep.System.Web.HttpApplication.IExecutionStep.Execute()
   at System.Web.HttpApplication.ExecuteStepImpl(IExecutionStep step)
   at System.Web.HttpApplication.ExecuteStep(IExecutionStep step, Boolean& completedSynchronously)
03:24:55.559 PM System.Web.Mvc The controller for path '/Cate/IsPermit' was not found or does not implement IController.
03:24:55.559 PM Stack: at System.Web.Mvc.DefaultControllerFactory.GetControllerInstance(RequestContext requestContext, Type controllerType)
   at System.Web.Mvc.MvcHandler.ProcessRequestInit(HttpContextBase httpContext, IController& controller, IControllerFactory& factory)
   at System.Web.Mvc.MvcHandler.BeginProcessRequest(HttpContextBase httpContext, AsyncCallback callback, Object state)
   at System.Web.HttpApplication.CallHandlerExecutionStep.System.Web.HttpApplication.IExecutionStep.Execute()
   at System.Web.HttpApplication.ExecuteStepImpl(IExecutionStep step)
   at System.Web.HttpApplication.ExecuteStep(IExecutionStep step, Boolean& completedSynchronously)
03:24:55.590 PM System.Web.Mvc The controller for path '/Cate/IsPermit' was not found or does not implement IController.
03:24:55.590 PM Stack: at System.Web.Mvc.DefaultControllerFactory.GetControllerInstance(RequestContext requestContext, Type controllerType)
   at System.Web.Mvc.MvcHandler.ProcessRequestInit(HttpContextBase httpContext, IController& controller, IControllerFactory& factory)
   at System.Web.Mvc.MvcHandler.BeginProcessRequest(HttpContextBase httpContext, AsyncCallback callback, Object state)
   at System.Web.HttpApplication.CallHandlerExecutionStep.System.Web.HttpApplication.IExecutionStep.Execute()
   at System.Web.HttpApplication.ExecuteStepImpl(IExecutionStep step)
   at System.Web.HttpApplication.ExecuteStep(IExecutionStep step, Boolean& completedSynchronously)
03:24:55.621 PM System.Web.Mvc The controller for path '/Cate/IsPermit' was not found or does not implement IController.
03:24:55.621 PM Stack: at System.Web.Mvc.DefaultControllerFactory.GetControllerInstance(RequestContext requestContext, Type controllerType)
   at System.Web.Mvc.MvcHandler.ProcessRequestInit(HttpContextBase httpContext, IController& controller, IControllerFactory& factory)
   at System.Web.Mvc.MvcHandler.BeginProcessRequest(HttpContextBase httpContext, AsyncCallback callback, Object state)
   at System.Web.HttpApplication.CallHandlerExecutionStep.System.Web.HttpApplication.IExecutionStep.Execute()
   at System.Web.HttpApplication.ExecuteStepImpl(IExecutionStep step)
   at System.Web.HttpApplication.ExecuteStep(IExecutionStep step, Boolean& completedSynchronously)
03:24:55.653 PM System.Web.Mvc The controller for path '/Cate/IsPermit' was not found or does not implement IController.
03:24:55.653 PM Stack: at System.Web.Mvc.DefaultControllerFactory.GetControllerInstance(RequestContext requestContext, Type controllerType)
   at System.Web.Mvc.MvcHandler.ProcessRequestInit(HttpContextBase httpContext, IController& controller, IControllerFactory& factory)
   at System.Web.Mvc.MvcHandler.BeginProcessRequest(HttpContextBase httpContext, AsyncCallback callback, Object state)
   at System.Web.HttpApplication.CallHandlerExecutionStep.System.Web.HttpApplication.IExecutionStep.Execute()
   at System.Web.HttpApplication.ExecuteStepImpl(IExecutionStep step)
   at System.Web.HttpApplication.ExecuteStep(IExecutionStep step, Boolean& completedSynchronously)
03:24:55.684 PM System.Web.Mvc The controller for path '/Cate/IsPermit' was not found or does not implement IController.
03:24:55.684 PM Stack: at System.Web.Mvc.DefaultControllerFactory.GetControllerInstance(RequestContext requestContext, Type controllerType)
   at System.Web.Mvc.MvcHandler.ProcessRequestInit(HttpContextBase httpContext, IController& controller, IControllerFactory& factory)
   at System.Web.Mvc.MvcHandler.BeginProcessRequest(HttpContextBase httpContext, AsyncCallback callback, Object state)
   at System.Web.HttpApplication.CallHandlerExecutionStep.System.Web.HttpApplication.IExecutionStep.Execute()
   at System.Web.HttpApplication.ExecuteStepImpl(IExecutionStep step)
   at System.Web.HttpApplication.ExecuteStep(IExecutionStep step, Boolean& completedSynchronously)
03:24:55.731 PM System.Web.Mvc The controller for path '/Cate/IsPermit' was not found or does not implement IController.
03:24:55.731 PM Stack: at System.Web.Mvc.DefaultControllerFactory.GetControllerInstance(RequestContext requestContext, Type controllerType)
   at System.Web.Mvc.MvcHandler.ProcessRequestInit(HttpContextBase httpContext, IController& controller, IControllerFactory& factory)
   at System.Web.Mvc.MvcHandler.BeginProcessRequest(HttpContextBase httpContext, AsyncCallback callback, Object state)
   at System.Web.HttpApplication.CallHandlerExecutionStep.System.Web.HttpApplication.IExecutionStep.Execute()
   at System.Web.HttpApplication.ExecuteStepImpl(IExecutionStep step)
   at System.Web.HttpApplication.ExecuteStep(IExecutionStep step, Boolean& completedSynchronously)
03:24:55.762 PM System.Web.Mvc The controller for path '/Cate/IsPermit' was not found or does not implement IController.
03:24:55.762 PM Stack: at System.Web.Mvc.DefaultControllerFactory.GetControllerInstance(RequestContext requestContext, Type controllerType)
   at System.Web.Mvc.MvcHandler.ProcessRequestInit(HttpContextBase httpContext, IController& controller, IControllerFactory& factory)
   at System.Web.Mvc.MvcHandler.BeginProcessRequest(HttpContextBase httpContext, AsyncCallback callback, Object state)
   at System.Web.HttpApplication.CallHandlerExecutionStep.System.Web.HttpApplication.IExecutionStep.Execute()
   at System.Web.HttpApplication.ExecuteStepImpl(IExecutionStep step)
   at System.Web.HttpApplication.ExecuteStep(IExecutionStep step, Boolean& completedSynchronously)
03:24:55.793 PM System.Web.Mvc The controller for path '/Cate/IsPermit' was not found or does not implement IController.
03:24:55.793 PM Stack: at System.Web.Mvc.DefaultControllerFactory.GetControllerInstance(RequestContext requestContext, Type controllerType)
   at System.Web.Mvc.MvcHandler.ProcessRequestInit(HttpContextBase httpContext, IController& controller, IControllerFactory& factory)
   at System.Web.Mvc.MvcHandler.BeginProcessRequest(HttpContextBase httpContext, AsyncCallback callback, Object state)
   at System.Web.HttpApplication.CallHandlerExecutionStep.System.Web.HttpApplication.IExecutionStep.Execute()
   at System.Web.HttpApplication.ExecuteStepImpl(IExecutionStep step)
   at System.Web.HttpApplication.ExecuteStep(IExecutionStep step, Boolean& completedSynchronously)
03:24:55.824 PM System.Web.Mvc The controller for path '/Cate/IsPermit' was not found or does not implement IController.
03:24:55.824 PM Stack: at System.Web.Mvc.DefaultControllerFactory.GetControllerInstance(RequestContext requestContext, Type controllerType)
   at System.Web.Mvc.MvcHandler.ProcessRequestInit(HttpContextBase httpContext, IController& controller, IControllerFactory& factory)
   at System.Web.Mvc.MvcHandler.BeginProcessRequest(HttpContextBase httpContext, AsyncCallback callback, Object state)
   at System.Web.HttpApplication.CallHandlerExecutionStep.System.Web.HttpApplication.IExecutionStep.Execute()
   at System.Web.HttpApplication.ExecuteStepImpl(IExecutionStep step)
   at System.Web.HttpApplication.ExecuteStep(IExecutionStep step, Boolean& completedSynchronously)
03:24:55.856 PM System.Web.Mvc The controller for path '/Cate/IsPermit' was not found or does not implement IController.
03:24:55.856 PM Stack: at System.Web.Mvc.DefaultControllerFactory.GetControllerInstance(RequestContext requestContext, Type controllerType)
   at System.Web.Mvc.MvcHandler.ProcessRequestInit(HttpContextBase httpContext, IController& controller, IControllerFactory& factory)
   at System.Web.Mvc.MvcHandler.BeginProcessRequest(HttpContextBase httpContext, AsyncCallback callback, Object state)
   at System.Web.HttpApplication.CallHandlerExecutionStep.System.Web.HttpApplication.IExecutionStep.Execute()
   at System.Web.HttpApplication.ExecuteStepImpl(IExecutionStep step)
   at System.Web.HttpApplication.ExecuteStep(IExecutionStep step, Boolean& completedSynchronously)
03:24:55.887 PM System.Web.Mvc The controller for path '/Cate/IsPermit' was not found or does not implement IController.
03:24:55.887 PM Stack: at System.Web.Mvc.DefaultControllerFactory.GetControllerInstance(RequestContext requestContext, Type controllerType)
   at System.Web.Mvc.MvcHandler.ProcessRequestInit(HttpContextBase httpContext, IController& controller, IControllerFactory& factory)
   at System.Web.Mvc.MvcHandler.BeginProcessRequest(HttpContextBase httpContext, AsyncCallback callback, Object state)
   at System.Web.HttpApplication.CallHandlerExecutionStep.System.Web.HttpApplication.IExecutionStep.Execute()
   at System.Web.HttpApplication.ExecuteStepImpl(IExecutionStep step)
   at System.Web.HttpApplication.ExecuteStep(IExecutionStep step, Boolean& completedSynchronously)
03:24:55.918 PM System.Web.Mvc The controller for path '/Cate/IsPermit' was not found or does not implement IController.
03:24:55.918 PM Stack: at System.Web.Mvc.DefaultControllerFactory.GetControllerInstance(RequestContext requestContext, Type controllerType)
   at System.Web.Mvc.MvcHandler.ProcessRequestInit(HttpContextBase httpContext, IController& controller, IControllerFactory& factory)
   at System.Web.Mvc.MvcHandler.BeginProcessRequest(HttpContextBase httpContext, AsyncCallback callback, Object state)
   at System.Web.HttpApplication.CallHandlerExecutionStep.System.Web.HttpApplication.IExecutionStep.Execute()
   at System.Web.HttpApplication.ExecuteStepImpl(IExecutionStep step)
   at System.Web.HttpApplication.ExecuteStep(IExecutionStep step, Boolean& completedSynchronously)
03:24:55.949 PM System.Web.Mvc The controller for path '/Cate/IsPermit' was not found or does not implement IController.
03:24:55.949 PM Stack: at System.Web.Mvc.DefaultControllerFactory.GetControllerInstance(RequestContext requestContext, Type controllerType)
   at System.Web.Mvc.MvcHandler.ProcessRequestInit(HttpContextBase httpContext, IController& controller, IControllerFactory& factory)
   at System.Web.Mvc.MvcHandler.BeginProcessRequest(HttpContextBase httpContext, AsyncCallback callback, Object state)
   at System.Web.HttpApplication.CallHandlerExecutionStep.System.Web.HttpApplication.IExecutionStep.Execute()
   at System.Web.HttpApplication.ExecuteStepImpl(IExecutionStep step)
   at System.Web.HttpApplication.ExecuteStep(IExecutionStep step, Boolean& completedSynchronously)
03:24:55.981 PM System.Web.Mvc The controller for path '/Cate/IsPermit' was not found or does not implement IController.
03:24:55.981 PM Stack: at System.Web.Mvc.DefaultControllerFactory.GetControllerInstance(RequestContext requestContext, Type controllerType)
   at System.Web.Mvc.MvcHandler.ProcessRequestInit(HttpContextBase httpContext, IController& controller, IControllerFactory& factory)
   at System.Web.Mvc.MvcHandler.BeginProcessRequest(HttpContextBase httpContext, AsyncCallback callback, Object state)
   at System.Web.HttpApplication.CallHandlerExecutionStep.System.Web.HttpApplication.IExecutionStep.Execute()
   at System.Web.HttpApplication.ExecuteStepImpl(IExecutionStep step)
   at System.Web.HttpApplication.ExecuteStep(IExecutionStep step, Boolean& completedSynchronously)
03:24:56.012 PM System.Web.Mvc The controller for path '/Cate/IsPermit' was not found or does not implement IController.
03:24:56.012 PM Stack: at System.Web.Mvc.DefaultControllerFactory.GetControllerInstance(RequestContext requestContext, Type controllerType)
   at System.Web.Mvc.MvcHandler.ProcessRequestInit(HttpContextBase httpContext, IController& controller, IControllerFactory& factory)
   at System.Web.Mvc.MvcHandler.BeginProcessRequest(HttpContextBase httpContext, AsyncCallback callback, Object state)
   at System.Web.HttpApplication.CallHandlerExecutionStep.System.Web.HttpApplication.IExecutionStep.Execute()
   at System.Web.HttpApplication.ExecuteStepImpl(IExecutionStep step)
   at System.Web.HttpApplication.ExecuteStep(IExecutionStep step, Boolean& completedSynchronously)
03:24:56.043 PM System.Web.Mvc The controller for path '/Cate/IsPermit' was not found or does not implement IController.
03:24:56.043 PM Stack: at System.Web.Mvc.DefaultControllerFactory.GetControllerInstance(RequestContext requestContext, Type controllerType)
   at System.Web.Mvc.MvcHandler.ProcessRequestInit(HttpContextBase httpContext, IController& controller, IControllerFactory& factory)
   at System.Web.Mvc.MvcHandler.BeginProcessRequest(HttpContextBase httpContext, AsyncCallback callback, Object state)
   at System.Web.HttpApplication.CallHandlerExecutionStep.System.Web.HttpApplication.IExecutionStep.Execute()
   at System.Web.HttpApplication.ExecuteStepImpl(IExecutionStep step)
   at System.Web.HttpApplication.ExecuteStep(IExecutionStep step, Boolean& completedSynchronously)
03:24:59.762 PM System.Web.Mvc The controller for path '/Cate/IsPermit' was not found or does not implement IController.
03:24:59.762 PM Stack: at System.Web.Mvc.DefaultControllerFactory.GetControllerInstance(RequestContext requestContext, Type controllerType)
   at System.Web.Mvc.MvcHandler.ProcessRequestInit(HttpContextBase httpContext, IController& controller, IControllerFactory& factory)
   at System.Web.Mvc.MvcHandler.BeginProcessRequest(HttpContextBase httpContext, AsyncCallback callback, Object state)
   at System.Web.HttpApplication.CallHandlerExecutionStep.System.Web.HttpApplication.IExecutionStep.Execute()
   at System.Web.HttpApplication.ExecuteStepImpl(IExecutionStep step)
   at System.Web.HttpApplication.ExecuteStep(IExecutionStep step, Boolean& completedSynchronously)
03:24:59.793 PM System.Web.Mvc The controller for path '/Cate/IsPermit' was not found or does not implement IController.
03:24:59.793 PM Stack: at System.Web.Mvc.DefaultControllerFactory.GetControllerInstance(RequestContext requestContext, Type controllerType)
   at System.Web.Mvc.MvcHandler.ProcessRequestInit(HttpContextBase httpContext, IController& controller, IControllerFactory& factory)
   at System.Web.Mvc.MvcHandler.BeginProcessRequest(HttpContextBase httpContext, AsyncCallback callback, Object state)
   at System.Web.HttpApplication.CallHandlerExecutionStep.System.Web.HttpApplication.IExecutionStep.Execute()
   at System.Web.HttpApplication.ExecuteStepImpl(IExecutionStep step)
   at System.Web.HttpApplication.ExecuteStep(IExecutionStep step, Boolean& completedSynchronously)
03:24:59.824 PM System.Web.Mvc The controller for path '/Cate/IsPermit' was not found or does not implement IController.
03:24:59.824 PM Stack: at System.Web.Mvc.DefaultControllerFactory.GetControllerInstance(RequestContext requestContext, Type controllerType)
   at System.Web.Mvc.MvcHandler.ProcessRequestInit(HttpContextBase httpContext, IController& controller, IControllerFactory& factory)
   at System.Web.Mvc.MvcHandler.BeginProcessRequest(HttpContextBase httpContext, AsyncCallback callback, Object state)
   at System.Web.HttpApplication.CallHandlerExecutionStep.System.Web.HttpApplication.IExecutionStep.Execute()
   at System.Web.HttpApplication.ExecuteStepImpl(IExecutionStep step)
   at System.Web.HttpApplication.ExecuteStep(IExecutionStep step, Boolean& completedSynchronously)
03:24:59.856 PM System.Web.Mvc The controller for path '/Cate/IsPermit' was not found or does not implement IController.
03:24:59.856 PM Stack: at System.Web.Mvc.DefaultControllerFactory.GetControllerInstance(RequestContext requestContext, Type controllerType)
   at System.Web.Mvc.MvcHandler.ProcessRequestInit(HttpContextBase httpContext, IController& controller, IControllerFactory& factory)
   at System.Web.Mvc.MvcHandler.BeginProcessRequest(HttpContextBase httpContext, AsyncCallback callback, Object state)
   at System.Web.HttpApplication.CallHandlerExecutionStep.System.Web.HttpApplication.IExecutionStep.Execute()
   at System.Web.HttpApplication.ExecuteStepImpl(IExecutionStep step)
   at System.Web.HttpApplication.ExecuteStep(IExecutionStep step, Boolean& completedSynchronously)
03:24:59.887 PM System.Web.Mvc The controller for path '/Cate/IsPermit' was not found or does not implement IController.
03:24:59.887 PM Stack: at System.Web.Mvc.DefaultControllerFactory.GetControllerInstance(RequestContext requestContext, Type controllerType)
   at System.Web.Mvc.MvcHandler.ProcessRequestInit(HttpContextBase httpContext, IController& controller, IControllerFactory& factory)
   at System.Web.Mvc.MvcHandler.BeginProcessRequest(HttpContextBase httpContext, AsyncCallback callback, Object state)
   at System.Web.HttpApplication.CallHandlerExecutionStep.System.Web.HttpApplication.IExecutionStep.Execute()
   at System.Web.HttpApplication.ExecuteStepImpl(IExecutionStep step)
   at System.Web.HttpApplication.ExecuteStep(IExecutionStep step, Boolean& completedSynchronously)
03:24:59.918 PM System.Web.Mvc The controller for path '/Cate/IsPermit' was not found or does not implement IController.
03:24:59.918 PM Stack: at System.Web.Mvc.DefaultControllerFactory.GetControllerInstance(RequestContext requestContext, Type controllerType)
   at System.Web.Mvc.MvcHandler.ProcessRequestInit(HttpContextBase httpContext, IController& controller, IControllerFactory& factory)
   at System.Web.Mvc.MvcHandler.BeginProcessRequest(HttpContextBase httpContext, AsyncCallback callback, Object state)
   at System.Web.HttpApplication.CallHandlerExecutionStep.System.Web.HttpApplication.IExecutionStep.Execute()
   at System.Web.HttpApplication.ExecuteStepImpl(IExecutionStep step)
   at System.Web.HttpApplication.ExecuteStep(IExecutionStep step, Boolean& completedSynchronously)
03:24:59.949 PM System.Web.Mvc The controller for path '/Cate/IsPermit' was not found or does not implement IController.
03:24:59.949 PM Stack: at System.Web.Mvc.DefaultControllerFactory.GetControllerInstance(RequestContext requestContext, Type controllerType)
   at System.Web.Mvc.MvcHandler.ProcessRequestInit(HttpContextBase httpContext, IController& controller, IControllerFactory& factory)
   at System.Web.Mvc.MvcHandler.BeginProcessRequest(HttpContextBase httpContext, AsyncCallback callback, Object state)
   at System.Web.HttpApplication.CallHandlerExecutionStep.System.Web.HttpApplication.IExecutionStep.Execute()
   at System.Web.HttpApplication.ExecuteStepImpl(IExecutionStep step)
   at System.Web.HttpApplication.ExecuteStep(IExecutionStep step, Boolean& completedSynchronously)
03:24:59.981 PM System.Web.Mvc The controller for path '/Cate/IsPermit' was not found or does not implement IController.
03:24:59.981 PM Stack: at System.Web.Mvc.DefaultControllerFactory.GetControllerInstance(RequestContext requestContext, Type controllerType)
   at System.Web.Mvc.MvcHandler.ProcessRequestInit(HttpContextBase httpContext, IController& controller, IControllerFactory& factory)
   at System.Web.Mvc.MvcHandler.BeginProcessRequest(HttpContextBase httpContext, AsyncCallback callback, Object state)
   at System.Web.HttpApplication.CallHandlerExecutionStep.System.Web.HttpApplication.IExecutionStep.Execute()
   at System.Web.HttpApplication.ExecuteStepImpl(IExecutionStep step)
   at System.Web.HttpApplication.ExecuteStep(IExecutionStep step, Boolean& completedSynchronously)
03:25:00.012 PM System.Web.Mvc The controller for path '/Cate/IsPermit' was not found or does not implement IController.
03:25:00.012 PM Stack: at System.Web.Mvc.DefaultControllerFactory.GetControllerInstance(RequestContext requestContext, Type controllerType)
   at System.Web.Mvc.MvcHandler.ProcessRequestInit(HttpContextBase httpContext, IController& controller, IControllerFactory& factory)
   at System.Web.Mvc.MvcHandler.BeginProcessRequest(HttpContextBase httpContext, AsyncCallback callback, Object state)
   at System.Web.HttpApplication.CallHandlerExecutionStep.System.Web.HttpApplication.IExecutionStep.Execute()
   at System.Web.HttpApplication.ExecuteStepImpl(IExecutionStep step)
   at System.Web.HttpApplication.ExecuteStep(IExecutionStep step, Boolean& completedSynchronously)
03:25:00.043 PM System.Web.Mvc The controller for path '/Cate/IsPermit' was not found or does not implement IController.
03:25:00.043 PM Stack: at System.Web.Mvc.DefaultControllerFactory.GetControllerInstance(RequestContext requestContext, Type controllerType)
   at System.Web.Mvc.MvcHandler.ProcessRequestInit(HttpContextBase httpContext, IController& controller, IControllerFactory& factory)
   at System.Web.Mvc.MvcHandler.BeginProcessRequest(HttpContextBase httpContext, AsyncCallback callback, Object state)
   at System.Web.HttpApplication.CallHandlerExecutionStep.System.Web.HttpApplication.IExecutionStep.Execute()
   at System.Web.HttpApplication.ExecuteStepImpl(IExecutionStep step)
   at System.Web.HttpApplication.ExecuteStep(IExecutionStep step, Boolean& completedSynchronously)
03:25:08.231 PM System.Web.Mvc The controller for path '/Cate/IsPermit' was not found or does not implement IController.
03:25:08.231 PM Stack: at System.Web.Mvc.DefaultControllerFactory.GetControllerInstance(RequestContext requestContext, Type controllerType)
   at System.Web.Mvc.MvcHandler.ProcessRequestInit(HttpContextBase httpContext, IController& controller, IControllerFactory& factory)
   at System.Web.Mvc.MvcHandler.BeginProcessRequest(HttpContextBase httpContext, AsyncCallback callback, Object state)
   at System.Web.HttpApplication.CallHandlerExecutionStep.System.Web.HttpApplication.IExecutionStep.Execute()
   at System.Web.HttpApplication.ExecuteStepImpl(IExecutionStep step)
   at System.Web.HttpApplication.ExecuteStep(IExecutionStep step, Boolean& completedSynchronously)
03:25:14.137 PM System.Web.Mvc The controller for path '/Cate/IsPermit' was not found or does not implement IController.
03:25:14.137 PM Stack: at System.Web.Mvc.DefaultControllerFactory.GetControllerInstance(RequestContext requestContext, Type controllerType)
   at System.Web.Mvc.MvcHandler.ProcessRequestInit(HttpContextBase httpContext, IController& controller, IControllerFactory& factory)
   at System.Web.Mvc.MvcHandler.BeginProcessRequest(HttpContextBase httpContext, AsyncCallback callback, Object state)
   at System.Web.HttpApplication.CallHandlerExecutionStep.System.Web.HttpApplication.IExecutionStep.Execute()
   at System.Web.HttpApplication.ExecuteStepImpl(IExecutionStep step)
   at System.Web.HttpApplication.ExecuteStep(IExecutionStep step, Boolean& completedSynchronously)
03:33:10.044 PM System.Web.Mvc The controller for path '/Cate/IsPermit' was not found or does not implement IController.
03:33:10.044 PM Stack: at System.Web.Mvc.DefaultControllerFactory.GetControllerInstance(RequestContext requestContext, Type controllerType)
   at System.Web.Mvc.MvcHandler.ProcessRequestInit(HttpContextBase httpContext, IController& controller, IControllerFactory& factory)
   at System.Web.Mvc.MvcHandler.BeginProcessRequest(HttpContextBase httpContext, AsyncCallback callback, Object state)
   at System.Web.HttpApplication.CallHandlerExecutionStep.System.Web.HttpApplication.IExecutionStep.Execute()
   at System.Web.HttpApplication.ExecuteStepImpl(IExecutionStep step)
   at System.Web.HttpApplication.ExecuteStep(IExecutionStep step, Boolean& completedSynchronously)
03:33:10.075 PM System.Web.Mvc The controller for path '/Cate/IsPermit' was not found or does not implement IController.
03:33:10.075 PM Stack: at System.Web.Mvc.DefaultControllerFactory.GetControllerInstance(RequestContext requestContext, Type controllerType)
   at System.Web.Mvc.MvcHandler.ProcessRequestInit(HttpContextBase httpContext, IController& controller, IControllerFactory& factory)
   at System.Web.Mvc.MvcHandler.BeginProcessRequest(HttpContextBase httpContext, AsyncCallback callback, Object state)
   at System.Web.HttpApplication.CallHandlerExecutionStep.System.Web.HttpApplication.IExecutionStep.Execute()
   at System.Web.HttpApplication.ExecuteStepImpl(IExecutionStep step)
   at System.Web.HttpApplication.ExecuteStep(IExecutionStep step, Boolean& completedSynchronously)
03:33:10.138 PM System.Web.Mvc The controller for path '/Cate/IsPermit' was not found or does not implement IController.
03:33:10.138 PM Stack: at System.Web.Mvc.DefaultControllerFactory.GetControllerInstance(RequestContext requestContext, Type controllerType)
   at System.Web.Mvc.MvcHandler.ProcessRequestInit(HttpContextBase httpContext, IController& controller, IControllerFactory& factory)
   at System.Web.Mvc.MvcHandler.BeginProcessRequest(HttpContextBase httpContext, AsyncCallback callback, Object state)
   at System.Web.HttpApplication.CallHandlerExecutionStep.System.Web.HttpApplication.IExecutionStep.Execute()
   at System.Web.HttpApplication.ExecuteStepImpl(IExecutionStep step)
   at System.Web.HttpApplication.ExecuteStep(IExecutionStep step, Boolean& completedSynchronously)
03:33:10.169 PM System.Web.Mvc The controller for path '/Cate/IsPermit' was not found or does not implement IController.
03:33:10.169 PM Stack: at System.Web.Mvc.DefaultControllerFactory.GetControllerInstance(RequestContext requestContext, Type controllerType)
   at System.Web.Mvc.MvcHandler.ProcessRequestInit(HttpContextBase httpContext, IController& controller, IControllerFactory& factory)
   at System.Web.Mvc.MvcHandler.BeginProcessRequest(HttpContextBase httpContext, AsyncCallback callback, Object state)
   at System.Web.HttpApplication.CallHandlerExecutionStep.System.Web.HttpApplication.IExecutionStep.Execute()
   at System.Web.HttpApplication.ExecuteStepImpl(IExecutionStep step)
   at System.Web.HttpApplication.ExecuteStep(IExecutionStep step, Boolean& completedSynchronously)
03:33:10.200 PM System.Web.Mvc The controller for path '/Cate/IsPermit' was not found or does not implement IController.
03:33:10.200 PM Stack: at System.Web.Mvc.DefaultControllerFactory.GetControllerInstance(RequestContext requestContext, Type controllerType)
   at System.Web.Mvc.MvcHandler.ProcessRequestInit(HttpContextBase httpContext, IController& controller, IControllerFactory& factory)
   at System.Web.Mvc.MvcHandler.BeginProcessRequest(HttpContextBase httpContext, AsyncCallback callback, Object state)
   at System.Web.HttpApplication.CallHandlerExecutionStep.System.Web.HttpApplication.IExecutionStep.Execute()
   at System.Web.HttpApplication.ExecuteStepImpl(IExecutionStep step)
   at System.Web.HttpApplication.ExecuteStep(IExecutionStep step, Boolean& completedSynchronously)
03:33:10.232 PM System.Web.Mvc The controller for path '/Cate/IsPermit' was not found or does not implement IController.
03:33:10.232 PM Stack: at System.Web.Mvc.DefaultControllerFactory.GetControllerInstance(RequestContext requestContext, Type controllerType)
   at System.Web.Mvc.MvcHandler.ProcessRequestInit(HttpContextBase httpContext, IController& controller, IControllerFactory& factory)
   at System.Web.Mvc.MvcHandler.BeginProcessRequest(HttpContextBase httpContext, AsyncCallback callback, Object state)
   at System.Web.HttpApplication.CallHandlerExecutionStep.System.Web.HttpApplication.IExecutionStep.Execute()
   at System.Web.HttpApplication.ExecuteStepImpl(IExecutionStep step)
   at System.Web.HttpApplication.ExecuteStep(IExecutionStep step, Boolean& completedSynchronously)
03:33:10.263 PM System.Web.Mvc The controller for path '/Cate/IsPermit' was not found or does not implement IController.
03:33:10.263 PM Stack: at System.Web.Mvc.DefaultControllerFactory.GetControllerInstance(RequestContext requestContext, Type controllerType)
   at System.Web.Mvc.MvcHandler.ProcessRequestInit(HttpContextBase httpContext, IController& controller, IControllerFactory& factory)
   at System.Web.Mvc.MvcHandler.BeginProcessRequest(HttpContextBase httpContext, AsyncCallback callback, Object state)
   at System.Web.HttpApplication.CallHandlerExecutionStep.System.Web.HttpApplication.IExecutionStep.Execute()
   at System.Web.HttpApplication.ExecuteStepImpl(IExecutionStep step)
   at System.Web.HttpApplication.ExecuteStep(IExecutionStep step, Boolean& completedSynchronously)
03:33:10.294 PM System.Web.Mvc The controller for path '/Cate/IsPermit' was not found or does not implement IController.
03:33:10.294 PM Stack: at System.Web.Mvc.DefaultControllerFactory.GetControllerInstance(RequestContext requestContext, Type controllerType)
   at System.Web.Mvc.MvcHandler.ProcessRequestInit(HttpContextBase httpContext, IController& controller, IControllerFactory& factory)
   at System.Web.Mvc.MvcHandler.BeginProcessRequest(HttpContextBase httpContext, AsyncCallback callback, Object state)
   at System.Web.HttpApplication.CallHandlerExecutionStep.System.Web.HttpApplication.IExecutionStep.Execute()
   at System.Web.HttpApplication.ExecuteStepImpl(IExecutionStep step)
   at System.Web.HttpApplication.ExecuteStep(IExecutionStep step, Boolean& completedSynchronously)
03:33:10.325 PM System.Web.Mvc The controller for path '/Cate/IsPermit' was not found or does not implement IController.
03:33:10.325 PM Stack: at System.Web.Mvc.DefaultControllerFactory.GetControllerInstance(RequestContext requestContext, Type controllerType)
   at System.Web.Mvc.MvcHandler.ProcessRequestInit(HttpContextBase httpContext, IController& controller, IControllerFactory& factory)
   at System.Web.Mvc.MvcHandler.BeginProcessRequest(HttpContextBase httpContext, AsyncCallback callback, Object state)
   at System.Web.HttpApplication.CallHandlerExecutionStep.System.Web.HttpApplication.IExecutionStep.Execute()
   at System.Web.HttpApplication.ExecuteStepImpl(IExecutionStep step)
   at System.Web.HttpApplication.ExecuteStep(IExecutionStep step, Boolean& completedSynchronously)
03:33:10.357 PM System.Web.Mvc The controller for path '/Cate/IsPermit' was not found or does not implement IController.
03:33:10.357 PM Stack: at System.Web.Mvc.DefaultControllerFactory.GetControllerInstance(RequestContext requestContext, Type controllerType)
   at System.Web.Mvc.MvcHandler.ProcessRequestInit(HttpContextBase httpContext, IController& controller, IControllerFactory& factory)
   at System.Web.Mvc.MvcHandler.BeginProcessRequest(HttpContextBase httpContext, AsyncCallback callback, Object state)
   at System.Web.HttpApplication.CallHandlerExecutionStep.System.Web.HttpApplication.IExecutionStep.Execute()
   at System.Web.HttpApplication.ExecuteStepImpl(IExecutionStep step)
   at System.Web.HttpApplication.ExecuteStep(IExecutionStep step, Boolean& completedSynchronously)
03:33:10.388 PM System.Web.Mvc The controller for path '/Cate/IsPermit' was not found or does not implement IController.
03:33:10.388 PM Stack: at System.Web.Mvc.DefaultControllerFactory.GetControllerInstance(RequestContext requestContext, Type controllerType)
   at System.Web.Mvc.MvcHandler.ProcessRequestInit(HttpContextBase httpContext, IController& controller, IControllerFactory& factory)
   at System.Web.Mvc.MvcHandler.BeginProcessRequest(HttpContextBase httpContext, AsyncCallback callback, Object state)
   at System.Web.HttpApplication.CallHandlerExecutionStep.System.Web.HttpApplication.IExecutionStep.Execute()
   at System.Web.HttpApplication.ExecuteStepImpl(IExecutionStep step)
   at System.Web.HttpApplication.ExecuteStep(IExecutionStep step, Boolean& completedSynchronously)
03:33:10.419 PM System.Web.Mvc The controller for path '/Cate/IsPermit' was not found or does not implement IController.
03:33:10.419 PM Stack: at System.Web.Mvc.DefaultControllerFactory.GetControllerInstance(RequestContext requestContext, Type controllerType)
   at System.Web.Mvc.MvcHandler.ProcessRequestInit(HttpContextBase httpContext, IController& controller, IControllerFactory& factory)
   at System.Web.Mvc.MvcHandler.BeginProcessRequest(HttpContextBase httpContext, AsyncCallback callback, Object state)
   at System.Web.HttpApplication.CallHandlerExecutionStep.System.Web.HttpApplication.IExecutionStep.Execute()
   at System.Web.HttpApplication.ExecuteStepImpl(IExecutionStep step)
   at System.Web.HttpApplication.ExecuteStep(IExecutionStep step, Boolean& completedSynchronously)
03:33:10.450 PM System.Web.Mvc The controller for path '/Cate/IsPermit' was not found or does not implement IController.
03:33:10.450 PM Stack: at System.Web.Mvc.DefaultControllerFactory.GetControllerInstance(RequestContext requestContext, Type controllerType)
   at System.Web.Mvc.MvcHandler.ProcessRequestInit(HttpContextBase httpContext, IController& controller, IControllerFactory& factory)
   at System.Web.Mvc.MvcHandler.BeginProcessRequest(HttpContextBase httpContext, AsyncCallback callback, Object state)
   at System.Web.HttpApplication.CallHandlerExecutionStep.System.Web.HttpApplication.IExecutionStep.Execute()
   at System.Web.HttpApplication.ExecuteStepImpl(IExecutionStep step)
   at System.Web.HttpApplication.ExecuteStep(IExecutionStep step, Boolean& completedSynchronously)
03:33:10.482 PM System.Web.Mvc The controller for path '/Cate/IsPermit' was not found or does not implement IController.
03:33:10.482 PM Stack: at System.Web.Mvc.DefaultControllerFactory.GetControllerInstance(RequestContext requestContext, Type controllerType)
   at System.Web.Mvc.MvcHandler.ProcessRequestInit(HttpContextBase httpContext, IController& controller, IControllerFactory& factory)
   at System.Web.Mvc.MvcHandler.BeginProcessRequest(HttpContextBase httpContext, AsyncCallback callback, Object state)
   at System.Web.HttpApplication.CallHandlerExecutionStep.System.Web.HttpApplication.IExecutionStep.Execute()
   at System.Web.HttpApplication.ExecuteStepImpl(IExecutionStep step)
   at System.Web.HttpApplication.ExecuteStep(IExecutionStep step, Boolean& completedSynchronously)
03:33:10.513 PM System.Web.Mvc The controller for path '/Cate/IsPermit' was not found or does not implement IController.
03:33:10.513 PM Stack: at System.Web.Mvc.DefaultControllerFactory.GetControllerInstance(RequestContext requestContext, Type controllerType)
   at System.Web.Mvc.MvcHandler.ProcessRequestInit(HttpContextBase httpContext, IController& controller, IControllerFactory& factory)
   at System.Web.Mvc.MvcHandler.BeginProcessRequest(HttpContextBase httpContext, AsyncCallback callback, Object state)
   at System.Web.HttpApplication.CallHandlerExecutionStep.System.Web.HttpApplication.IExecutionStep.Execute()
   at System.Web.HttpApplication.ExecuteStepImpl(IExecutionStep step)
   at System.Web.HttpApplication.ExecuteStep(IExecutionStep step, Boolean& completedSynchronously)
03:33:11.060 PM System.Web.Mvc The controller for path '/Cate/IsPermit' was not found or does not implement IController.
03:33:11.060 PM Stack: at System.Web.Mvc.DefaultControllerFactory.GetControllerInstance(RequestContext requestContext, Type controllerType)
   at System.Web.Mvc.MvcHandler.ProcessRequestInit(HttpContextBase httpContext, IController& controller, IControllerFactory& factory)
   at System.Web.Mvc.MvcHandler.BeginProcessRequest(HttpContextBase httpContext, AsyncCallback callback, Object state)
   at System.Web.HttpApplication.CallHandlerExecutionStep.System.Web.HttpApplication.IExecutionStep.Execute()
   at System.Web.HttpApplication.ExecuteStepImpl(IExecutionStep step)
   at System.Web.HttpApplication.ExecuteStep(IExecutionStep step, Boolean& completedSynchronously)
03:33:11.091 PM System.Web.Mvc The controller for path '/Cate/IsPermit' was not found or does not implement IController.
03:33:11.091 PM Stack: at System.Web.Mvc.DefaultControllerFactory.GetControllerInstance(RequestContext requestContext, Type controllerType)
   at System.Web.Mvc.MvcHandler.ProcessRequestInit(HttpContextBase httpContext, IController& controller, IControllerFactory& factory)
   at System.Web.Mvc.MvcHandler.BeginProcessRequest(HttpContextBase httpContext, AsyncCallback callback, Object state)
   at System.Web.HttpApplication.CallHandlerExecutionStep.System.Web.HttpApplication.IExecutionStep.Execute()
   at System.Web.HttpApplication.ExecuteStepImpl(IExecutionStep step)
   at System.Web.HttpApplication.ExecuteStep(IExecutionStep step, Boolean& completedSynchronously)
03:33:11.122 PM System.Web.Mvc The controller for path '/Cate/IsPermit' was not found or does not implement IController.
03:33:11.122 PM Stack: at System.Web.Mvc.DefaultControllerFactory.GetControllerInstance(RequestContext requestContext, Type controllerType)
   at System.Web.Mvc.MvcHandler.ProcessRequestInit(HttpContextBase httpContext, IController& controller, IControllerFactory& factory)
   at System.Web.Mvc.MvcHandler.BeginProcessRequest(HttpContextBase httpContext, AsyncCallback callback, Object state)
   at System.Web.HttpApplication.CallHandlerExecutionStep.System.Web.HttpApplication.IExecutionStep.Execute()
   at System.Web.HttpApplication.ExecuteStepImpl(IExecutionStep step)
   at System.Web.HttpApplication.ExecuteStep(IExecutionStep step, Boolean& completedSynchronously)
03:33:11.153 PM System.Web.Mvc The controller for path '/Cate/IsPermit' was not found or does not implement IController.
03:33:11.153 PM Stack: at System.Web.Mvc.DefaultControllerFactory.GetControllerInstance(RequestContext requestContext, Type controllerType)
   at System.Web.Mvc.MvcHandler.ProcessRequestInit(HttpContextBase httpContext, IController& controller, IControllerFactory& factory)
   at System.Web.Mvc.MvcHandler.BeginProcessRequest(HttpContextBase httpContext, AsyncCallback callback, Object state)
   at System.Web.HttpApplication.CallHandlerExecutionStep.System.Web.HttpApplication.IExecutionStep.Execute()
   at System.Web.HttpApplication.ExecuteStepImpl(IExecutionStep step)
   at System.Web.HttpApplication.ExecuteStep(IExecutionStep step, Boolean& completedSynchronously)
03:33:11.185 PM System.Web.Mvc The controller for path '/Cate/IsPermit' was not found or does not implement IController.
03:33:11.185 PM Stack: at System.Web.Mvc.DefaultControllerFactory.GetControllerInstance(RequestContext requestContext, Type controllerType)
   at System.Web.Mvc.MvcHandler.ProcessRequestInit(HttpContextBase httpContext, IController& controller, IControllerFactory& factory)
   at System.Web.Mvc.MvcHandler.BeginProcessRequest(HttpContextBase httpContext, AsyncCallback callback, Object state)
   at System.Web.HttpApplication.CallHandlerExecutionStep.System.Web.HttpApplication.IExecutionStep.Execute()
   at System.Web.HttpApplication.ExecuteStepImpl(IExecutionStep step)
   at System.Web.HttpApplication.ExecuteStep(IExecutionStep step, Boolean& completedSynchronously)
03:33:11.216 PM System.Web.Mvc The controller for path '/Cate/IsPermit' was not found or does not implement IController.
03:33:11.216 PM Stack: at System.Web.Mvc.DefaultControllerFactory.GetControllerInstance(RequestContext requestContext, Type controllerType)
   at System.Web.Mvc.MvcHandler.ProcessRequestInit(HttpContextBase httpContext, IController& controller, IControllerFactory& factory)
   at System.Web.Mvc.MvcHandler.BeginProcessRequest(HttpContextBase httpContext, AsyncCallback callback, Object state)
   at System.Web.HttpApplication.CallHandlerExecutionStep.System.Web.HttpApplication.IExecutionStep.Execute()
   at System.Web.HttpApplication.ExecuteStepImpl(IExecutionStep step)
   at System.Web.HttpApplication.ExecuteStep(IExecutionStep step, Boolean& completedSynchronously)
03:33:11.247 PM System.Web.Mvc The controller for path '/Cate/IsPermit' was not found or does not implement IController.
03:33:11.247 PM Stack: at System.Web.Mvc.DefaultControllerFactory.GetControllerInstance(RequestContext requestContext, Type controllerType)
   at System.Web.Mvc.MvcHandler.ProcessRequestInit(HttpContextBase httpContext, IController& controller, IControllerFactory& factory)
   at System.Web.Mvc.MvcHandler.BeginProcessRequest(HttpContextBase httpContext, AsyncCallback callback, Object state)
   at System.Web.HttpApplication.CallHandlerExecutionStep.System.Web.HttpApplication.IExecutionStep.Execute()
   at System.Web.HttpApplication.ExecuteStepImpl(IExecutionStep step)
   at System.Web.HttpApplication.ExecuteStep(IExecutionStep step, Boolean& completedSynchronously)
03:33:11.278 PM System.Web.Mvc The controller for path '/Cate/IsPermit' was not found or does not implement IController.
03:33:11.278 PM Stack: at System.Web.Mvc.DefaultControllerFactory.GetControllerInstance(RequestContext requestContext, Type controllerType)
   at System.Web.Mvc.MvcHandler.ProcessRequestInit(HttpContextBase httpContext, IController& controller, IControllerFactory& factory)
   at System.Web.Mvc.MvcHandler.BeginProcessRequest(HttpContextBase httpContext, AsyncCallback callback, Object state)
   at System.Web.HttpApplication.CallHandlerExecutionStep.System.Web.HttpApplication.IExecutionStep.Execute()
   at System.Web.HttpApplication.ExecuteStepImpl(IExecutionStep step)
   at System.Web.HttpApplication.ExecuteStep(IExecutionStep step, Boolean& completedSynchronously)
03:33:11.310 PM System.Web.Mvc The controller for path '/Cate/IsPermit' was not found or does not implement IController.
03:33:11.310 PM Stack: at System.Web.Mvc.DefaultControllerFactory.GetControllerInstance(RequestContext requestContext, Type controllerType)
   at System.Web.Mvc.MvcHandler.ProcessRequestInit(HttpContextBase httpContext, IController& controller, IControllerFactory& factory)
   at System.Web.Mvc.MvcHandler.BeginProcessRequest(HttpContextBase httpContext, AsyncCallback callback, Object state)
   at System.Web.HttpApplication.CallHandlerExecutionStep.System.Web.HttpApplication.IExecutionStep.Execute()
   at System.Web.HttpApplication.ExecuteStepImpl(IExecutionStep step)
   at System.Web.HttpApplication.ExecuteStep(IExecutionStep step, Boolean& completedSynchronously)
03:33:11.341 PM System.Web.Mvc The controller for path '/Cate/IsPermit' was not found or does not implement IController.
03:33:11.341 PM Stack: at System.Web.Mvc.DefaultControllerFactory.GetControllerInstance(RequestContext requestContext, Type controllerType)
   at System.Web.Mvc.MvcHandler.ProcessRequestInit(HttpContextBase httpContext, IController& controller, IControllerFactory& factory)
   at System.Web.Mvc.MvcHandler.BeginProcessRequest(HttpContextBase httpContext, AsyncCallback callback, Object state)
   at System.Web.HttpApplication.CallHandlerExecutionStep.System.Web.HttpApplication.IExecutionStep.Execute()
   at System.Web.HttpApplication.ExecuteStepImpl(IExecutionStep step)
   at System.Web.HttpApplication.ExecuteStep(IExecutionStep step, Boolean& completedSynchronously)
03:33:11.372 PM System.Web.Mvc The controller for path '/Cate/IsPermit' was not found or does not implement IController.
03:33:11.372 PM Stack: at System.Web.Mvc.DefaultControllerFactory.GetControllerInstance(RequestContext requestContext, Type controllerType)
   at System.Web.Mvc.MvcHandler.ProcessRequestInit(HttpContextBase httpContext, IController& controller, IControllerFactory& factory)
   at System.Web.Mvc.MvcHandler.BeginProcessRequest(HttpContextBase httpContext, AsyncCallback callback, Object state)
   at System.Web.HttpApplication.CallHandlerExecutionStep.System.Web.HttpApplication.IExecutionStep.Execute()
   at System.Web.HttpApplication.ExecuteStepImpl(IExecutionStep step)
   at System.Web.HttpApplication.ExecuteStep(IExecutionStep step, Boolean& completedSynchronously)
03:33:11.403 PM System.Web.Mvc The controller for path '/Cate/IsPermit' was not found or does not implement IController.
03:33:11.403 PM Stack: at System.Web.Mvc.DefaultControllerFactory.GetControllerInstance(RequestContext requestContext, Type controllerType)
   at System.Web.Mvc.MvcHandler.ProcessRequestInit(HttpContextBase httpContext, IController& controller, IControllerFactory& factory)
   at System.Web.Mvc.MvcHandler.BeginProcessRequest(HttpContextBase httpContext, AsyncCallback callback, Object state)
   at System.Web.HttpApplication.CallHandlerExecutionStep.System.Web.HttpApplication.IExecutionStep.Execute()
   at System.Web.HttpApplication.ExecuteStepImpl(IExecutionStep step)
   at System.Web.HttpApplication.ExecuteStep(IExecutionStep step, Boolean& completedSynchronously)
03:33:11.435 PM System.Web.Mvc The controller for path '/Cate/IsPermit' was not found or does not implement IController.
03:33:11.435 PM Stack: at System.Web.Mvc.DefaultControllerFactory.GetControllerInstance(RequestContext requestContext, Type controllerType)
   at System.Web.Mvc.MvcHandler.ProcessRequestInit(HttpContextBase httpContext, IController& controller, IControllerFactory& factory)
   at System.Web.Mvc.MvcHandler.BeginProcessRequest(HttpContextBase httpContext, AsyncCallback callback, Object state)
   at System.Web.HttpApplication.CallHandlerExecutionStep.System.Web.HttpApplication.IExecutionStep.Execute()
   at System.Web.HttpApplication.ExecuteStepImpl(IExecutionStep step)
   at System.Web.HttpApplication.ExecuteStep(IExecutionStep step, Boolean& completedSynchronously)
03:33:11.482 PM System.Web.Mvc The controller for path '/Cate/IsPermit' was not found or does not implement IController.
03:33:11.482 PM Stack: at System.Web.Mvc.DefaultControllerFactory.GetControllerInstance(RequestContext requestContext, Type controllerType)
   at System.Web.Mvc.MvcHandler.ProcessRequestInit(HttpContextBase httpContext, IController& controller, IControllerFactory& factory)
   at System.Web.Mvc.MvcHandler.BeginProcessRequest(HttpContextBase httpContext, AsyncCallback callback, Object state)
   at System.Web.HttpApplication.CallHandlerExecutionStep.System.Web.HttpApplication.IExecutionStep.Execute()
   at System.Web.HttpApplication.ExecuteStepImpl(IExecutionStep step)
   at System.Web.HttpApplication.ExecuteStep(IExecutionStep step, Boolean& completedSynchronously)
03:33:11.513 PM System.Web.Mvc The controller for path '/Cate/IsPermit' was not found or does not implement IController.
03:33:11.513 PM Stack: at System.Web.Mvc.DefaultControllerFactory.GetControllerInstance(RequestContext requestContext, Type controllerType)
   at System.Web.Mvc.MvcHandler.ProcessRequestInit(HttpContextBase httpContext, IController& controller, IControllerFactory& factory)
   at System.Web.Mvc.MvcHandler.BeginProcessRequest(HttpContextBase httpContext, AsyncCallback callback, Object state)
   at System.Web.HttpApplication.CallHandlerExecutionStep.System.Web.HttpApplication.IExecutionStep.Execute()
   at System.Web.HttpApplication.ExecuteStepImpl(IExecutionStep step)
   at System.Web.HttpApplication.ExecuteStep(IExecutionStep step, Boolean& completedSynchronously)
03:33:15.700 PM System.Web.Mvc The controller for path '/Cate/IsPermit' was not found or does not implement IController.
03:33:15.700 PM Stack: at System.Web.Mvc.DefaultControllerFactory.GetControllerInstance(RequestContext requestContext, Type controllerType)
   at System.Web.Mvc.MvcHandler.ProcessRequestInit(HttpContextBase httpContext, IController& controller, IControllerFactory& factory)
   at System.Web.Mvc.MvcHandler.BeginProcessRequest(HttpContextBase httpContext, AsyncCallback callback, Object state)
   at System.Web.HttpApplication.CallHandlerExecutionStep.System.Web.HttpApplication.IExecutionStep.Execute()
   at System.Web.HttpApplication.ExecuteStepImpl(IExecutionStep step)
   at System.Web.HttpApplication.ExecuteStep(IExecutionStep step, Boolean& completedSynchronously)
03:40:18.592 PM PushEmail START
03:40:18.623 PM IsOnline
03:40:18.623 PM {
  "Host": "email.vnpt.vn",
  "Port": 587,
  "UserCredential": "portal-noreply.kha@vnpt.vn",
  "UserCredentialName": "VNPT_CRM",
  "UPass": "G3g@Ht%H",
  "EnableSsl": false
}
03:40:19.576 PM PushEmail END
03:46:44.077 PM PushEmail START
03:46:44.092 PM IsOnline
03:46:44.092 PM {
  "Host": "email.vnpt.vn",
  "Port": 587,
  "UserCredential": "portal-noreply.kha@vnpt.vn",
  "UserCredentialName": "VNPT_CRM",
  "UPass": "G3g@Ht%H",
  "EnableSsl": false
}
03:46:44.967 PM PushEmail END
03:47:07.249 PM PushEmail START
03:47:07.280 PM IsOnline
03:47:07.280 PM {
  "Host": "email.vnpt.vn",
  "Port": 587,
  "UserCredential": "portal-noreply.kha@vnpt.vn",
  "UserCredentialName": "VNPT_CRM",
  "UPass": "G3g@Ht%H",
  "EnableSsl": false
}
03:47:08.155 PM PushEmail END
03:49:21.421 PM System.Web.Mvc The controller for path '/Cate/IsPermit' was not found or does not implement IController.
03:49:21.421 PM Stack: at System.Web.Mvc.DefaultControllerFactory.GetControllerInstance(RequestContext requestContext, Type controllerType)
   at System.Web.Mvc.MvcHandler.ProcessRequestInit(HttpContextBase httpContext, IController& controller, IControllerFactory& factory)
   at System.Web.Mvc.MvcHandler.BeginProcessRequest(HttpContextBase httpContext, AsyncCallback callback, Object state)
   at System.Web.HttpApplication.CallHandlerExecutionStep.System.Web.HttpApplication.IExecutionStep.Execute()
   at System.Web.HttpApplication.ExecuteStepImpl(IExecutionStep step)
   at System.Web.HttpApplication.ExecuteStep(IExecutionStep step, Boolean& completedSynchronously)
03:49:21.452 PM System.Web.Mvc The controller for path '/Cate/IsPermit' was not found or does not implement IController.
03:49:21.452 PM Stack: at System.Web.Mvc.DefaultControllerFactory.GetControllerInstance(RequestContext requestContext, Type controllerType)
   at System.Web.Mvc.MvcHandler.ProcessRequestInit(HttpContextBase httpContext, IController& controller, IControllerFactory& factory)
   at System.Web.Mvc.MvcHandler.BeginProcessRequest(HttpContextBase httpContext, AsyncCallback callback, Object state)
   at System.Web.HttpApplication.CallHandlerExecutionStep.System.Web.HttpApplication.IExecutionStep.Execute()
   at System.Web.HttpApplication.ExecuteStepImpl(IExecutionStep step)
   at System.Web.HttpApplication.ExecuteStep(IExecutionStep step, Boolean& completedSynchronously)
03:49:21.483 PM System.Web.Mvc The controller for path '/Cate/IsPermit' was not found or does not implement IController.
03:49:21.483 PM Stack: at System.Web.Mvc.DefaultControllerFactory.GetControllerInstance(RequestContext requestContext, Type controllerType)
   at System.Web.Mvc.MvcHandler.ProcessRequestInit(HttpContextBase httpContext, IController& controller, IControllerFactory& factory)
   at System.Web.Mvc.MvcHandler.BeginProcessRequest(HttpContextBase httpContext, AsyncCallback callback, Object state)
   at System.Web.HttpApplication.CallHandlerExecutionStep.System.Web.HttpApplication.IExecutionStep.Execute()
   at System.Web.HttpApplication.ExecuteStepImpl(IExecutionStep step)
   at System.Web.HttpApplication.ExecuteStep(IExecutionStep step, Boolean& completedSynchronously)
03:49:21.515 PM System.Web.Mvc The controller for path '/Cate/IsPermit' was not found or does not implement IController.
03:49:21.515 PM Stack: at System.Web.Mvc.DefaultControllerFactory.GetControllerInstance(RequestContext requestContext, Type controllerType)
   at System.Web.Mvc.MvcHandler.ProcessRequestInit(HttpContextBase httpContext, IController& controller, IControllerFactory& factory)
   at System.Web.Mvc.MvcHandler.BeginProcessRequest(HttpContextBase httpContext, AsyncCallback callback, Object state)
   at System.Web.HttpApplication.CallHandlerExecutionStep.System.Web.HttpApplication.IExecutionStep.Execute()
   at System.Web.HttpApplication.ExecuteStepImpl(IExecutionStep step)
   at System.Web.HttpApplication.ExecuteStep(IExecutionStep step, Boolean& completedSynchronously)
03:49:21.546 PM System.Web.Mvc The controller for path '/Cate/IsPermit' was not found or does not implement IController.
03:49:21.546 PM Stack: at System.Web.Mvc.DefaultControllerFactory.GetControllerInstance(RequestContext requestContext, Type controllerType)
   at System.Web.Mvc.MvcHandler.ProcessRequestInit(HttpContextBase httpContext, IController& controller, IControllerFactory& factory)
   at System.Web.Mvc.MvcHandler.BeginProcessRequest(HttpContextBase httpContext, AsyncCallback callback, Object state)
   at System.Web.HttpApplication.CallHandlerExecutionStep.System.Web.HttpApplication.IExecutionStep.Execute()
   at System.Web.HttpApplication.ExecuteStepImpl(IExecutionStep step)
   at System.Web.HttpApplication.ExecuteStep(IExecutionStep step, Boolean& completedSynchronously)
03:49:21.577 PM System.Web.Mvc The controller for path '/Cate/IsPermit' was not found or does not implement IController.
03:49:21.577 PM Stack: at System.Web.Mvc.DefaultControllerFactory.GetControllerInstance(RequestContext requestContext, Type controllerType)
   at System.Web.Mvc.MvcHandler.ProcessRequestInit(HttpContextBase httpContext, IController& controller, IControllerFactory& factory)
   at System.Web.Mvc.MvcHandler.BeginProcessRequest(HttpContextBase httpContext, AsyncCallback callback, Object state)
   at System.Web.HttpApplication.CallHandlerExecutionStep.System.Web.HttpApplication.IExecutionStep.Execute()
   at System.Web.HttpApplication.ExecuteStepImpl(IExecutionStep step)
   at System.Web.HttpApplication.ExecuteStep(IExecutionStep step, Boolean& completedSynchronously)
03:49:21.608 PM System.Web.Mvc The controller for path '/Cate/IsPermit' was not found or does not implement IController.
03:49:21.608 PM Stack: at System.Web.Mvc.DefaultControllerFactory.GetControllerInstance(RequestContext requestContext, Type controllerType)
   at System.Web.Mvc.MvcHandler.ProcessRequestInit(HttpContextBase httpContext, IController& controller, IControllerFactory& factory)
   at System.Web.Mvc.MvcHandler.BeginProcessRequest(HttpContextBase httpContext, AsyncCallback callback, Object state)
   at System.Web.HttpApplication.CallHandlerExecutionStep.System.Web.HttpApplication.IExecutionStep.Execute()
   at System.Web.HttpApplication.ExecuteStepImpl(IExecutionStep step)
   at System.Web.HttpApplication.ExecuteStep(IExecutionStep step, Boolean& completedSynchronously)
03:49:21.640 PM System.Web.Mvc The controller for path '/Cate/IsPermit' was not found or does not implement IController.
03:49:21.640 PM Stack: at System.Web.Mvc.DefaultControllerFactory.GetControllerInstance(RequestContext requestContext, Type controllerType)
   at System.Web.Mvc.MvcHandler.ProcessRequestInit(HttpContextBase httpContext, IController& controller, IControllerFactory& factory)
   at System.Web.Mvc.MvcHandler.BeginProcessRequest(HttpContextBase httpContext, AsyncCallback callback, Object state)
   at System.Web.HttpApplication.CallHandlerExecutionStep.System.Web.HttpApplication.IExecutionStep.Execute()
   at System.Web.HttpApplication.ExecuteStepImpl(IExecutionStep step)
   at System.Web.HttpApplication.ExecuteStep(IExecutionStep step, Boolean& completedSynchronously)
03:49:21.671 PM System.Web.Mvc The controller for path '/Cate/IsPermit' was not found or does not implement IController.
03:49:21.671 PM Stack: at System.Web.Mvc.DefaultControllerFactory.GetControllerInstance(RequestContext requestContext, Type controllerType)
   at System.Web.Mvc.MvcHandler.ProcessRequestInit(HttpContextBase httpContext, IController& controller, IControllerFactory& factory)
   at System.Web.Mvc.MvcHandler.BeginProcessRequest(HttpContextBase httpContext, AsyncCallback callback, Object state)
   at System.Web.HttpApplication.CallHandlerExecutionStep.System.Web.HttpApplication.IExecutionStep.Execute()
   at System.Web.HttpApplication.ExecuteStepImpl(IExecutionStep step)
   at System.Web.HttpApplication.ExecuteStep(IExecutionStep step, Boolean& completedSynchronously)
03:49:21.702 PM System.Web.Mvc The controller for path '/Cate/IsPermit' was not found or does not implement IController.
03:49:21.702 PM Stack: at System.Web.Mvc.DefaultControllerFactory.GetControllerInstance(RequestContext requestContext, Type controllerType)
   at System.Web.Mvc.MvcHandler.ProcessRequestInit(HttpContextBase httpContext, IController& controller, IControllerFactory& factory)
   at System.Web.Mvc.MvcHandler.BeginProcessRequest(HttpContextBase httpContext, AsyncCallback callback, Object state)
   at System.Web.HttpApplication.CallHandlerExecutionStep.System.Web.HttpApplication.IExecutionStep.Execute()
   at System.Web.HttpApplication.ExecuteStepImpl(IExecutionStep step)
   at System.Web.HttpApplication.ExecuteStep(IExecutionStep step, Boolean& completedSynchronously)
03:49:21.733 PM System.Web.Mvc The controller for path '/Cate/IsPermit' was not found or does not implement IController.
03:49:21.733 PM Stack: at System.Web.Mvc.DefaultControllerFactory.GetControllerInstance(RequestContext requestContext, Type controllerType)
   at System.Web.Mvc.MvcHandler.ProcessRequestInit(HttpContextBase httpContext, IController& controller, IControllerFactory& factory)
   at System.Web.Mvc.MvcHandler.BeginProcessRequest(HttpContextBase httpContext, AsyncCallback callback, Object state)
   at System.Web.HttpApplication.CallHandlerExecutionStep.System.Web.HttpApplication.IExecutionStep.Execute()
   at System.Web.HttpApplication.ExecuteStepImpl(IExecutionStep step)
   at System.Web.HttpApplication.ExecuteStep(IExecutionStep step, Boolean& completedSynchronously)
03:49:21.765 PM System.Web.Mvc The controller for path '/Cate/IsPermit' was not found or does not implement IController.
03:49:21.765 PM Stack: at System.Web.Mvc.DefaultControllerFactory.GetControllerInstance(RequestContext requestContext, Type controllerType)
   at System.Web.Mvc.MvcHandler.ProcessRequestInit(HttpContextBase httpContext, IController& controller, IControllerFactory& factory)
   at System.Web.Mvc.MvcHandler.BeginProcessRequest(HttpContextBase httpContext, AsyncCallback callback, Object state)
   at System.Web.HttpApplication.CallHandlerExecutionStep.System.Web.HttpApplication.IExecutionStep.Execute()
   at System.Web.HttpApplication.ExecuteStepImpl(IExecutionStep step)
   at System.Web.HttpApplication.ExecuteStep(IExecutionStep step, Boolean& completedSynchronously)
03:49:21.812 PM System.Web.Mvc The controller for path '/Cate/IsPermit' was not found or does not implement IController.
03:49:21.812 PM Stack: at System.Web.Mvc.DefaultControllerFactory.GetControllerInstance(RequestContext requestContext, Type controllerType)
   at System.Web.Mvc.MvcHandler.ProcessRequestInit(HttpContextBase httpContext, IController& controller, IControllerFactory& factory)
   at System.Web.Mvc.MvcHandler.BeginProcessRequest(HttpContextBase httpContext, AsyncCallback callback, Object state)
   at System.Web.HttpApplication.CallHandlerExecutionStep.System.Web.HttpApplication.IExecutionStep.Execute()
   at System.Web.HttpApplication.ExecuteStepImpl(IExecutionStep step)
   at System.Web.HttpApplication.ExecuteStep(IExecutionStep step, Boolean& completedSynchronously)
03:49:21.843 PM System.Web.Mvc The controller for path '/Cate/IsPermit' was not found or does not implement IController.
03:49:21.843 PM Stack: at System.Web.Mvc.DefaultControllerFactory.GetControllerInstance(RequestContext requestContext, Type controllerType)
   at System.Web.Mvc.MvcHandler.ProcessRequestInit(HttpContextBase httpContext, IController& controller, IControllerFactory& factory)
   at System.Web.Mvc.MvcHandler.BeginProcessRequest(HttpContextBase httpContext, AsyncCallback callback, Object state)
   at System.Web.HttpApplication.CallHandlerExecutionStep.System.Web.HttpApplication.IExecutionStep.Execute()
   at System.Web.HttpApplication.ExecuteStepImpl(IExecutionStep step)
   at System.Web.HttpApplication.ExecuteStep(IExecutionStep step, Boolean& completedSynchronously)
03:49:21.874 PM System.Web.Mvc The controller for path '/Cate/IsPermit' was not found or does not implement IController.
03:49:21.874 PM Stack: at System.Web.Mvc.DefaultControllerFactory.GetControllerInstance(RequestContext requestContext, Type controllerType)
   at System.Web.Mvc.MvcHandler.ProcessRequestInit(HttpContextBase httpContext, IController& controller, IControllerFactory& factory)
   at System.Web.Mvc.MvcHandler.BeginProcessRequest(HttpContextBase httpContext, AsyncCallback callback, Object state)
   at System.Web.HttpApplication.CallHandlerExecutionStep.System.Web.HttpApplication.IExecutionStep.Execute()
   at System.Web.HttpApplication.ExecuteStepImpl(IExecutionStep step)
   at System.Web.HttpApplication.ExecuteStep(IExecutionStep step, Boolean& completedSynchronously)
03:49:21.921 PM System.Web.Mvc The controller for path '/Cate/IsPermit' was not found or does not implement IController.
03:49:21.921 PM Stack: at System.Web.Mvc.DefaultControllerFactory.GetControllerInstance(RequestContext requestContext, Type controllerType)
   at System.Web.Mvc.MvcHandler.ProcessRequestInit(HttpContextBase httpContext, IController& controller, IControllerFactory& factory)
   at System.Web.Mvc.MvcHandler.BeginProcessRequest(HttpContextBase httpContext, AsyncCallback callback, Object state)
   at System.Web.HttpApplication.CallHandlerExecutionStep.System.Web.HttpApplication.IExecutionStep.Execute()
   at System.Web.HttpApplication.ExecuteStepImpl(IExecutionStep step)
   at System.Web.HttpApplication.ExecuteStep(IExecutionStep step, Boolean& completedSynchronously)
03:49:21.952 PM System.Web.Mvc The controller for path '/Cate/IsPermit' was not found or does not implement IController.
03:49:21.952 PM Stack: at System.Web.Mvc.DefaultControllerFactory.GetControllerInstance(RequestContext requestContext, Type controllerType)
   at System.Web.Mvc.MvcHandler.ProcessRequestInit(HttpContextBase httpContext, IController& controller, IControllerFactory& factory)
   at System.Web.Mvc.MvcHandler.BeginProcessRequest(HttpContextBase httpContext, AsyncCallback callback, Object state)
   at System.Web.HttpApplication.CallHandlerExecutionStep.System.Web.HttpApplication.IExecutionStep.Execute()
   at System.Web.HttpApplication.ExecuteStepImpl(IExecutionStep step)
   at System.Web.HttpApplication.ExecuteStep(IExecutionStep step, Boolean& completedSynchronously)
03:49:21.983 PM System.Web.Mvc The controller for path '/Cate/IsPermit' was not found or does not implement IController.
03:49:21.983 PM Stack: at System.Web.Mvc.DefaultControllerFactory.GetControllerInstance(RequestContext requestContext, Type controllerType)
   at System.Web.Mvc.MvcHandler.ProcessRequestInit(HttpContextBase httpContext, IController& controller, IControllerFactory& factory)
   at System.Web.Mvc.MvcHandler.BeginProcessRequest(HttpContextBase httpContext, AsyncCallback callback, Object state)
   at System.Web.HttpApplication.CallHandlerExecutionStep.System.Web.HttpApplication.IExecutionStep.Execute()
   at System.Web.HttpApplication.ExecuteStepImpl(IExecutionStep step)
   at System.Web.HttpApplication.ExecuteStep(IExecutionStep step, Boolean& completedSynchronously)
03:49:22.015 PM System.Web.Mvc The controller for path '/Cate/IsPermit' was not found or does not implement IController.
03:49:22.015 PM Stack: at System.Web.Mvc.DefaultControllerFactory.GetControllerInstance(RequestContext requestContext, Type controllerType)
   at System.Web.Mvc.MvcHandler.ProcessRequestInit(HttpContextBase httpContext, IController& controller, IControllerFactory& factory)
   at System.Web.Mvc.MvcHandler.BeginProcessRequest(HttpContextBase httpContext, AsyncCallback callback, Object state)
   at System.Web.HttpApplication.CallHandlerExecutionStep.System.Web.HttpApplication.IExecutionStep.Execute()
   at System.Web.HttpApplication.ExecuteStepImpl(IExecutionStep step)
   at System.Web.HttpApplication.ExecuteStep(IExecutionStep step, Boolean& completedSynchronously)
03:49:22.046 PM System.Web.Mvc The controller for path '/Cate/IsPermit' was not found or does not implement IController.
03:49:22.046 PM Stack: at System.Web.Mvc.DefaultControllerFactory.GetControllerInstance(RequestContext requestContext, Type controllerType)
   at System.Web.Mvc.MvcHandler.ProcessRequestInit(HttpContextBase httpContext, IController& controller, IControllerFactory& factory)
   at System.Web.Mvc.MvcHandler.BeginProcessRequest(HttpContextBase httpContext, AsyncCallback callback, Object state)
   at System.Web.HttpApplication.CallHandlerExecutionStep.System.Web.HttpApplication.IExecutionStep.Execute()
   at System.Web.HttpApplication.ExecuteStepImpl(IExecutionStep step)
   at System.Web.HttpApplication.ExecuteStep(IExecutionStep step, Boolean& completedSynchronously)
03:49:22.077 PM System.Web.Mvc The controller for path '/Cate/IsPermit' was not found or does not implement IController.
03:49:22.077 PM Stack: at System.Web.Mvc.DefaultControllerFactory.GetControllerInstance(RequestContext requestContext, Type controllerType)
   at System.Web.Mvc.MvcHandler.ProcessRequestInit(HttpContextBase httpContext, IController& controller, IControllerFactory& factory)
   at System.Web.Mvc.MvcHandler.BeginProcessRequest(HttpContextBase httpContext, AsyncCallback callback, Object state)
   at System.Web.HttpApplication.CallHandlerExecutionStep.System.Web.HttpApplication.IExecutionStep.Execute()
   at System.Web.HttpApplication.ExecuteStepImpl(IExecutionStep step)
   at System.Web.HttpApplication.ExecuteStep(IExecutionStep step, Boolean& completedSynchronously)
03:49:22.108 PM System.Web.Mvc The controller for path '/Cate/IsPermit' was not found or does not implement IController.
03:49:22.108 PM Stack: at System.Web.Mvc.DefaultControllerFactory.GetControllerInstance(RequestContext requestContext, Type controllerType)
   at System.Web.Mvc.MvcHandler.ProcessRequestInit(HttpContextBase httpContext, IController& controller, IControllerFactory& factory)
   at System.Web.Mvc.MvcHandler.BeginProcessRequest(HttpContextBase httpContext, AsyncCallback callback, Object state)
   at System.Web.HttpApplication.CallHandlerExecutionStep.System.Web.HttpApplication.IExecutionStep.Execute()
   at System.Web.HttpApplication.ExecuteStepImpl(IExecutionStep step)
   at System.Web.HttpApplication.ExecuteStep(IExecutionStep step, Boolean& completedSynchronously)
03:49:22.140 PM System.Web.Mvc The controller for path '/Cate/IsPermit' was not found or does not implement IController.
03:49:22.140 PM Stack: at System.Web.Mvc.DefaultControllerFactory.GetControllerInstance(RequestContext requestContext, Type controllerType)
   at System.Web.Mvc.MvcHandler.ProcessRequestInit(HttpContextBase httpContext, IController& controller, IControllerFactory& factory)
   at System.Web.Mvc.MvcHandler.BeginProcessRequest(HttpContextBase httpContext, AsyncCallback callback, Object state)
   at System.Web.HttpApplication.CallHandlerExecutionStep.System.Web.HttpApplication.IExecutionStep.Execute()
   at System.Web.HttpApplication.ExecuteStepImpl(IExecutionStep step)
   at System.Web.HttpApplication.ExecuteStep(IExecutionStep step, Boolean& completedSynchronously)
03:49:22.171 PM System.Web.Mvc The controller for path '/Cate/IsPermit' was not found or does not implement IController.
03:49:22.171 PM Stack: at System.Web.Mvc.DefaultControllerFactory.GetControllerInstance(RequestContext requestContext, Type controllerType)
   at System.Web.Mvc.MvcHandler.ProcessRequestInit(HttpContextBase httpContext, IController& controller, IControllerFactory& factory)
   at System.Web.Mvc.MvcHandler.BeginProcessRequest(HttpContextBase httpContext, AsyncCallback callback, Object state)
   at System.Web.HttpApplication.CallHandlerExecutionStep.System.Web.HttpApplication.IExecutionStep.Execute()
   at System.Web.HttpApplication.ExecuteStepImpl(IExecutionStep step)
   at System.Web.HttpApplication.ExecuteStep(IExecutionStep step, Boolean& completedSynchronously)
03:49:22.202 PM System.Web.Mvc The controller for path '/Cate/IsPermit' was not found or does not implement IController.
03:49:22.202 PM Stack: at System.Web.Mvc.DefaultControllerFactory.GetControllerInstance(RequestContext requestContext, Type controllerType)
   at System.Web.Mvc.MvcHandler.ProcessRequestInit(HttpContextBase httpContext, IController& controller, IControllerFactory& factory)
   at System.Web.Mvc.MvcHandler.BeginProcessRequest(HttpContextBase httpContext, AsyncCallback callback, Object state)
   at System.Web.HttpApplication.CallHandlerExecutionStep.System.Web.HttpApplication.IExecutionStep.Execute()
   at System.Web.HttpApplication.ExecuteStepImpl(IExecutionStep step)
   at System.Web.HttpApplication.ExecuteStep(IExecutionStep step, Boolean& completedSynchronously)
03:49:22.233 PM System.Web.Mvc The controller for path '/Cate/IsPermit' was not found or does not implement IController.
03:49:22.233 PM Stack: at System.Web.Mvc.DefaultControllerFactory.GetControllerInstance(RequestContext requestContext, Type controllerType)
   at System.Web.Mvc.MvcHandler.ProcessRequestInit(HttpContextBase httpContext, IController& controller, IControllerFactory& factory)
   at System.Web.Mvc.MvcHandler.BeginProcessRequest(HttpContextBase httpContext, AsyncCallback callback, Object state)
   at System.Web.HttpApplication.CallHandlerExecutionStep.System.Web.HttpApplication.IExecutionStep.Execute()
   at System.Web.HttpApplication.ExecuteStepImpl(IExecutionStep step)
   at System.Web.HttpApplication.ExecuteStep(IExecutionStep step, Boolean& completedSynchronously)
03:49:22.265 PM System.Web.Mvc The controller for path '/Cate/IsPermit' was not found or does not implement IController.
03:49:22.280 PM Stack: at System.Web.Mvc.DefaultControllerFactory.GetControllerInstance(RequestContext requestContext, Type controllerType)
   at System.Web.Mvc.MvcHandler.ProcessRequestInit(HttpContextBase httpContext, IController& controller, IControllerFactory& factory)
   at System.Web.Mvc.MvcHandler.BeginProcessRequest(HttpContextBase httpContext, AsyncCallback callback, Object state)
   at System.Web.HttpApplication.CallHandlerExecutionStep.System.Web.HttpApplication.IExecutionStep.Execute()
   at System.Web.HttpApplication.ExecuteStepImpl(IExecutionStep step)
   at System.Web.HttpApplication.ExecuteStep(IExecutionStep step, Boolean& completedSynchronously)
03:49:22.296 PM System.Web.Mvc The controller for path '/Cate/IsPermit' was not found or does not implement IController.
03:49:22.296 PM Stack: at System.Web.Mvc.DefaultControllerFactory.GetControllerInstance(RequestContext requestContext, Type controllerType)
   at System.Web.Mvc.MvcHandler.ProcessRequestInit(HttpContextBase httpContext, IController& controller, IControllerFactory& factory)
   at System.Web.Mvc.MvcHandler.BeginProcessRequest(HttpContextBase httpContext, AsyncCallback callback, Object state)
   at System.Web.HttpApplication.CallHandlerExecutionStep.System.Web.HttpApplication.IExecutionStep.Execute()
   at System.Web.HttpApplication.ExecuteStepImpl(IExecutionStep step)
   at System.Web.HttpApplication.ExecuteStep(IExecutionStep step, Boolean& completedSynchronously)
03:49:22.343 PM System.Web.Mvc The controller for path '/Cate/IsPermit' was not found or does not implement IController.
03:49:22.343 PM Stack: at System.Web.Mvc.DefaultControllerFactory.GetControllerInstance(RequestContext requestContext, Type controllerType)
   at System.Web.Mvc.MvcHandler.ProcessRequestInit(HttpContextBase httpContext, IController& controller, IControllerFactory& factory)
   at System.Web.Mvc.MvcHandler.BeginProcessRequest(HttpContextBase httpContext, AsyncCallback callback, Object state)
   at System.Web.HttpApplication.CallHandlerExecutionStep.System.Web.HttpApplication.IExecutionStep.Execute()
   at System.Web.HttpApplication.ExecuteStepImpl(IExecutionStep step)
   at System.Web.HttpApplication.ExecuteStep(IExecutionStep step, Boolean& completedSynchronously)
03:49:22.374 PM System.Web.Mvc The controller for path '/Cate/IsPermit' was not found or does not implement IController.
03:49:22.374 PM Stack: at System.Web.Mvc.DefaultControllerFactory.GetControllerInstance(RequestContext requestContext, Type controllerType)
   at System.Web.Mvc.MvcHandler.ProcessRequestInit(HttpContextBase httpContext, IController& controller, IControllerFactory& factory)
   at System.Web.Mvc.MvcHandler.BeginProcessRequest(HttpContextBase httpContext, AsyncCallback callback, Object state)
   at System.Web.HttpApplication.CallHandlerExecutionStep.System.Web.HttpApplication.IExecutionStep.Execute()
   at System.Web.HttpApplication.ExecuteStepImpl(IExecutionStep step)
   at System.Web.HttpApplication.ExecuteStep(IExecutionStep step, Boolean& completedSynchronously)
03:49:29.374 PM System.Web.Mvc The controller for path '/Cate/IsPermit' was not found or does not implement IController.
03:49:29.374 PM Stack: at System.Web.Mvc.DefaultControllerFactory.GetControllerInstance(RequestContext requestContext, Type controllerType)
   at System.Web.Mvc.MvcHandler.ProcessRequestInit(HttpContextBase httpContext, IController& controller, IControllerFactory& factory)
   at System.Web.Mvc.MvcHandler.BeginProcessRequest(HttpContextBase httpContext, AsyncCallback callback, Object state)
   at System.Web.HttpApplication.CallHandlerExecutionStep.System.Web.HttpApplication.IExecutionStep.Execute()
   at System.Web.HttpApplication.ExecuteStepImpl(IExecutionStep step)
   at System.Web.HttpApplication.ExecuteStep(IExecutionStep step, Boolean& completedSynchronously)
03:50:07.249 PM System.Web.Mvc The controller for path '/Cate/IsPermit' was not found or does not implement IController.
03:50:07.249 PM Stack: at System.Web.Mvc.DefaultControllerFactory.GetControllerInstance(RequestContext requestContext, Type controllerType)
   at System.Web.Mvc.MvcHandler.ProcessRequestInit(HttpContextBase httpContext, IController& controller, IControllerFactory& factory)
   at System.Web.Mvc.MvcHandler.BeginProcessRequest(HttpContextBase httpContext, AsyncCallback callback, Object state)
   at System.Web.HttpApplication.CallHandlerExecutionStep.System.Web.HttpApplication.IExecutionStep.Execute()
   at System.Web.HttpApplication.ExecuteStepImpl(IExecutionStep step)
   at System.Web.HttpApplication.ExecuteStep(IExecutionStep step, Boolean& completedSynchronously)
03:50:07.280 PM System.Web.Mvc The controller for path '/Cate/IsPermit' was not found or does not implement IController.
03:50:07.280 PM Stack: at System.Web.Mvc.DefaultControllerFactory.GetControllerInstance(RequestContext requestContext, Type controllerType)
   at System.Web.Mvc.MvcHandler.ProcessRequestInit(HttpContextBase httpContext, IController& controller, IControllerFactory& factory)
   at System.Web.Mvc.MvcHandler.BeginProcessRequest(HttpContextBase httpContext, AsyncCallback callback, Object state)
   at System.Web.HttpApplication.CallHandlerExecutionStep.System.Web.HttpApplication.IExecutionStep.Execute()
   at System.Web.HttpApplication.ExecuteStepImpl(IExecutionStep step)
   at System.Web.HttpApplication.ExecuteStep(IExecutionStep step, Boolean& completedSynchronously)
03:50:07.312 PM System.Web.Mvc The controller for path '/Cate/IsPermit' was not found or does not implement IController.
03:50:07.312 PM Stack: at System.Web.Mvc.DefaultControllerFactory.GetControllerInstance(RequestContext requestContext, Type controllerType)
   at System.Web.Mvc.MvcHandler.ProcessRequestInit(HttpContextBase httpContext, IController& controller, IControllerFactory& factory)
   at System.Web.Mvc.MvcHandler.BeginProcessRequest(HttpContextBase httpContext, AsyncCallback callback, Object state)
   at System.Web.HttpApplication.CallHandlerExecutionStep.System.Web.HttpApplication.IExecutionStep.Execute()
   at System.Web.HttpApplication.ExecuteStepImpl(IExecutionStep step)
   at System.Web.HttpApplication.ExecuteStep(IExecutionStep step, Boolean& completedSynchronously)
03:50:07.343 PM System.Web.Mvc The controller for path '/Cate/IsPermit' was not found or does not implement IController.
03:50:07.343 PM Stack: at System.Web.Mvc.DefaultControllerFactory.GetControllerInstance(RequestContext requestContext, Type controllerType)
   at System.Web.Mvc.MvcHandler.ProcessRequestInit(HttpContextBase httpContext, IController& controller, IControllerFactory& factory)
   at System.Web.Mvc.MvcHandler.BeginProcessRequest(HttpContextBase httpContext, AsyncCallback callback, Object state)
   at System.Web.HttpApplication.CallHandlerExecutionStep.System.Web.HttpApplication.IExecutionStep.Execute()
   at System.Web.HttpApplication.ExecuteStepImpl(IExecutionStep step)
   at System.Web.HttpApplication.ExecuteStep(IExecutionStep step, Boolean& completedSynchronously)
03:50:07.374 PM System.Web.Mvc The controller for path '/Cate/IsPermit' was not found or does not implement IController.
03:50:07.374 PM Stack: at System.Web.Mvc.DefaultControllerFactory.GetControllerInstance(RequestContext requestContext, Type controllerType)
   at System.Web.Mvc.MvcHandler.ProcessRequestInit(HttpContextBase httpContext, IController& controller, IControllerFactory& factory)
   at System.Web.Mvc.MvcHandler.BeginProcessRequest(HttpContextBase httpContext, AsyncCallback callback, Object state)
   at System.Web.HttpApplication.CallHandlerExecutionStep.System.Web.HttpApplication.IExecutionStep.Execute()
   at System.Web.HttpApplication.ExecuteStepImpl(IExecutionStep step)
   at System.Web.HttpApplication.ExecuteStep(IExecutionStep step, Boolean& completedSynchronously)
03:50:07.405 PM System.Web.Mvc The controller for path '/Cate/IsPermit' was not found or does not implement IController.
03:50:07.405 PM Stack: at System.Web.Mvc.DefaultControllerFactory.GetControllerInstance(RequestContext requestContext, Type controllerType)
   at System.Web.Mvc.MvcHandler.ProcessRequestInit(HttpContextBase httpContext, IController& controller, IControllerFactory& factory)
   at System.Web.Mvc.MvcHandler.BeginProcessRequest(HttpContextBase httpContext, AsyncCallback callback, Object state)
   at System.Web.HttpApplication.CallHandlerExecutionStep.System.Web.HttpApplication.IExecutionStep.Execute()
   at System.Web.HttpApplication.ExecuteStepImpl(IExecutionStep step)
   at System.Web.HttpApplication.ExecuteStep(IExecutionStep step, Boolean& completedSynchronously)
03:50:07.437 PM System.Web.Mvc The controller for path '/Cate/IsPermit' was not found or does not implement IController.
03:50:07.437 PM Stack: at System.Web.Mvc.DefaultControllerFactory.GetControllerInstance(RequestContext requestContext, Type controllerType)
   at System.Web.Mvc.MvcHandler.ProcessRequestInit(HttpContextBase httpContext, IController& controller, IControllerFactory& factory)
   at System.Web.Mvc.MvcHandler.BeginProcessRequest(HttpContextBase httpContext, AsyncCallback callback, Object state)
   at System.Web.HttpApplication.CallHandlerExecutionStep.System.Web.HttpApplication.IExecutionStep.Execute()
   at System.Web.HttpApplication.ExecuteStepImpl(IExecutionStep step)
   at System.Web.HttpApplication.ExecuteStep(IExecutionStep step, Boolean& completedSynchronously)
03:50:07.468 PM System.Web.Mvc The controller for path '/Cate/IsPermit' was not found or does not implement IController.
03:50:07.468 PM Stack: at System.Web.Mvc.DefaultControllerFactory.GetControllerInstance(RequestContext requestContext, Type controllerType)
   at System.Web.Mvc.MvcHandler.ProcessRequestInit(HttpContextBase httpContext, IController& controller, IControllerFactory& factory)
   at System.Web.Mvc.MvcHandler.BeginProcessRequest(HttpContextBase httpContext, AsyncCallback callback, Object state)
   at System.Web.HttpApplication.CallHandlerExecutionStep.System.Web.HttpApplication.IExecutionStep.Execute()
   at System.Web.HttpApplication.ExecuteStepImpl(IExecutionStep step)
   at System.Web.HttpApplication.ExecuteStep(IExecutionStep step, Boolean& completedSynchronously)
03:50:07.499 PM System.Web.Mvc The controller for path '/Cate/IsPermit' was not found or does not implement IController.
03:50:07.499 PM Stack: at System.Web.Mvc.DefaultControllerFactory.GetControllerInstance(RequestContext requestContext, Type controllerType)
   at System.Web.Mvc.MvcHandler.ProcessRequestInit(HttpContextBase httpContext, IController& controller, IControllerFactory& factory)
   at System.Web.Mvc.MvcHandler.BeginProcessRequest(HttpContextBase httpContext, AsyncCallback callback, Object state)
   at System.Web.HttpApplication.CallHandlerExecutionStep.System.Web.HttpApplication.IExecutionStep.Execute()
   at System.Web.HttpApplication.ExecuteStepImpl(IExecutionStep step)
   at System.Web.HttpApplication.ExecuteStep(IExecutionStep step, Boolean& completedSynchronously)
03:50:07.530 PM System.Web.Mvc The controller for path '/Cate/IsPermit' was not found or does not implement IController.
03:50:07.530 PM Stack: at System.Web.Mvc.DefaultControllerFactory.GetControllerInstance(RequestContext requestContext, Type controllerType)
   at System.Web.Mvc.MvcHandler.ProcessRequestInit(HttpContextBase httpContext, IController& controller, IControllerFactory& factory)
   at System.Web.Mvc.MvcHandler.BeginProcessRequest(HttpContextBase httpContext, AsyncCallback callback, Object state)
   at System.Web.HttpApplication.CallHandlerExecutionStep.System.Web.HttpApplication.IExecutionStep.Execute()
   at System.Web.HttpApplication.ExecuteStepImpl(IExecutionStep step)
   at System.Web.HttpApplication.ExecuteStep(IExecutionStep step, Boolean& completedSynchronously)
03:50:07.562 PM System.Web.Mvc The controller for path '/Cate/IsPermit' was not found or does not implement IController.
03:50:07.562 PM Stack: at System.Web.Mvc.DefaultControllerFactory.GetControllerInstance(RequestContext requestContext, Type controllerType)
   at System.Web.Mvc.MvcHandler.ProcessRequestInit(HttpContextBase httpContext, IController& controller, IControllerFactory& factory)
   at System.Web.Mvc.MvcHandler.BeginProcessRequest(HttpContextBase httpContext, AsyncCallback callback, Object state)
   at System.Web.HttpApplication.CallHandlerExecutionStep.System.Web.HttpApplication.IExecutionStep.Execute()
   at System.Web.HttpApplication.ExecuteStepImpl(IExecutionStep step)
   at System.Web.HttpApplication.ExecuteStep(IExecutionStep step, Boolean& completedSynchronously)
03:50:07.608 PM System.Web.Mvc The controller for path '/Cate/IsPermit' was not found or does not implement IController.
03:50:07.608 PM Stack: at System.Web.Mvc.DefaultControllerFactory.GetControllerInstance(RequestContext requestContext, Type controllerType)
   at System.Web.Mvc.MvcHandler.ProcessRequestInit(HttpContextBase httpContext, IController& controller, IControllerFactory& factory)
   at System.Web.Mvc.MvcHandler.BeginProcessRequest(HttpContextBase httpContext, AsyncCallback callback, Object state)
   at System.Web.HttpApplication.CallHandlerExecutionStep.System.Web.HttpApplication.IExecutionStep.Execute()
   at System.Web.HttpApplication.ExecuteStepImpl(IExecutionStep step)
   at System.Web.HttpApplication.ExecuteStep(IExecutionStep step, Boolean& completedSynchronously)
03:50:07.640 PM System.Web.Mvc The controller for path '/Cate/IsPermit' was not found or does not implement IController.
03:50:07.640 PM Stack: at System.Web.Mvc.DefaultControllerFactory.GetControllerInstance(RequestContext requestContext, Type controllerType)
   at System.Web.Mvc.MvcHandler.ProcessRequestInit(HttpContextBase httpContext, IController& controller, IControllerFactory& factory)
   at System.Web.Mvc.MvcHandler.BeginProcessRequest(HttpContextBase httpContext, AsyncCallback callback, Object state)
   at System.Web.HttpApplication.CallHandlerExecutionStep.System.Web.HttpApplication.IExecutionStep.Execute()
   at System.Web.HttpApplication.ExecuteStepImpl(IExecutionStep step)
   at System.Web.HttpApplication.ExecuteStep(IExecutionStep step, Boolean& completedSynchronously)
03:50:07.671 PM System.Web.Mvc The controller for path '/Cate/IsPermit' was not found or does not implement IController.
03:50:07.671 PM Stack: at System.Web.Mvc.DefaultControllerFactory.GetControllerInstance(RequestContext requestContext, Type controllerType)
   at System.Web.Mvc.MvcHandler.ProcessRequestInit(HttpContextBase httpContext, IController& controller, IControllerFactory& factory)
   at System.Web.Mvc.MvcHandler.BeginProcessRequest(HttpContextBase httpContext, AsyncCallback callback, Object state)
   at System.Web.HttpApplication.CallHandlerExecutionStep.System.Web.HttpApplication.IExecutionStep.Execute()
   at System.Web.HttpApplication.ExecuteStepImpl(IExecutionStep step)
   at System.Web.HttpApplication.ExecuteStep(IExecutionStep step, Boolean& completedSynchronously)
03:50:07.702 PM System.Web.Mvc The controller for path '/Cate/IsPermit' was not found or does not implement IController.
03:50:07.702 PM Stack: at System.Web.Mvc.DefaultControllerFactory.GetControllerInstance(RequestContext requestContext, Type controllerType)
   at System.Web.Mvc.MvcHandler.ProcessRequestInit(HttpContextBase httpContext, IController& controller, IControllerFactory& factory)
   at System.Web.Mvc.MvcHandler.BeginProcessRequest(HttpContextBase httpContext, AsyncCallback callback, Object state)
   at System.Web.HttpApplication.CallHandlerExecutionStep.System.Web.HttpApplication.IExecutionStep.Execute()
   at System.Web.HttpApplication.ExecuteStepImpl(IExecutionStep step)
   at System.Web.HttpApplication.ExecuteStep(IExecutionStep step, Boolean& completedSynchronously)
03:50:07.733 PM System.Web.Mvc The controller for path '/Cate/IsPermit' was not found or does not implement IController.
03:50:07.733 PM Stack: at System.Web.Mvc.DefaultControllerFactory.GetControllerInstance(RequestContext requestContext, Type controllerType)
   at System.Web.Mvc.MvcHandler.ProcessRequestInit(HttpContextBase httpContext, IController& controller, IControllerFactory& factory)
   at System.Web.Mvc.MvcHandler.BeginProcessRequest(HttpContextBase httpContext, AsyncCallback callback, Object state)
   at System.Web.HttpApplication.CallHandlerExecutionStep.System.Web.HttpApplication.IExecutionStep.Execute()
   at System.Web.HttpApplication.ExecuteStepImpl(IExecutionStep step)
   at System.Web.HttpApplication.ExecuteStep(IExecutionStep step, Boolean& completedSynchronously)
03:50:07.765 PM System.Web.Mvc The controller for path '/Cate/IsPermit' was not found or does not implement IController.
03:50:07.765 PM Stack: at System.Web.Mvc.DefaultControllerFactory.GetControllerInstance(RequestContext requestContext, Type controllerType)
   at System.Web.Mvc.MvcHandler.ProcessRequestInit(HttpContextBase httpContext, IController& controller, IControllerFactory& factory)
   at System.Web.Mvc.MvcHandler.BeginProcessRequest(HttpContextBase httpContext, AsyncCallback callback, Object state)
   at System.Web.HttpApplication.CallHandlerExecutionStep.System.Web.HttpApplication.IExecutionStep.Execute()
   at System.Web.HttpApplication.ExecuteStepImpl(IExecutionStep step)
   at System.Web.HttpApplication.ExecuteStep(IExecutionStep step, Boolean& completedSynchronously)
03:50:07.796 PM System.Web.Mvc The controller for path '/Cate/IsPermit' was not found or does not implement IController.
03:50:07.796 PM Stack: at System.Web.Mvc.DefaultControllerFactory.GetControllerInstance(RequestContext requestContext, Type controllerType)
   at System.Web.Mvc.MvcHandler.ProcessRequestInit(HttpContextBase httpContext, IController& controller, IControllerFactory& factory)
   at System.Web.Mvc.MvcHandler.BeginProcessRequest(HttpContextBase httpContext, AsyncCallback callback, Object state)
   at System.Web.HttpApplication.CallHandlerExecutionStep.System.Web.HttpApplication.IExecutionStep.Execute()
   at System.Web.HttpApplication.ExecuteStepImpl(IExecutionStep step)
   at System.Web.HttpApplication.ExecuteStep(IExecutionStep step, Boolean& completedSynchronously)
03:50:07.827 PM System.Web.Mvc The controller for path '/Cate/IsPermit' was not found or does not implement IController.
03:50:07.827 PM Stack: at System.Web.Mvc.DefaultControllerFactory.GetControllerInstance(RequestContext requestContext, Type controllerType)
   at System.Web.Mvc.MvcHandler.ProcessRequestInit(HttpContextBase httpContext, IController& controller, IControllerFactory& factory)
   at System.Web.Mvc.MvcHandler.BeginProcessRequest(HttpContextBase httpContext, AsyncCallback callback, Object state)
   at System.Web.HttpApplication.CallHandlerExecutionStep.System.Web.HttpApplication.IExecutionStep.Execute()
   at System.Web.HttpApplication.ExecuteStepImpl(IExecutionStep step)
   at System.Web.HttpApplication.ExecuteStep(IExecutionStep step, Boolean& completedSynchronously)
03:50:07.858 PM System.Web.Mvc The controller for path '/Cate/IsPermit' was not found or does not implement IController.
03:50:07.858 PM Stack: at System.Web.Mvc.DefaultControllerFactory.GetControllerInstance(RequestContext requestContext, Type controllerType)
   at System.Web.Mvc.MvcHandler.ProcessRequestInit(HttpContextBase httpContext, IController& controller, IControllerFactory& factory)
   at System.Web.Mvc.MvcHandler.BeginProcessRequest(HttpContextBase httpContext, AsyncCallback callback, Object state)
   at System.Web.HttpApplication.CallHandlerExecutionStep.System.Web.HttpApplication.IExecutionStep.Execute()
   at System.Web.HttpApplication.ExecuteStepImpl(IExecutionStep step)
   at System.Web.HttpApplication.ExecuteStep(IExecutionStep step, Boolean& completedSynchronously)
03:50:07.890 PM System.Web.Mvc The controller for path '/Cate/IsPermit' was not found or does not implement IController.
03:50:07.890 PM Stack: at System.Web.Mvc.DefaultControllerFactory.GetControllerInstance(RequestContext requestContext, Type controllerType)
   at System.Web.Mvc.MvcHandler.ProcessRequestInit(HttpContextBase httpContext, IController& controller, IControllerFactory& factory)
   at System.Web.Mvc.MvcHandler.BeginProcessRequest(HttpContextBase httpContext, AsyncCallback callback, Object state)
   at System.Web.HttpApplication.CallHandlerExecutionStep.System.Web.HttpApplication.IExecutionStep.Execute()
   at System.Web.HttpApplication.ExecuteStepImpl(IExecutionStep step)
   at System.Web.HttpApplication.ExecuteStep(IExecutionStep step, Boolean& completedSynchronously)
03:50:07.921 PM System.Web.Mvc The controller for path '/Cate/IsPermit' was not found or does not implement IController.
03:50:07.921 PM Stack: at System.Web.Mvc.DefaultControllerFactory.GetControllerInstance(RequestContext requestContext, Type controllerType)
   at System.Web.Mvc.MvcHandler.ProcessRequestInit(HttpContextBase httpContext, IController& controller, IControllerFactory& factory)
   at System.Web.Mvc.MvcHandler.BeginProcessRequest(HttpContextBase httpContext, AsyncCallback callback, Object state)
   at System.Web.HttpApplication.CallHandlerExecutionStep.System.Web.HttpApplication.IExecutionStep.Execute()
   at System.Web.HttpApplication.ExecuteStepImpl(IExecutionStep step)
   at System.Web.HttpApplication.ExecuteStep(IExecutionStep step, Boolean& completedSynchronously)
03:50:07.952 PM System.Web.Mvc The controller for path '/Cate/IsPermit' was not found or does not implement IController.
03:50:07.952 PM Stack: at System.Web.Mvc.DefaultControllerFactory.GetControllerInstance(RequestContext requestContext, Type controllerType)
   at System.Web.Mvc.MvcHandler.ProcessRequestInit(HttpContextBase httpContext, IController& controller, IControllerFactory& factory)
   at System.Web.Mvc.MvcHandler.BeginProcessRequest(HttpContextBase httpContext, AsyncCallback callback, Object state)
   at System.Web.HttpApplication.CallHandlerExecutionStep.System.Web.HttpApplication.IExecutionStep.Execute()
   at System.Web.HttpApplication.ExecuteStepImpl(IExecutionStep step)
   at System.Web.HttpApplication.ExecuteStep(IExecutionStep step, Boolean& completedSynchronously)
03:50:07.983 PM System.Web.Mvc The controller for path '/Cate/IsPermit' was not found or does not implement IController.
03:50:07.983 PM Stack: at System.Web.Mvc.DefaultControllerFactory.GetControllerInstance(RequestContext requestContext, Type controllerType)
   at System.Web.Mvc.MvcHandler.ProcessRequestInit(HttpContextBase httpContext, IController& controller, IControllerFactory& factory)
   at System.Web.Mvc.MvcHandler.BeginProcessRequest(HttpContextBase httpContext, AsyncCallback callback, Object state)
   at System.Web.HttpApplication.CallHandlerExecutionStep.System.Web.HttpApplication.IExecutionStep.Execute()
   at System.Web.HttpApplication.ExecuteStepImpl(IExecutionStep step)
   at System.Web.HttpApplication.ExecuteStep(IExecutionStep step, Boolean& completedSynchronously)
03:50:08.015 PM System.Web.Mvc The controller for path '/Cate/IsPermit' was not found or does not implement IController.
03:50:08.015 PM Stack: at System.Web.Mvc.DefaultControllerFactory.GetControllerInstance(RequestContext requestContext, Type controllerType)
   at System.Web.Mvc.MvcHandler.ProcessRequestInit(HttpContextBase httpContext, IController& controller, IControllerFactory& factory)
   at System.Web.Mvc.MvcHandler.BeginProcessRequest(HttpContextBase httpContext, AsyncCallback callback, Object state)
   at System.Web.HttpApplication.CallHandlerExecutionStep.System.Web.HttpApplication.IExecutionStep.Execute()
   at System.Web.HttpApplication.ExecuteStepImpl(IExecutionStep step)
   at System.Web.HttpApplication.ExecuteStep(IExecutionStep step, Boolean& completedSynchronously)
03:50:08.046 PM System.Web.Mvc The controller for path '/Cate/IsPermit' was not found or does not implement IController.
03:50:08.046 PM Stack: at System.Web.Mvc.DefaultControllerFactory.GetControllerInstance(RequestContext requestContext, Type controllerType)
   at System.Web.Mvc.MvcHandler.ProcessRequestInit(HttpContextBase httpContext, IController& controller, IControllerFactory& factory)
   at System.Web.Mvc.MvcHandler.BeginProcessRequest(HttpContextBase httpContext, AsyncCallback callback, Object state)
   at System.Web.HttpApplication.CallHandlerExecutionStep.System.Web.HttpApplication.IExecutionStep.Execute()
   at System.Web.HttpApplication.ExecuteStepImpl(IExecutionStep step)
   at System.Web.HttpApplication.ExecuteStep(IExecutionStep step, Boolean& completedSynchronously)
03:50:08.077 PM System.Web.Mvc The controller for path '/Cate/IsPermit' was not found or does not implement IController.
03:50:08.077 PM Stack: at System.Web.Mvc.DefaultControllerFactory.GetControllerInstance(RequestContext requestContext, Type controllerType)
   at System.Web.Mvc.MvcHandler.ProcessRequestInit(HttpContextBase httpContext, IController& controller, IControllerFactory& factory)
   at System.Web.Mvc.MvcHandler.BeginProcessRequest(HttpContextBase httpContext, AsyncCallback callback, Object state)
   at System.Web.HttpApplication.CallHandlerExecutionStep.System.Web.HttpApplication.IExecutionStep.Execute()
   at System.Web.HttpApplication.ExecuteStepImpl(IExecutionStep step)
   at System.Web.HttpApplication.ExecuteStep(IExecutionStep step, Boolean& completedSynchronously)
03:50:08.108 PM System.Web.Mvc The controller for path '/Cate/IsPermit' was not found or does not implement IController.
03:50:08.108 PM Stack: at System.Web.Mvc.DefaultControllerFactory.GetControllerInstance(RequestContext requestContext, Type controllerType)
   at System.Web.Mvc.MvcHandler.ProcessRequestInit(HttpContextBase httpContext, IController& controller, IControllerFactory& factory)
   at System.Web.Mvc.MvcHandler.BeginProcessRequest(HttpContextBase httpContext, AsyncCallback callback, Object state)
   at System.Web.HttpApplication.CallHandlerExecutionStep.System.Web.HttpApplication.IExecutionStep.Execute()
   at System.Web.HttpApplication.ExecuteStepImpl(IExecutionStep step)
   at System.Web.HttpApplication.ExecuteStep(IExecutionStep step, Boolean& completedSynchronously)
03:50:08.140 PM System.Web.Mvc The controller for path '/Cate/IsPermit' was not found or does not implement IController.
03:50:08.140 PM Stack: at System.Web.Mvc.DefaultControllerFactory.GetControllerInstance(RequestContext requestContext, Type controllerType)
   at System.Web.Mvc.MvcHandler.ProcessRequestInit(HttpContextBase httpContext, IController& controller, IControllerFactory& factory)
   at System.Web.Mvc.MvcHandler.BeginProcessRequest(HttpContextBase httpContext, AsyncCallback callback, Object state)
   at System.Web.HttpApplication.CallHandlerExecutionStep.System.Web.HttpApplication.IExecutionStep.Execute()
   at System.Web.HttpApplication.ExecuteStepImpl(IExecutionStep step)
   at System.Web.HttpApplication.ExecuteStep(IExecutionStep step, Boolean& completedSynchronously)
03:50:08.171 PM System.Web.Mvc The controller for path '/Cate/IsPermit' was not found or does not implement IController.
03:50:08.171 PM Stack: at System.Web.Mvc.DefaultControllerFactory.GetControllerInstance(RequestContext requestContext, Type controllerType)
   at System.Web.Mvc.MvcHandler.ProcessRequestInit(HttpContextBase httpContext, IController& controller, IControllerFactory& factory)
   at System.Web.Mvc.MvcHandler.BeginProcessRequest(HttpContextBase httpContext, AsyncCallback callback, Object state)
   at System.Web.HttpApplication.CallHandlerExecutionStep.System.Web.HttpApplication.IExecutionStep.Execute()
   at System.Web.HttpApplication.ExecuteStepImpl(IExecutionStep step)
   at System.Web.HttpApplication.ExecuteStep(IExecutionStep step, Boolean& completedSynchronously)
03:50:14.140 PM System.Web.Mvc The controller for path '/Cate/IsPermit' was not found or does not implement IController.
03:50:14.140 PM Stack: at System.Web.Mvc.DefaultControllerFactory.GetControllerInstance(RequestContext requestContext, Type controllerType)
   at System.Web.Mvc.MvcHandler.ProcessRequestInit(HttpContextBase httpContext, IController& controller, IControllerFactory& factory)
   at System.Web.Mvc.MvcHandler.BeginProcessRequest(HttpContextBase httpContext, AsyncCallback callback, Object state)
   at System.Web.HttpApplication.CallHandlerExecutionStep.System.Web.HttpApplication.IExecutionStep.Execute()
   at System.Web.HttpApplication.ExecuteStepImpl(IExecutionStep step)
   at System.Web.HttpApplication.ExecuteStep(IExecutionStep step, Boolean& completedSynchronously)
03:55:21.734 PM PushEmail START
03:55:21.765 PM IsOnline
03:55:21.765 PM {
  "Host": "email.vnpt.vn",
  "Port": 587,
  "UserCredential": "portal-noreply.kha@vnpt.vn",
  "UserCredentialName": "VNPT_CRM",
  "UPass": "G3g@Ht%H",
  "EnableSsl": false
}
03:55:23.343 PM PushEmail END
04:26:26.519 PM PushEmail START
04:26:26.534 PM IsOnline
04:26:26.534 PM {
  "Host": "email.vnpt.vn",
  "Port": 587,
  "UserCredential": "portal-noreply.kha@vnpt.vn",
  "UserCredentialName": "VNPT_CRM",
  "UPass": "G3g@Ht%H",
  "EnableSsl": false
}
04:26:27.519 PM PushEmail END
04:31:43.754 PM PushEmail START
04:31:43.769 PM IsOnline
04:31:43.769 PM {
  "Host": "email.vnpt.vn",
  "Port": 587,
  "UserCredential": "portal-noreply.kha@vnpt.vn",
  "UserCredentialName": "VNPT_CRM",
  "UPass": "G3g@Ht%H",
  "EnableSsl": false
}
04:31:44.832 PM PushEmail END
04:31:46.629 PM PushEmail START
04:31:46.644 PM IsOnline
04:31:46.660 PM {
  "Host": "email.vnpt.vn",
  "Port": 587,
  "UserCredential": "portal-noreply.kha@vnpt.vn",
  "UserCredentialName": "VNPT_CRM",
  "UPass": "G3g@Ht%H",
  "EnableSsl": false
}
04:31:47.801 PM PushEmail END
04:31:49.691 PM PushEmail START
04:31:49.707 PM IsOnline
04:31:49.722 PM {
  "Host": "email.vnpt.vn",
  "Port": 587,
  "UserCredential": "portal-noreply.kha@vnpt.vn",
  "UserCredentialName": "VNPT_CRM",
  "UPass": "G3g@Ht%H",
  "EnableSsl": false
}
04:31:51.957 PM PushEmail END
04:31:53.894 PM PushEmail START
04:31:53.910 PM IsOnline
04:31:53.910 PM {
  "Host": "email.vnpt.vn",
  "Port": 587,
  "UserCredential": "portal-noreply.kha@vnpt.vn",
  "UserCredentialName": "VNPT_CRM",
  "UPass": "G3g@Ht%H",
  "EnableSsl": false
}
04:31:55.066 PM PushEmail END
04:31:56.660 PM PushEmail START
04:31:56.676 PM IsOnline
04:31:56.676 PM {
  "Host": "email.vnpt.vn",
  "Port": 587,
  "UserCredential": "portal-noreply.kha@vnpt.vn",
  "UserCredentialName": "VNPT_CRM",
  "UPass": "G3g@Ht%H",
  "EnableSsl": false
}
04:31:57.894 PM PushEmail END
04:31:59.723 PM PushEmail START
04:31:59.738 PM IsOnline
04:31:59.754 PM {
  "Host": "email.vnpt.vn",
  "Port": 587,
  "UserCredential": "portal-noreply.kha@vnpt.vn",
  "UserCredentialName": "VNPT_CRM",
  "UPass": "G3g@Ht%H",
  "EnableSsl": false
}
04:32:00.738 PM PushEmail END
04:32:02.848 PM PushEmail START
04:32:02.863 PM IsOnline
04:32:02.863 PM {
  "Host": "email.vnpt.vn",
  "Port": 587,
  "UserCredential": "portal-noreply.kha@vnpt.vn",
  "UserCredentialName": "VNPT_CRM",
  "UPass": "G3g@Ht%H",
  "EnableSsl": false
}
04:32:04.129 PM PushEmail END
04:32:06.410 PM PushEmail START
04:32:06.441 PM IsOnline
04:32:06.441 PM {
  "Host": "email.vnpt.vn",
  "Port": 587,
  "UserCredential": "portal-noreply.kha@vnpt.vn",
  "UserCredentialName": "VNPT_CRM",
  "UPass": "G3g@Ht%H",
  "EnableSsl": false
}
04:32:07.644 PM PushEmail END
04:32:09.707 PM PushEmail START
04:32:09.738 PM IsOnline
04:32:09.738 PM {
  "Host": "email.vnpt.vn",
  "Port": 587,
  "UserCredential": "portal-noreply.kha@vnpt.vn",
  "UserCredentialName": "VNPT_CRM",
  "UPass": "G3g@Ht%H",
  "EnableSsl": false
}
04:32:10.707 PM PushEmail END
04:32:12.379 PM PushEmail START
04:32:12.394 PM IsOnline
04:32:12.394 PM {
  "Host": "email.vnpt.vn",
  "Port": 587,
  "UserCredential": "portal-noreply.kha@vnpt.vn",
  "UserCredentialName": "VNPT_CRM",
  "UPass": "G3g@Ht%H",
  "EnableSsl": false
}
04:32:13.332 PM PushEmail END
04:32:15.004 PM PushEmail START
04:32:15.019 PM IsOnline
04:32:15.019 PM {
  "Host": "email.vnpt.vn",
  "Port": 587,
  "UserCredential": "portal-noreply.kha@vnpt.vn",
  "UserCredentialName": "VNPT_CRM",
  "UPass": "G3g@Ht%H",
  "EnableSsl": false
}
04:32:16.613 PM PushEmail END
04:32:18.801 PM PushEmail START
04:32:18.816 PM IsOnline
04:32:18.816 PM {
  "Host": "email.vnpt.vn",
  "Port": 587,
  "UserCredential": "portal-noreply.kha@vnpt.vn",
  "UserCredentialName": "VNPT_CRM",
  "UPass": "G3g@Ht%H",
  "EnableSsl": false
}
04:32:19.738 PM PushEmail END
04:32:21.285 PM PushEmail START
04:32:21.301 PM IsOnline
04:32:21.301 PM {
  "Host": "email.vnpt.vn",
  "Port": 587,
  "UserCredential": "portal-noreply.kha@vnpt.vn",
  "UserCredentialName": "VNPT_CRM",
  "UPass": "G3g@Ht%H",
  "EnableSsl": false
}
04:32:22.316 PM PushEmail END
04:32:23.988 PM PushEmail START
04:32:24.004 PM IsOnline
04:32:24.004 PM {
  "Host": "email.vnpt.vn",
  "Port": 587,
  "UserCredential": "portal-noreply.kha@vnpt.vn",
  "UserCredentialName": "VNPT_CRM",
  "UPass": "G3g@Ht%H",
  "EnableSsl": false
}
04:32:24.910 PM PushEmail END
04:32:27.019 PM PushEmail START
04:32:27.035 PM IsOnline
04:32:27.035 PM {
  "Host": "email.vnpt.vn",
  "Port": 587,
  "UserCredential": "portal-noreply.kha@vnpt.vn",
  "UserCredentialName": "VNPT_CRM",
  "UPass": "G3g@Ht%H",
  "EnableSsl": false
}
04:32:27.941 PM PushEmail END
04:35:02.926 PM PushEmail START
04:35:02.942 PM IsOnline
04:35:02.957 PM {
  "Host": "email.vnpt.vn",
  "Port": 587,
  "UserCredential": "portal-noreply.kha@vnpt.vn",
  "UserCredentialName": "VNPT_CRM",
  "UPass": "G3g@Ht%H",
  "EnableSsl": false
}
04:35:03.863 PM PushEmail END
04:35:05.676 PM PushEmail START
04:35:05.692 PM IsOnline
04:35:05.707 PM {
  "Host": "email.vnpt.vn",
  "Port": 587,
  "UserCredential": "portal-noreply.kha@vnpt.vn",
  "UserCredentialName": "VNPT_CRM",
  "UPass": "G3g@Ht%H",
  "EnableSsl": false
}
04:35:07.223 PM PushEmail END
04:35:08.988 PM PushEmail START
04:35:09.004 PM IsOnline
04:35:09.020 PM {
  "Host": "email.vnpt.vn",
  "Port": 587,
  "UserCredential": "portal-noreply.kha@vnpt.vn",
  "UserCredentialName": "VNPT_CRM",
  "UPass": "G3g@Ht%H",
  "EnableSsl": false
}
04:35:09.863 PM PushEmail END
04:35:11.613 PM PushEmail START
04:35:11.629 PM IsOnline
04:35:11.629 PM {
  "Host": "email.vnpt.vn",
  "Port": 587,
  "UserCredential": "portal-noreply.kha@vnpt.vn",
  "UserCredentialName": "VNPT_CRM",
  "UPass": "G3g@Ht%H",
  "EnableSsl": false
}
04:35:12.520 PM PushEmail END
04:35:14.113 PM PushEmail START
04:35:14.129 PM IsOnline
04:35:14.145 PM {
  "Host": "email.vnpt.vn",
  "Port": 587,
  "UserCredential": "portal-noreply.kha@vnpt.vn",
  "UserCredentialName": "VNPT_CRM",
  "UPass": "G3g@Ht%H",
  "EnableSsl": false
}
04:35:15.270 PM PushEmail END
04:35:16.957 PM PushEmail START
04:35:16.973 PM IsOnline
04:35:16.988 PM {
  "Host": "email.vnpt.vn",
  "Port": 587,
  "UserCredential": "portal-noreply.kha@vnpt.vn",
  "UserCredentialName": "VNPT_CRM",
  "UPass": "G3g@Ht%H",
  "EnableSsl": false
}
04:35:17.879 PM PushEmail END
04:35:19.770 PM PushEmail START
04:35:19.785 PM IsOnline
04:35:19.785 PM {
  "Host": "email.vnpt.vn",
  "Port": 587,
  "UserCredential": "portal-noreply.kha@vnpt.vn",
  "UserCredentialName": "VNPT_CRM",
  "UPass": "G3g@Ht%H",
  "EnableSsl": false
}
04:35:20.957 PM PushEmail END
04:35:22.754 PM PushEmail START
04:35:22.770 PM IsOnline
04:35:22.770 PM {
  "Host": "email.vnpt.vn",
  "Port": 587,
  "UserCredential": "portal-noreply.kha@vnpt.vn",
  "UserCredentialName": "VNPT_CRM",
  "UPass": "G3g@Ht%H",
  "EnableSsl": false
}
04:35:23.910 PM PushEmail END
04:35:25.676 PM PushEmail START
04:35:25.692 PM IsOnline
04:35:25.692 PM {
  "Host": "email.vnpt.vn",
  "Port": 587,
  "UserCredential": "portal-noreply.kha@vnpt.vn",
  "UserCredentialName": "VNPT_CRM",
  "UPass": "G3g@Ht%H",
  "EnableSsl": false
}
04:35:26.660 PM PushEmail END
04:35:28.364 PM PushEmail START
04:35:28.379 PM IsOnline
04:35:28.395 PM {
  "Host": "email.vnpt.vn",
  "Port": 587,
  "UserCredential": "portal-noreply.kha@vnpt.vn",
  "UserCredentialName": "VNPT_CRM",
  "UPass": "G3g@Ht%H",
  "EnableSsl": false
}
04:35:29.317 PM PushEmail END
04:41:57.208 PM System.Web.Mvc The view 'Error' or its master was not found or no view engine supports the searched locations. The following locations were searched:
~/Areas/Cate/Views/TaskManagement/Error.aspx
~/Areas/Cate/Views/TaskManagement/Error.ascx
~/Areas/Cate/Views/Shared/Error.aspx
~/Areas/Cate/Views/Shared/Error.ascx
~/Views/TaskManagement/Error.aspx
~/Views/TaskManagement/Error.ascx
~/Views/Shared/Error.aspx
~/Views/Shared/Error.ascx
~/Areas/Cate/Views/TaskManagement/Error.cshtml
~/Areas/Cate/Views/TaskManagement/Error.vbhtml
~/Areas/Cate/Views/Shared/Error.cshtml
~/Areas/Cate/Views/Shared/Error.vbhtml
~/Views/TaskManagement/Error.cshtml
~/Views/TaskManagement/Error.vbhtml
~/Views/Shared/Error.cshtml
~/Views/Shared/Error.vbhtml
04:41:57.208 PM Stack: at System.Web.Mvc.ViewResult.FindView(ControllerContext context)
   at System.Web.Mvc.ViewResultBase.ExecuteResult(ControllerContext context)
   at System.Web.Mvc.Async.AsyncControllerActionInvoker.<>c__DisplayClass3_1.<BeginInvokeAction>b__1(IAsyncResult asyncResult)
   at System.Web.Mvc.Async.AsyncControllerActionInvoker.EndInvokeAction(IAsyncResult asyncResult)
   at System.Web.Mvc.Controller.<>c.<BeginExecuteCore>b__152_1(IAsyncResult asyncResult, ExecuteCoreState innerState)
   at System.Web.Mvc.Async.AsyncResultWrapper.WrappedAsyncVoid`1.CallEndDelegate(IAsyncResult asyncResult)
   at System.Web.Mvc.Controller.EndExecuteCore(IAsyncResult asyncResult)
   at System.Web.Mvc.Async.AsyncResultWrapper.WrappedAsyncVoid`1.CallEndDelegate(IAsyncResult asyncResult)
   at System.Web.Mvc.Controller.EndExecute(IAsyncResult asyncResult)
   at System.Web.Mvc.MvcHandler.<>c.<BeginProcessRequest>b__20_1(IAsyncResult asyncResult, ProcessRequestState innerState)
   at System.Web.Mvc.Async.AsyncResultWrapper.WrappedAsyncVoid`1.CallEndDelegate(IAsyncResult asyncResult)
   at System.Web.Mvc.MvcHandler.EndProcessRequest(IAsyncResult asyncResult)
   at System.Web.HttpApplication.CallHandlerExecutionStep.System.Web.HttpApplication.IExecutionStep.Execute()
   at System.Web.HttpApplication.ExecuteStepImpl(IExecutionStep step)
   at System.Web.HttpApplication.ExecuteStep(IExecutionStep step, Boolean& completedSynchronously)
06:29:42.954 PM PushEmail START
06:29:42.970 PM IsOnline
06:29:42.986 PM {
  "Host": "email.vnpt.vn",
  "Port": 587,
  "UserCredential": "portal-noreply.kha@vnpt.vn",
  "UserCredentialName": "VNPT_CRM",
  "UPass": "G3g@Ht%H",
  "EnableSsl": false
}
06:29:43.861 PM PushEmail END
06:29:45.986 PM PushEmail START
06:29:46.001 PM IsOnline
06:29:46.001 PM {
  "Host": "email.vnpt.vn",
  "Port": 587,
  "UserCredential": "portal-noreply.kha@vnpt.vn",
  "UserCredentialName": "VNPT_CRM",
  "UPass": "G3g@Ht%H",
  "EnableSsl": false
}
06:29:46.861 PM PushEmail END
06:29:48.517 PM PushEmail START
06:29:48.532 PM IsOnline
06:29:48.532 PM {
  "Host": "email.vnpt.vn",
  "Port": 587,
  "UserCredential": "portal-noreply.kha@vnpt.vn",
  "UserCredentialName": "VNPT_CRM",
  "UPass": "G3g@Ht%H",
  "EnableSsl": false
}
06:29:49.407 PM PushEmail END
06:29:51.048 PM PushEmail START
06:29:51.064 PM IsOnline
06:29:51.064 PM {
  "Host": "email.vnpt.vn",
  "Port": 587,
  "UserCredential": "portal-noreply.kha@vnpt.vn",
  "UserCredentialName": "VNPT_CRM",
  "UPass": "G3g@Ht%H",
  "EnableSsl": false
}
06:29:52.001 PM PushEmail END
06:29:53.564 PM PushEmail START
06:29:53.579 PM IsOnline
06:29:53.579 PM {
  "Host": "email.vnpt.vn",
  "Port": 587,
  "UserCredential": "portal-noreply.kha@vnpt.vn",
  "UserCredentialName": "VNPT_CRM",
  "UPass": "G3g@Ht%H",
  "EnableSsl": false
}
06:29:54.642 PM PushEmail END
06:29:56.173 PM PushEmail START
06:29:56.189 PM IsOnline
06:29:56.189 PM {
  "Host": "email.vnpt.vn",
  "Port": 587,
  "UserCredential": "portal-noreply.kha@vnpt.vn",
  "UserCredentialName": "VNPT_CRM",
  "UPass": "G3g@Ht%H",
  "EnableSsl": false
}
06:29:57.204 PM PushEmail END
06:29:59.048 PM PushEmail START
06:29:59.064 PM IsOnline
06:29:59.064 PM {
  "Host": "email.vnpt.vn",
  "Port": 587,
  "UserCredential": "portal-noreply.kha@vnpt.vn",
  "UserCredentialName": "VNPT_CRM",
  "UPass": "G3g@Ht%H",
  "EnableSsl": false
}
06:30:00.579 PM PushEmail END
06:30:02.579 PM PushEmail START
06:30:02.595 PM IsOnline
06:30:02.595 PM {
  "Host": "email.vnpt.vn",
  "Port": 587,
  "UserCredential": "portal-noreply.kha@vnpt.vn",
  "UserCredentialName": "VNPT_CRM",
  "UPass": "G3g@Ht%H",
  "EnableSsl": false
}
06:30:03.532 PM PushEmail END
06:30:05.407 PM PushEmail START
06:30:05.423 PM IsOnline
06:30:05.423 PM {
  "Host": "email.vnpt.vn",
  "Port": 587,
  "UserCredential": "portal-noreply.kha@vnpt.vn",
  "UserCredentialName": "VNPT_CRM",
  "UPass": "G3g@Ht%H",
  "EnableSsl": false
}
06:30:06.314 PM PushEmail END
06:30:08.017 PM PushEmail START
06:30:08.032 PM IsOnline
06:30:08.048 PM {
  "Host": "email.vnpt.vn",
  "Port": 587,
  "UserCredential": "portal-noreply.kha@vnpt.vn",
  "UserCredentialName": "VNPT_CRM",
  "UPass": "G3g@Ht%H",
  "EnableSsl": false
}
06:30:09.017 PM PushEmail END
06:30:10.970 PM PushEmail START
06:30:10.986 PM IsOnline
06:30:10.986 PM {
  "Host": "email.vnpt.vn",
  "Port": 587,
  "UserCredential": "portal-noreply.kha@vnpt.vn",
  "UserCredentialName": "VNPT_CRM",
  "UPass": "G3g@Ht%H",
  "EnableSsl": false
}
06:30:12.486 PM PushEmail END
06:30:14.564 PM PushEmail START
06:30:14.579 PM IsOnline
06:30:14.579 PM {
  "Host": "email.vnpt.vn",
  "Port": 587,
  "UserCredential": "portal-noreply.kha@vnpt.vn",
  "UserCredentialName": "VNPT_CRM",
  "UPass": "G3g@Ht%H",
  "EnableSsl": false
}
06:30:15.486 PM PushEmail END
06:30:17.501 PM PushEmail START
06:30:17.517 PM IsOnline
06:30:17.533 PM {
  "Host": "email.vnpt.vn",
  "Port": 587,
  "UserCredential": "portal-noreply.kha@vnpt.vn",
  "UserCredentialName": "VNPT_CRM",
  "UPass": "G3g@Ht%H",
  "EnableSsl": false
}
06:30:18.454 PM PushEmail END
06:30:20.298 PM PushEmail START
06:30:20.314 PM IsOnline
06:30:20.314 PM {
  "Host": "email.vnpt.vn",
  "Port": 587,
  "UserCredential": "portal-noreply.kha@vnpt.vn",
  "UserCredentialName": "VNPT_CRM",
  "UPass": "G3g@Ht%H",
  "EnableSsl": false
}
06:30:22.423 PM PushEmail END
10:37:01.138 PM System.Web Server cannot set status after HTTP headers have been sent.
10:37:01.138 PM Stack: at System.Web.HttpResponse.set_StatusCode(Int32 value)
   at System.Web.Mvc.HandleErrorAttribute.OnException(ExceptionContext filterContext)
   at System.Web.Mvc.ControllerActionInvoker.InvokeExceptionFilters(ControllerContext controllerContext, IList`1 filters, Exception exception)
   at System.Web.Mvc.Async.AsyncControllerActionInvoker.<>c__DisplayClass3_1.<BeginInvokeAction>b__1(IAsyncResult asyncResult)
   at System.Web.Mvc.Async.AsyncControllerActionInvoker.EndInvokeAction(IAsyncResult asyncResult)
   at System.Web.Mvc.Controller.<>c.<BeginExecuteCore>b__152_1(IAsyncResult asyncResult, ExecuteCoreState innerState)
   at System.Web.Mvc.Async.AsyncResultWrapper.WrappedAsyncVoid`1.CallEndDelegate(IAsyncResult asyncResult)
   at System.Web.Mvc.Controller.EndExecuteCore(IAsyncResult asyncResult)
   at System.Web.Mvc.Async.AsyncResultWrapper.WrappedAsyncVoid`1.CallEndDelegate(IAsyncResult asyncResult)
   at System.Web.Mvc.Controller.EndExecute(IAsyncResult asyncResult)
   at System.Web.Mvc.MvcHandler.<>c.<BeginProcessRequest>b__20_1(IAsyncResult asyncResult, ProcessRequestState innerState)
   at System.Web.Mvc.Async.AsyncResultWrapper.WrappedAsyncVoid`1.CallEndDelegate(IAsyncResult asyncResult)
   at System.Web.Mvc.MvcHandler.EndProcessRequest(IAsyncResult asyncResult)
   at System.Web.HttpApplication.CallHandlerExecutionStep.System.Web.HttpApplication.IExecutionStep.Execute()
   at System.Web.HttpApplication.ExecuteStepImpl(IExecutionStep step)
   at System.Web.HttpApplication.ExecuteStep(IExecutionStep step, Boolean& completedSynchronously)
